Workbook

Sheet Guidelines
A1: CO–PO MAPPING: ASSESSMENT TYPE METHOD (Test Items + Assessment Items) — Auto-Calculation Workbook
A2: Based on: NBA OBE Guidelines | Method C: Assessment Type / Depth Method
A4: TWO ASSESSMENT CATEGORIES (from CO-PO Mapping Guidelines Document — Section C)
A5: CATEGORY 1: TEST ITEMS (TI) — Formal Written Examinations | F5: CATEGORY 2: ASSESSMENT ITEMS (AI) — Activity / Performance Based
A6: TI1: Mid-Term Exam | TI2: End-Term Exam | TI3: Class Test | TI4: Surprise Test | TI5: University Theory Exam | F6: AI1: Quiz | AI2: Assignment Problems | AI3: Simulation | AI4: Laboratory Experiments | AI5: Projects (Mini/Major) | AI6: Field Work | AI7: Report / Presentation | AI8: Tutorials | AI9: Activities (Seminar/Workshop)
A8: MAPPING LEVEL CRITERIA (Test Items + Assessment Items Combination)
A9: Level | B9: Symbol | C9: TI Count | D9: AI Count | E9: Condition | F9: Meaning | G9: Example
A10: No Mapping | B10: — | C10: 1 | D10: 0 | E10: TI=1 OR Nil | F10: Very weak / no evidence | G10: Only one class test, no activity
A11: Low | B11: 1 | C11: 2 | D11: 0 | E11: TI=2 OR AI=1 | F11: Limited eval: only theory OR one activity | G11: Mid+End exams only OR one assignment only
A12: Medium | B12: 2 | C12: 2 | D12: 1 | E12: TI=2 + AI=1 OR AI=2 | F12: Moderate depth: theory + one activity OR two activities | G12: Mid+End+Assignment OR Quiz+Lab experiment
A13: High | B13: 3 | C13: 2 | D13: 2+ | E13: TI=2 + AI≥2 | F13: Comprehensive: theory + multiple activities | G13: Mid+End+Assignment+Lab+Project+Seminar
A15: EXCEL FORMULA LOGIC USED IN THIS WORKBOOK
A16: Step | B16: Formula / Logic | C16: Notes
A17: TI Count | B17: COUNTIF(TI column range for that row, 1) | C17: Counts how many Test Items are marked 1 (Used)
A18: AI Count | B18: COUNTIF(AI column range for that row, 1) | C18: Counts how many Assessment Items are marked 1 (Used)
A19: Mapping Level | B19: IF(AND(TI>=2, AI>=2), 3, IF(OR(AND(TI>=2, AI=1), AI>=2), 2, IF(OR(TI>=2, AI>=1), 1, 0))) | C19: 0=No Map | 1=Low | 2=Medium | 3=High (see criteria table above)
A20: Symbol | B20: IF(level = 0, "—", TEXT(level, "0")) | C20: Displayed in matrix
A21: PO Mapping | B21: IF(CO relevant to PO AND level > 0, TEXT(level,"0"), "—") | C21: Gated by CO-PO relevance flag
A23: RELATIONSHIP WITH BLOOM'S TAXONOMY (from guidelines document)
A24: Assessment Type | B24: Bloom's Cognitive Level | C24: Typical Mapping
A25: Written Exam (TI) | B25: Remembering / Understanding | E25: Low to Medium
A26: Assignment (AI) | B26: Applying / Analyzing | E26: Medium
A27: Lab Experiment (AI) | B27: Applying | E27: Medium
A28: Project (AI) | B28: Creating | E28: High
A29: Seminar / Presentation (AI) | B29: Evaluating / Creating | E29: High
A30: Simulation (AI) | B30: Applying / Analyzing | E30: Medium to High
A32: HOW TO USE THIS WORKBOOK
A33: 1. Open any course sheet (CS301–CS305) → Mark 1=Used / 0=Not Used in TI (blue) and AI (orange) columns per CO
A34: 2. TI Count = COUNTIF(TI cols, 1) and AI Count = COUNTIF(AI cols, 1) auto-calculate
A35: 3. Mapping Level auto-calculates using: IF(TI>=2 AND AI>=2, 3, IF(TI>=2+AI=1 OR AI>=2, 2, IF(TI>=2 OR AI>=1, 1, 0)))
A36: 4. PO/PSO columns show the level only where the CO is relevant to that PO — else shows —
A37: 5. 'CO-PO Mapping' sheet — all values auto-linked; shows full matrix with department averages
A38: 6. 'Type Analysis' sheet — breakdown of TI vs AI usage patterns across all courses
A39: 7. Edit any 0→1 or 1→0 in yellow cells → All levels, symbols, and summaries recalculate instantly

Sheet CS301
A1: ASSESSMENT TYPE CO–PO MAPPING — Data Structures & Algorithms (CS301)
A2: Method C: Mark 1=Used / 0=Not Used in TI (blue) and AI (orange) YELLOW cells | Level: TI≥2+AI≥2=3(High) TI≥2+AI=1 or AI≥2=2(Med) TI≥2 or AI≥1=1(Low) else No Mapping
C4: TEST ITEMS (TI) — Formal Written Exams | H4: TI Count | I4: ASSESSMENT ITEMS (AI) — Activity / Performance Based | R4: AI Count | S4: Level (0–3) | T4: Symbol | U4: CO–PO MAPPING LEVELS | AG4: CO–PSO MAPPING
A5: CO | B5: CO Topic / Description | C5: Mid Exam | D5: End Exam | E5: Class Test | F5: Surprise Test | G5: Univ. Exam | H5: TI Total | I5: Quiz | J5: Assignment | K5: Simulation | L5: Lab Expt | M5: Project | N5: Field Work | O5: Report/Pres. | P5: Tutorials | Q5: Activities | R5: AI Total | S5: Map Level | T5: Symbol —/1/2/3 | U5: PO1 | V5: PO2 | W5: PO3 | X5: PO4 | Y5: PO5 | Z5: PO6 | AA5: PO7 | AB5: PO8 | AC5: PO9 | AD5: PO10 | AE5: PO11 | AF5: PO12 | AG5: PSO1 | AH5: PSO2 | AI5: PSO3
B6: Item ID → | C6: TI1 | D6: TI2 | E6: TI3 | F6: TI4 | G6: TI5 | I6: AI1 | J6: AI2 | K6: AI3 | L6: AI4 | M6: AI5 | N6: AI6 | O6: AI7 | P6: AI8 | Q6: AI9
A7: ↓ Enter 1 = Used / 0 = Not Used in YELLOW cells below [Blue = Test Items | Orange = Assessment Items] ↓
A8: CO1 | B8: Arrays, Linked Lists, Stacks, Queues | C8: 1 | D8: 1 | E8: 0 | F8: 0 | G8: 1 | H8: =COUNTIF(C8:G8,1) -> 3 | I8: 1 | J8: 1 | K8: 0 | L8: 0 | M8: 0 | N8: 0 | O8: 0 | P8: 1 | Q8: 0 | R8: =COUNTIF(I8:Q8,1) -> 3 | S8: =IF(AND(H8>=2,R8>=2),3,IF(OR(AND(H8>=2,R8=1),R8>=2),2,IF(OR(H8>=2,R8>=1),1,0))) -> 3 | T8: =IF(S8=0,"—",TEXT(S8,"0")) -> 3 | U8: =IF(S8=0,"—",TEXT(S8,"0")) -> 3 | V8: =IF(S8=0,"—",TEXT(S8,"0")) -> 3 | W8: =IF(S8=0,"—",TEXT(S8,"0")) -> 3 | X8: — | Y8: — | Z8: — | AA8: — | AB8: — | AC8: — | AD8: — | AE8: — | AF8: =IF(S8=0,"—",TEXT(S8,"0")) -> 3 | AG8: =IF(S8=0,"—",TEXT(S8,"0")) -> 3 | AH8: — | AI8: —
A9: CO2 | B9: Trees, Binary Search Trees, Heaps | C9: 1 | D9: 1 | E9: 0 | F9: 0 | G9: 1 | H9: =COUNTIF(C9:G9,1) -> 3 | I9: 1 | J9: 1 | K9: 0 | L9: 1 | M9: 0 | N9: 0 | O9: 0 | P9: 1 | Q9: 0 | R9: =COUNTIF(I9:Q9,1) -> 4 | S9: =IF(AND(H9>=2,R9>=2),3,IF(OR(AND(H9>=2,R9=1),R9>=2),2,IF(OR(H9>=2,R9>=1),1,0))) -> 3 | T9: =IF(S9=0,"—",TEXT(S9,"0")) -> 3 | U9: =IF(S9=0,"—",TEXT(S9,"0")) -> 3 | V9: =IF(S9=0,"—",TEXT(S9,"0")) -> 3 | W9: =IF(S9=0,"—",TEXT(S9,"0")) -> 3 | X9: =IF(S9=0,"—",TEXT(S9,"0")) -> 3 | Y9: — | Z9: — | AA9: — | AB9: — | AC9: — | AD9: — | AE9: — | AF9: =IF(S9=0,"—",TEXT(S9,"0")) -> 3 | AG9: =IF(S9=0,"—",TEXT(S9,"0")) -> 3 | AH9: — | AI9: —
A10: CO3 | B10: Graphs: BFS, DFS, Shortest Paths | C10: 1 | D10: 1 | E10: 1 | F10: 0 | G10: 1 | H10: =COUNTIF(C10:G10,1) -> 4 | I10: 1 | J10: 1 | K10: 1 | L10: 1 | M10: 0 | N10: 0 | O10: 0 | P10: 1 | Q10: 0 | R10: =COUNTIF(I10:Q10,1) -> 5 | S10: =IF(AND(H10>=2,R10>=2),3,IF(OR(AND(H10>=2,R10=1),R10>=2),2,IF(OR(H10>=2,R10>=1),1,0))) -> 3 | T10: =IF(S10=0,"—",TEXT(S10,"0")) -> 3 | U10: =IF(S10=0,"—",TEXT(S10,"0")) -> 3 | V10: =IF(S10=0,"—",TEXT(S10,"0")) -> 3 | W10: =IF(S10=0,"—",TEXT(S10,"0")) -> 3 | X10: =IF(S10=0,"—",TEXT(S10,"0")) -> 3 | Y10: =IF(S10=0,"—",TEXT(S10,"0")) -> 3 | Z10: — | AA10: — | AB10: — | AC10: — | AD10: — | AE10: — | AF10: =IF(S10=0,"—",TEXT(S10,"0")) -> 3 | AG10: =IF(S10=0,"—",TEXT(S10,"0")) -> 3 | AH10: =IF(S10=0,"—",TEXT(S10,"0")) -> 3 | AI10: —
A11: CO4 | B11: Sorting & Searching Algorithms | C11: 1 | D11: 1 | E11: 0 | F11: 1 | G11: 1 | H11: =COUNTIF(C11:G11,1) -> 4 | I11: 1 | J11: 1 | K11: 0 | L11: 0 | M11: 1 | N11: 0 | O11: 0 | P11: 1 | Q11: 0 | R11: =COUNTIF(I11:Q11,1) -> 4 | S11: =IF(AND(H11>=2,R11>=2),3,IF(OR(AND(H11>=2,R11=1),R11>=2),2,IF(OR(H11>=2,R11>=1),1,0))) -> 3 | T11: =IF(S11=0,"—",TEXT(S11,"0")) -> 3 | U11: =IF(S11=0,"—",TEXT(S11,"0")) -> 3 | V11: =IF(S11=0,"—",TEXT(S11,"0")) -> 3 | W11: =IF(S11=0,"—",TEXT(S11,"0")) -> 3 | X11: — | Y11: — | Z11: — | AA11: — | AB11: — | AC11: — | AD11: — | AE11: — | AF11: =IF(S11=0,"—",TEXT(S11,"0")) -> 3 | AG11: =IF(S11=0,"—",TEXT(S11,"0")) -> 3 | AH11: — | AI11: —
A12: CO5 | B12: Hashing, Complexity Analysis | C12: 1 | D12: 1 | E12: 0 | F12: 0 | G12: 1 | H12: =COUNTIF(C12:G12,1) -> 3 | I12: 1 | J12: 1 | K12: 0 | L12: 0 | M12: 0 | N12: 0 | O12: 1 | P12: 1 | Q12: 1 | R12: =COUNTIF(I12:Q12,1) -> 5 | S12: =IF(AND(H12>=2,R12>=2),3,IF(OR(AND(H12>=2,R12=1),R12>=2),2,IF(OR(H12>=2,R12>=1),1,0))) -> 3 | T12: =IF(S12=0,"—",TEXT(S12,"0")) -> 3 | U12: =IF(S12=0,"—",TEXT(S12,"0")) -> 3 | V12: =IF(S12=0,"—",TEXT(S12,"0")) -> 3 | W12: — | X12: — | Y12: — | Z12: — | AA12: — | AB12: — | AC12: — | AD12: — | AE12: — | AF12: =IF(S12=0,"—",TEXT(S12,"0")) -> 3 | AG12: =IF(S12=0,"—",TEXT(S12,"0")) -> 3 | AH12: — | AI12: =IF(S12=0,"—",TEXT(S12,"0")) -> 3
A14: COURSE TOTALS | C14: =COUNTIF(C8:C12,1) -> 5 | D14: =COUNTIF(D8:D12,1) -> 5 | E14: =COUNTIF(E8:E12,1) -> 1 | F14: =COUNTIF(F8:F12,1) -> 1 | G14: =COUNTIF(G8:G12,1) -> 5 | H14: =SUM(H8:H12) -> 17 | I14: =COUNTIF(I8:I12,1) -> 5 | J14: =COUNTIF(J8:J12,1) -> 5 | K14: =COUNTIF(K8:K12,1) -> 1 | L14: =COUNTIF(L8:L12,1) -> 2 | M14: =COUNTIF(M8:M12,1) -> 1 | N14: =COUNTIF(N8:N12,1) -> 0 | O14: =COUNTIF(O8:O12,1) -> 1 | P14: =COUNTIF(P8:P12,1) -> 5 | Q14: =COUNTIF(Q8:Q12,1) -> 1 | R14: =SUM(R8:R12) -> 21
A15: AVERAGE MAPPING LEVEL | H15: =IFERROR(AVERAGE(H8:H12),0) -> 3.4 | R15: =IFERROR(AVERAGE(R8:R12),0) -> 4.2 | S15: =IFERROR(AVERAGE(S8:S12),0) -> 3 | U15: =IFERROR(AVERAGEIF(U8:U12,"<>—"),"") | V15: =IFERROR(AVERAGEIF(V8:V12,"<>—"),"") | W15: =IFERROR(AVERAGEIF(W8:W12,"<>—"),"") | X15: =IFERROR(AVERAGEIF(X8:X12,"<>—"),"") | Y15: =IFERROR(AVERAGEIF(Y8:Y12,"<>—"),"") | Z15: =IFERROR(AVERAGEIF(Z8:Z12,"<>—"),"") | AA15: =IFERROR(AVERAGEIF(AA8:AA12,"<>—"),"") | AB15: =IFERROR(AVERAGEIF(AB8:AB12,"<>—"),"") | ... AI15: =IFERROR(AVERAGEIF(AI8:AI12,"<>—"),"")

Sheet CS302
A1: ASSESSMENT TYPE CO–PO MAPPING — Database Management Systems (CS302)
A2: Method C: Mark 1=Used / 0=Not Used in TI (blue) and AI (orange) YELLOW cells | Level: TI≥2+AI≥2=3(High) TI≥2+AI=1 or AI≥2=2(Med) TI≥2 or AI≥1=1(Low) else No Mapping
C4: TEST ITEMS (TI) — Formal Written Exams | H4: TI Count | I4: ASSESSMENT ITEMS (AI) — Activity / Performance Based | R4: AI Count | S4: Level (0–3) | T4: Symbol | U4: CO–PO MAPPING LEVELS | AG4: CO–PSO MAPPING
A5: CO | B5: CO Topic / Description | C5: Mid Exam | D5: End Exam | E5: Class Test | F5: Surprise Test | G5: Univ. Exam | H5: TI Total | I5: Quiz | J5: Assignment | K5: Simulation | L5: Lab Expt | M5: Project | N5: Field Work | O5: Report/Pres. | P5: Tutorials | Q5: Activities | R5: AI Total | S5: Map Level | T5: Symbol —/1/2/3 | U5: PO1 | V5: PO2 | W5: PO3 | X5: PO4 | Y5: PO5 | Z5: PO6 | AA5: PO7 | AB5: PO8 | AC5: PO9 | AD5: PO10 | AE5: PO11 | AF5: PO12 | AG5: PSO1 | AH5: PSO2 | AI5: PSO3
B6: Item ID → | C6: TI1 | D6: TI2 | E6: TI3 | F6: TI4 | G6: TI5 | I6: AI1 | J6: AI2 | K6: AI3 | L6: AI4 | M6: AI5 | N6: AI6 | O6: AI7 | P6: AI8 | Q6: AI9
A7: ↓ Enter 1 = Used / 0 = Not Used in YELLOW cells below [Blue = Test Items | Orange = Assessment Items] ↓
A8: CO1 | B8: ER Model, Relational Algebra | C8: 1 | D8: 1 | E8: 0 | F8: 0 | G8: 1 | H8: =COUNTIF(C8:G8,1) -> 3 | I8: 1 | J8: 1 | K8: 0 | L8: 0 | M8: 0 | N8: 0 | O8: 0 | P8: 1 | Q8: 0 | R8: =COUNTIF(I8:Q8,1) -> 3 | S8: =IF(AND(H8>=2,R8>=2),3,IF(OR(AND(H8>=2,R8=1),R8>=2),2,IF(OR(H8>=2,R8>=1),1,0))) -> 3 | T8: =IF(S8=0,"—",TEXT(S8,"0")) -> 3 | U8: =IF(S8=0,"—",TEXT(S8,"0")) -> 3 | V8: =IF(S8=0,"—",TEXT(S8,"0")) -> 3 | W8: =IF(S8=0,"—",TEXT(S8,"0")) -> 3 | X8: — | Y8: — | Z8: — | AA8: — | AB8: — | AC8: — | AD8: — | AE8: — | AF8: =IF(S8=0,"—",TEXT(S8,"0")) -> 3 | AG8: =IF(S8=0,"—",TEXT(S8,"0")) -> 3 | AH8: — | AI8: —
A9: CO2 | B9: SQL — DDL, DML, Complex Queries | C9: 1 | D9: 1 | E9: 0 | F9: 0 | G9: 1 | H9: =COUNTIF(C9:G9,1) -> 3 | I9: 1 | J9: 1 | K9: 1 | L9: 1 | M9: 0 | N9: 0 | O9: 0 | P9: 1 | Q9: 0 | R9: =COUNTIF(I9:Q9,1) -> 5 | S9: =IF(AND(H9>=2,R9>=2),3,IF(OR(AND(H9>=2,R9=1),R9>=2),2,IF(OR(H9>=2,R9>=1),1,0))) -> 3 | T9: =IF(S9=0,"—",TEXT(S9,"0")) -> 3 | U9: =IF(S9=0,"—",TEXT(S9,"0")) -> 3 | V9: =IF(S9=0,"—",TEXT(S9,"0")) -> 3 | W9: =IF(S9=0,"—",TEXT(S9,"0")) -> 3 | X9: — | Y9: =IF(S9=0,"—",TEXT(S9,"0")) -> 3 | Z9: — | AA9: — | AB9: — | AC9: — | AD9: — | AE9: — | AF9: =IF(S9=0,"—",TEXT(S9,"0")) -> 3 | AG9: =IF(S9=0,"—",TEXT(S9,"0")) -> 3 | AH9: =IF(S9=0,"—",TEXT(S9,"0")) -> 3 | AI9: —
A10: CO3 | B10: Normalization: 1NF to BCNF | C10: 1 | D10: 1 | E10: 1 | F10: 0 | G10: 1 | H10: =COUNTIF(C10:G10,1) -> 4 | I10: 1 | J10: 1 | K10: 0 | L10: 0 | M10: 0 | N10: 0 | O10: 0 | P10: 1 | Q10: 0 | R10: =COUNTIF(I10:Q10,1) -> 3 | S10: =IF(AND(H10>=2,R10>=2),3,IF(OR(AND(H10>=2,R10=1),R10>=2),2,IF(OR(H10>=2,R10>=1),1,0))) -> 3 | T10: =IF(S10=0,"—",TEXT(S10,"0")) -> 3 | U10: =IF(S10=0,"—",TEXT(S10,"0")) -> 3 | V10: =IF(S10=0,"—",TEXT(S10,"0")) -> 3 | W10: =IF(S10=0,"—",TEXT(S10,"0")) -> 3 | X10: — | Y10: — | Z10: — | AA10: — | AB10: — | AC10: — | AD10: — | AE10: — | AF10: =IF(S10=0,"—",TEXT(S10,"0")) -> 3 | AG10: =IF(S10=0,"—",TEXT(S10,"0")) -> 3 | AH10: — | AI10: —
A11: CO4 | B11: Transaction Management & Concurrency | C11: 1 | D11: 1 | E11: 0 | F11: 0 | G11: 1 | H11: =COUNTIF(C11:G11,1) -> 3 | I11: 1 | J11: 1 | K11: 0 | L11: 0 | M11: 1 | N11: 0 | O11: 1 | P11: 1 | Q11: 0 | R11: =COUNTIF(I11:Q11,1) -> 5 | S11: =IF(AND(H11>=2,R11>=2),3,IF(OR(AND(H11>=2,R11=1),R11>=2),2,IF(OR(H11>=2,R11>=1),1,0))) -> 3 | T11: =IF(S11=0,"—",TEXT(S11,"0")) -> 3 | U11: =IF(S11=0,"—",TEXT(S11,"0")) -> 3 | V11: =IF(S11=0,"—",TEXT(S11,"0")) -> 3 | W11: =IF(S11=0,"—",TEXT(S11,"0")) -> 3 | X11: =IF(S11=0,"—",TEXT(S11,"0")) -> 3 | Y11: — | Z11: — | AA11: — | AB11: — | AC11: — | AD11: — | AE11: — | AF11: =IF(S11=0,"—",TEXT(S11,"0")) -> 3 | AG11: =IF(S11=0,"—",TEXT(S11,"0")) -> 3 | AH11: — | AI11: —
A12: CO5 | B12: Indexing & Query Optimization | C12: 1 | D12: 1 | E12: 0 | F12: 0 | G12: 1 | H12: =COUNTIF(C12:G12,1) -> 3 | I12: 1 | J12: 1 | K12: 1 | L12: 1 | M12: 0 | N12: 0 | O12: 0 | P12: 0 | Q12: 0 | R12: =COUNTIF(I12:Q12,1) -> 4 | S12: =IF(AND(H12>=2,R12>=2),3,IF(OR(AND(H12>=2,R12=1),R12>=2),2,IF(OR(H12>=2,R12>=1),1,0))) -> 3 | T12: =IF(S12=0,"—",TEXT(S12,"0")) -> 3 | U12: =IF(S12=0,"—",TEXT(S12,"0")) -> 3 | V12: =IF(S12=0,"—",TEXT(S12,"0")) -> 3 | W12: — | X12: =IF(S12=0,"—",TEXT(S12,"0")) -> 3 | Y12: =IF(S12=0,"—",TEXT(S12,"0")) -> 3 | Z12: — | AA12: — | AB12: — | AC12: — | AD12: — | AE12: — | AF12: =IF(S12=0,"—",TEXT(S12,"0")) -> 3 | AG12: =IF(S12=0,"—",TEXT(S12,"0")) -> 3 | AH12: =IF(S12=0,"—",TEXT(S12,"0")) -> 3 | AI12: —
A14: COURSE TOTALS | C14: =COUNTIF(C8:C12,1) -> 5 | D14: =COUNTIF(D8:D12,1) -> 5 | E14: =COUNTIF(E8:E12,1) -> 1 | F14: =COUNTIF(F8:F12,1) -> 0 | G14: =COUNTIF(G8:G12,1) -> 5 | H14: =SUM(H8:H12) -> 16 | I14: =COUNTIF(I8:I12,1) -> 5 | J14: =COUNTIF(J8:J12,1) -> 5 | K14: =COUNTIF(K8:K12,1) -> 2 | L14: =COUNTIF(L8:L12,1) -> 2 | M14: =COUNTIF(M8:M12,1) -> 1 | N14: =COUNTIF(N8:N12,1) -> 0 | O14: =COUNTIF(O8:O12,1) -> 1 | P14: =COUNTIF(P8:P12,1) -> 4 | Q14: =COUNTIF(Q8:Q12,1) -> 0 | R14: =SUM(R8:R12) -> 20
A15: AVERAGE MAPPING LEVEL | H15: =IFERROR(AVERAGE(H8:H12),0) -> 3.2 | R15: =IFERROR(AVERAGE(R8:R12),0) -> 4 | S15: =IFERROR(AVERAGE(S8:S12),0) -> 3 | U15: =IFERROR(AVERAGEIF(U8:U12,"<>—"),"") | V15: =IFERROR(AVERAGEIF(V8:V12,"<>—"),"") | W15: =IFERROR(AVERAGEIF(W8:W12,"<>—"),"") | X15: =IFERROR(AVERAGEIF(X8:X12,"<>—"),"") | Y15: =IFERROR(AVERAGEIF(Y8:Y12,"<>—"),"") | Z15: =IFERROR(AVERAGEIF(Z8:Z12,"<>—"),"") | AA15: =IFERROR(AVERAGEIF(AA8:AA12,"<>—"),"") | AB15: =IFERROR(AVERAGEIF(AB8:AB12,"<>—"),"") | ... AI15: =IFERROR(AVERAGEIF(AI8:AI12,"<>—"),"")

Sheet CO-PO Mapping
A1: CO–PO MAPPING MATRIX (Assessment Type Method) — Auto-linked from all course sheets
A2: Level: — No Mapping | 1 Low (TI≥2 OR AI≥1) | 2 Medium (TI≥2+AI=1 OR AI≥2) | 3 High (TI≥2+AI≥2) | — in PO column = CO not relevant to that PO
A4: LEGEND → | H4: — No Mapping | I4: 1 Low | J4: 2 Medium | K4: 3 High
A5: # | B5: Course | C5: Code | D5: CO | E5: TI Count | F5: AI Count | G5: Level | H5: PROGRAMME OUTCOMES (PO1–PO12) | T5: PSOs
H6: PO1 | I6: PO2 | J6: PO3 | K6: PO4 | L6: PO5 | M6: PO6 | N6: PO7 | O6: PO8 | P6: PO9 | Q6: PO10 | R6: PO11 | S6: PO12 | T6: PSO1 | U6: PSO2 | V6: PSO3
A7: 1 | B7: Data Structures & Algorithms | C7: CS301 | D7: CO1 | E7: =CS301!H8 -> 3 | F7: =CS301!R8 -> 3 | G7: =CS301!S8 -> 3 | H7: =IF(CS301!S8=0,"—",TEXT(CS301!S8,"0")) -> 3 | I7: =IF(CS301!S8=0,"—",TEXT(CS301!S8,"0")) -> 3 | J7: =IF(CS301!S8=0,"—",TEXT(CS301!S8,"0")) -> 3 | K7: — | L7: — | M7: — | N7: — | O7: — | P7: — | Q7: — | R7: — | S7: =IF(CS301!S8=0,"—",TEXT(CS301!S8,"0")) -> 3 | T7: =IF(CS301!S8=0,"—",TEXT(CS301!S8,"0")) -> 3 | U7: — | V7: —
D8: CO2 | E8: =CS301!H9 -> 3 | F8: =CS301!R9 -> 4 | G8: =CS301!S9 -> 3 | H8: =IF(CS301!S9=0,"—",TEXT(CS301!S9,"0")) -> 3 | I8: =IF(CS301!S9=0,"—",TEXT(CS301!S9,"0")) -> 3 | J8: =IF(CS301!S9=0,"—",TEXT(CS301!S9,"0")) -> 3 | K8: =IF(CS301!S9=0,"—",TEXT(CS301!S9,"0")) -> 3 | L8: — | M8: — | N8: — | O8: — | P8: — | Q8: — | R8: — | S8: =IF(CS301!S9=0,"—",TEXT(CS301!S9,"0")) -> 3 | T8: =IF(CS301!S9=0,"—",TEXT(CS301!S9,"0")) -> 3 | U8: — | V8: —
D9: CO3 | E9: =CS301!H10 -> 4 | F9: =CS301!R10 -> 5 | G9: =CS301!S10 -> 3 | H9: =IF(CS301!S10=0,"—",TEXT(CS301!S10,"0")) -> 3 | I9: =IF(CS301!S10=0,"—",TEXT(CS301!S10,"0")) -> 3 | J9: =IF(CS301!S10=0,"—",TEXT(CS301!S10,"0")) -> 3 | K9: =IF(CS301!S10=0,"—",TEXT(CS301!S10,"0")) -> 3 | L9: =IF(CS301!S10=0,"—",TEXT(CS301!S10,"0")) -> 3 | M9: — | N9: — | O9: — | P9: — | Q9: — | R9: — | S9: =IF(CS301!S10=0,"—",TEXT(CS301!S10,"0")) -> 3 | T9: =IF(CS301!S10=0,"—",TEXT(CS301!S10,"0")) -> 3 | U9: =IF(CS301!S10=0,"—",TEXT(CS301!S10,"0")) -> 3 | V9: —
D10: CO4 | E10: =CS301!H11 -> 4 | F10: =CS301!R11 -> 4 | G10: =CS301!S11 -> 3 | H10: =IF(CS301!S11=0,"—",TEXT(CS301!S11,"0")) -> 3 | I10: =IF(CS301!S11=0,"—",TEXT(CS301!S11,"0")) -> 3 | J10: =IF(CS301!S11=0,"—",TEXT(CS301!S11,"0")) -> 3 | K10: — | L10: — | M10: — | N10: — | O10: — | P10: — | Q10: — | R10: — | S10: =IF(CS301!S11=0,"—",TEXT(CS301!S11,"0")) -> 3 | T10: =IF(CS301!S11=0,"—",TEXT(CS301!S11,"0")) -> 3 | U10: — | V10: —
D11: CO5 | E11: =CS301!H12 -> 3 | F11: =CS301!R12 -> 5 | G11: =CS301!S12 -> 3 | H11: =IF(CS301!S12=0,"—",TEXT(CS301!S12,"0")) -> 3 | I11: =IF(CS301!S12=0,"—",TEXT(CS301!S12,"0")) -> 3 | J11: — | K11: — | L11: — | M11: — | N11: — | O11: — | P11: — | Q11: — | R11: — | S11: =IF(CS301!S12=0,"—",TEXT(CS301!S12,"0")) -> 3 | T11: =IF(CS301!S12=0,"—",TEXT(CS301!S12,"0")) -> 3 | U11: — | V11: =IF(CS301!S12=0,"—",TEXT(CS301!S12,"0")) -> 3
A12: 2 | B12: Database Management Systems | C12: CS302 | D12: CO1 | E12: =CS302!H8 -> 3 | F12: =CS302!R8 -> 3 | G12: =CS302!S8 -> 3 | H12: =IF(CS302!S8=0,"—",TEXT(CS302!S8,"0")) -> 3 | I12: =IF(CS302!S8=0,"—",TEXT(CS302!S8,"0")) -> 3 | J12: =IF(CS302!S8=0,"—",TEXT(CS302!S8,"0")) -> 3 | K12: — | L12: — | M12: — | N12: — | O12: — | P12: — | Q12: — | R12: — | S12: =IF(CS302!S8=0,"—",TEXT(CS302!S8,"0")) -> 3 | T12: =IF(CS302!S8=0,"—",TEXT(CS302!S8,"0")) -> 3 | U12: — | V12: —
D13: CO2 | E13: =CS302!H9 -> 3 | F13: =CS302!R9 -> 5 | G13: =CS302!S9 -> 3 | H13: =IF(CS302!S9=0,"—",TEXT(CS302!S9,"0")) -> 3 | I13: =IF(CS302!S9=0,"—",TEXT(CS302!S9,"0")) -> 3 | J13: =IF(CS302!S9=0,"—",TEXT(CS302!S9,"0")) -> 3 | K13: — | L13: =IF(CS302!S9=0,"—",TEXT(CS302!S9,"0")) -> 3 | M13: — | N13: — | O13: — | P13: — | Q13: — | R13: — | S13: =IF(CS302!S9=0,"—",TEXT(CS302!S9,"0")) -> 3 | T13: =IF(CS302!S9=0,"—",TEXT(CS302!S9,"0")) -> 3 | U13: =IF(CS302!S9=0,"—",TEXT(CS302!S9,"0")) -> 3 | V13: —
D14: CO3 | E14: =CS302!H10 -> 4 | F14: =CS302!R10 -> 3 | G14: =CS302!S10 -> 3 | H14: =IF(CS302!S10=0,"—",TEXT(CS302!S10,"0")) -> 3 | I14: =IF(CS302!S10=0,"—",TEXT(CS302!S10,"0")) -> 3 | J14: =IF(CS302!S10=0,"—",TEXT(CS302!S10,"0")) -> 3 | K14: — | L14: — | M14: — | N14: — | O14: — | P14: — | Q14: — | R14: — | S14: =IF(CS302!S10=0,"—",TEXT(CS302!S10,"0")) -> 3 | T14: =IF(CS302!S10=0,"—",TEXT(CS302!S10,"0")) -> 3 | U14: — | V14: —
D15: CO4 | E15: =CS302!H11 -> 3 | F15: =CS302!R11 -> 5 | G15: =CS302!S11 -> 3 | H15: =IF(CS302!S11=0,"—",TEXT(CS302!S11,"0")) -> 3 | I15: =IF(CS302!S11=0,"—",TEXT(CS302!S11,"0")) -> 3 | J15: =IF(CS302!S11=0,"—",TEXT(CS302!S11,"0")) -> 3 | K15: =IF(CS302!S11=0,"—",TEXT(CS302!S11,"0")) -> 3 | L15: — | M15: — | N15: — | O15: — | P15: — | Q15: — | R15: — | S15: =IF(CS302!S11=0,"—",TEXT(CS302!S11,"0")) -> 3 | T15: =IF(CS302!S11=0,"—",TEXT(CS302!S11,"0")) -> 3 | U15: — | V15: —
D16: CO5 | E16: =CS302!H12 -> 3 | F16: =CS302!R12 -> 4 | G16: =CS302!S12 -> 3 | H16: =IF(CS302!S12=0,"—",TEXT(CS302!S12,"0")) -> 3 | I16: =IF(CS302!S12=0,"—",TEXT(CS302!S12,"0")) -> 3 | J16: — | K16: =IF(CS302!S12=0,"—",TEXT(CS302!S12,"0")) -> 3 | L16: =IF(CS302!S12=0,"—",TEXT(CS302!S12,"0")) -> 3 | M16: — | N16: — | O16: — | P16: — | Q16: — | R16: — | S16: =IF(CS302!S12=0,"—",TEXT(CS302!S12,"0")) -> 3 | T16: =IF(CS302!S12=0,"—",TEXT(CS302!S12,"0")) -> 3 | U16: =IF(CS302!S12=0,"—",TEXT(CS302!S12,"0")) -> 3 | V16: —
A17: 3 | B17: Computer Networks | C17: CS303 | D17: CO1 | E17: =CS303!H8 -> 3 | F17: =CS303!R8 -> 3 | G17: =CS303!S8 -> 3 | H17: =IF(CS303!S8=0,"—",TEXT(CS303!S8,"0")) -> 3 | I17: =IF(CS303!S8=0,"—",TEXT(CS303!S8,"0")) -> 3 | J17: — | K17: — | L17: =IF(CS303!S8=0,"—",TEXT(CS303!S8,"0")) -> 3 | M17: — | N17: — | O17: — | P17: — | Q17: — | R17: — | S17: =IF(CS303!S8=0,"—",TEXT(CS303!S8,"0")) -> 3 | T17: — | U17: =IF(CS303!S8=0,"—",TEXT(CS303!S8,"0")) -> 3 | V17: —
D18: CO2 | E18: =CS303!H9 -> 4 | F18: =CS303!R9 -> 5 | G18: =CS303!S9 -> 3 | H18: =IF(CS303!S9=0,"—",TEXT(CS303!S9,"0")) -> 3 | I18: =IF(CS303!S9=0,"—",TEXT(CS303!S9,"0")) -> 3 | J18: =IF(CS303!S9=0,"—",TEXT(CS303!S9,"0")) -> 3 | K18: — | L18: =IF(CS303!S9=0,"—",TEXT(CS303!S9,"0")) -> 3 | M18: — | N18: — | O18: — | P18: — | Q18: — | R18: — | S18: =IF(CS303!S9=0,"—",TEXT(CS303!S9,"0")) -> 3 | T18: =IF(CS303!S9=0,"—",TEXT(CS303!S9,"0")) -> 3 | U18: =IF(CS303!S9=0,"—",TEXT(CS303!S9,"0")) -> 3 | V18: —
D19: CO3 | E19: =CS303!H10 -> 3 | F19: =CS303!R10 -> 5 | G19: =CS303!S10 -> 3 | H19: =IF(CS303!S10=0,"—",TEXT(CS303!S10,"0")) -> 3 | I19: =IF(CS303!S10=0,"—",TEXT(CS303!S10,"0")) -> 3 | J19: =IF(CS303!S10=0,"—",TEXT(CS303!S10,"0")) -> 3 | K19: =IF(CS303!S10=0,"—",TEXT(CS303!S10,"0")) -> 3 | L19: =IF(CS303!S10=0,"—",TEXT(CS303!S10,"0")) -> 3 | M19: — | N19: — | O19: — | P19: — | Q19: — | R19: — | S19: =IF(CS303!S10=0,"—",TEXT(CS303!S10,"0")) -> 3 | T19: =IF(CS303!S10=0,"—",TEXT(CS303!S10,"0")) -> 3 | U19: =IF(CS303!S10=0,"—",TEXT(CS303!S10,"0")) -> 3 | V19: —
D20: CO4 | E20: =CS303!H11 -> 4 | F20: =CS303!R11 -> 3 | G20: =CS303!S11 -> 3 | H20: =IF(CS303!S11=0,"—",TEXT(CS303!S11,"0")) -> 3 | I20: =IF(CS303!S11=0,"—",TEXT(CS303!S11,"0")) -> 3 | J20: =IF(CS303!S11=0,"—",TEXT(CS303!S11,"0")) -> 3 | K20: — | L20: — | M20: — | N20: — | O20: — | P20: — | Q20: — | R20: — | S20: =IF(CS303!S11=0,"—",TEXT(CS303!S11,"0")) -> 3 | T20: — | U20: — | V20: —
D21: CO5 | E21: =CS303!H12 -> 3 | F21: =CS303!R12 -> 6 | G21: =CS303!S12 -> 3 | H21: =IF(CS303!S12=0,"—",TEXT(CS303!S12,"0")) -> 3 | I21: =IF(CS303!S12=0,"—",TEXT(CS303!S12,"0")) -> 3 | J21: — | K21: — | L21: =IF(CS303!S12=0,"—",TEXT(CS303!S12,"0")) -> 3 | M21: — | N21: — | O21: — | P21: — | Q21: — | R21: — | S21: =IF(CS303!S12=0,"—",TEXT(CS303!S12,"0")) -> 3 | T21: — | U21: =IF(CS303!S12=0,"—",TEXT(CS303!S12,"0")) -> 3 | V21: =IF(CS303!S12=0,"—",TEXT(CS303!S12,"0")) -> 3
A22: 4 | B22: Operating Systems | C22: CS304 | D22: CO1 | E22: =CS304!H8 -> 3 | F22: =CS304!R8 -> 3 | G22: =CS304!S8 -> 3 | H22: =IF(CS304!S8=0,"—",TEXT(CS304!S8,"0")) -> 3 | I22: =IF(CS304!S8=0,"—",TEXT(CS304!S8,"0")) -> 3 | J22: — | K22: — | L22: — | M22: — | N22: — | O22: — | P22: — | Q22: — | R22: — | S22: =IF(CS304!S8=0,"—",TEXT(CS304!S8,"0")) -> 3 | T22: — | U22: — | V22: =IF(CS304!S8=0,"—",TEXT(CS304!S8,"0")) -> 3
D23: CO2 | E23: =CS304!H9 -> 4 | F23: =CS304!R9 -> 5 | G23: =CS304!S9 -> 3 | H23: =IF(CS304!S9=0,"—",TEXT(CS304!S9,"0")) -> 3 | I23: =IF(CS304!S9=0,"—",TEXT(CS304!S9,"0")) -> 3 | J23: =IF(CS304!S9=0,"—",TEXT(CS304!S9,"0")) -> 3 | K23: =IF(CS304!S9=0,"—",TEXT(CS304!S9,"0")) -> 3 | L23: — | M23: — | N23: — | O23: — | P23: — | Q23: — | R23: — | S23: =IF(CS304!S9=0,"—",TEXT(CS304!S9,"0")) -> 3 | T23: =IF(CS304!S9=0,"—",TEXT(CS304!S9,"0")) -> 3 | U23: — | V23: —
D24: CO3 | E24: =CS304!H10 -> 3 | F24: =CS304!R10 -> 4 | G24: =CS304!S10 -> 3 | H24: =IF(CS304!S10=0,"—",TEXT(CS304!S10,"0")) -> 3 | I24: =IF(CS304!S10=0,"—",TEXT(CS304!S10,"0")) -> 3 | J24: =IF(CS304!S10=0,"—",TEXT(CS304!S10,"0")) -> 3 | K24: =IF(CS304!S10=0,"—",TEXT(CS304!S10,"0")) -> 3 | L24: — | M24: — | N24: — | O24: — | P24: — | Q24: — | R24: — | S24: =IF(CS304!S10=0,"—",TEXT(CS304!S10,"0")) -> 3 | T24: =IF(CS304!S10=0,"—",TEXT(CS304!S10,"0")) -> 3 | U24: — | V24: —
D25: CO4 | E25: =CS304!H11 -> 3 | F25: =CS304!R11 -> 4 | G25: =CS304!S11 -> 3 | H25: =IF(CS304!S11=0,"—",TEXT(CS304!S11,"0")) -> 3 | I25: =IF(CS304!S11=0,"—",TEXT(CS304!S11,"0")) -> 3 | J25: — | K25: — | L25: — | M25: — | N25: — | O25: — | P25: — | Q25: — | R25: — | S25: =IF(CS304!S11=0,"—",TEXT(CS304!S11,"0")) -> 3 | T25: — | U25: — | V25: —
D26: CO5 | E26: =CS304!H12 -> 3 | F26: =CS304!R12 -> 3 | G26: =CS304!S12 -> 3 | H26: =IF(CS304!S12=0,"—",TEXT(CS304!S12,"0")) -> 3 | I26: =IF(CS304!S12=0,"—",TEXT(CS304!S12,"0")) -> 3 | J26: — | K26: =IF(CS304!S12=0,"—",TEXT(CS304!S12,"0")) -> 3 | L26: =IF(CS304!S12=0,"—",TEXT(CS304!S12,"0")) -> 3 | M26: — | N26: — | O26: — | P26: — | Q26: — | R26: — | S26: =IF(CS304!S12=0,"—",TEXT(CS304!S12,"0")) -> 3 | T26: =IF(CS304!S12=0,"—",TEXT(CS304!S12,"0")) -> 3 | U26: =IF(CS304!S12=0,"—",TEXT(CS304!S12,"0")) -> 3 | V26: —
A27: 5 | B27: Machine Learning | C27: CS305 | D27: CO1 | E27: =CS305!H8 -> 3 | F27: =CS305!R8 -> 5 | G27: =CS305!S8 -> 3 | H27: =IF(CS305!S8=0,"—",TEXT(CS305!S8,"0")) -> 3 | I27: =IF(CS305!S8=0,"—",TEXT(CS305!S8,"0")) -> 3 | J27: — | K27: — | L27: =IF(CS305!S8=0,"—",TEXT(CS305!S8,"0")) -> 3 | M27: — | N27: — | O27: — | P27: — | Q27: — | R27: — | S27: =IF(CS305!S8=0,"—",TEXT(CS305!S8,"0")) -> 3 | T27: =IF(CS305!S8=0,"—",TEXT(CS305!S8,"0")) -> 3 | U27: =IF(CS305!S8=0,"—",TEXT(CS305!S8,"0")) -> 3 | V27: —
D28: CO2 | E28: =CS305!H9 -> 4 | F28: =CS305!R9 -> 5 | G28: =CS305!S9 -> 3 | H28: =IF(CS305!S9=0,"—",TEXT(CS305!S9,"0")) -> 3 | I28: =IF(CS305!S9=0,"—",TEXT(CS305!S9,"0")) -> 3 | J28: =IF(CS305!S9=0,"—",TEXT(CS305!S9,"0")) -> 3 | K28: — | L28: =IF(CS305!S9=0,"—",TEXT(CS305!S9,"0")) -> 3 | M28: — | N28: — | O28: — | P28: — | Q28: — | R28: — | S28: =IF(CS305!S9=0,"—",TEXT(CS305!S9,"0")) -> 3 | T28: =IF(CS305!S9=0,"—",TEXT(CS305!S9,"0")) -> 3 | U28: =IF(CS305!S9=0,"—",TEXT(CS305!S9,"0")) -> 3 | V28: —
D29: CO3 | E29: =CS305!H10 -> 3 | F29: =CS305!R10 -> 7 | G29: =CS305!S10 -> 3 | H29: =IF(CS305!S10=0,"—",TEXT(CS305!S10,"0")) -> 3 | I29: =IF(CS305!S10=0,"—",TEXT(CS305!S10,"0")) -> 3 | J29: =IF(CS305!S10=0,"—",TEXT(CS305!S10,"0")) -> 3 | K29: — | L29: =IF(CS305!S10=0,"—",TEXT(CS305!S10,"0")) -> 3 | M29: — | N29: — | O29: — | P29: — | Q29: — | R29: — | S29: =IF(CS305!S10=0,"—",TEXT(CS305!S10,"0")) -> 3 | T29: =IF(CS305!S10=0,"—",TEXT(CS305!S10,"0")) -> 3 | U29: =IF(CS305!S10=0,"—",TEXT(CS305!S10,"0")) -> 3 | V29: =IF(CS305!S10=0,"—",TEXT(CS305!S10,"0")) -> 3
D30: CO4 | E30: =CS305!H11 -> 3 | F30: =CS305!R11 -> 5 | G30: =CS305!S11 -> 3 | H30: =IF(CS305!S11=0,"—",TEXT(CS305!S11,"0")) -> 3 | I30: =IF(CS305!S11=0,"—",TEXT(CS305!S11,"0")) -> 3 | J30: — | K30: =IF(CS305!S11=0,"—",TEXT(CS305!S11,"0")) -> 3 | L30: =IF(CS305!S11=0,"—",TEXT(CS305!S11,"0")) -> 3 | M30: — | N30: — | O30: — | P30: — | Q30: — | R30: — | S30: =IF(CS305!S11=0,"—",TEXT(CS305!S11,"0")) -> 3 | T30: =IF(CS305!S11=0,"—",TEXT(CS305!S11,"0")) -> 3 | U30: =IF(CS305!S11=0,"—",TEXT(CS305!S11,"0")) -> 3 | V30: —
D31: CO5 | E31: =CS305!H12 -> 4 | F31: =CS305!R12 -> 5 | G31: =CS305!S12 -> 3 | H31: =IF(CS305!S12=0,"—",TEXT(CS305!S12,"0")) -> 3 | I31: =IF(CS305!S12=0,"—",TEXT(CS305!S12,"0")) -> 3 | J31: =IF(CS305!S12=0,"—",TEXT(CS305!S12,"0")) -> 3 | K31: =IF(CS305!S12=0,"—",TEXT(CS305!S12,"0")) -> 3 | L31: =IF(CS305!S12=0,"—",TEXT(CS305!S12,"0")) -> 3 | M31: — | N31: — | O31: — | P31: — | Q31: — | R31: — | S31: =IF(CS305!S12=0,"—",TEXT(CS305!S12,"0")) -> 3 | T31: =IF(CS305!S12=0,"—",TEXT(CS305!S12,"0")) -> 3 | U31: =IF(CS305!S12=0,"—",TEXT(CS305!S12,"0")) -> 3 | V31: —
D32: CO6 | E32: =CS305!H13 -> 3 | F32: =CS305!R13 -> 8 | G32: =CS305!S13 -> 3 | H32: =IF(CS305!S13=0,"—",TEXT(CS305!S13,"0")) -> 3 | I32: =IF(CS305!S13=0,"—",TEXT(CS305!S13,"0")) -> 3 | J32: =IF(CS305!S13=0,"—",TEXT(CS305!S13,"0")) -> 3 | K32: =IF(CS305!S13=0,"—",TEXT(CS305!S13,"0")) -> 3 | L32: =IF(CS305!S13=0,"—",TEXT(CS305!S13,"0")) -> 3 | M32: — | N32: — | O32: =IF(CS305!S13=0,"—",TEXT(CS305!S13,"0")) -> 3 | P32: =IF(CS305!S13=0,"—",TEXT(CS305!S13,"0")) -> 3 | Q32: =IF(CS305!S13=0,"—",TEXT(CS305!S13,"0")) -> 3 | R32: =IF(CS305!S13=0,"—",TEXT(CS305!S13,"0")) -> 3 | S32: =IF(CS305!S13=0,"—",TEXT(CS305!S13,"0")) -> 3 | T32: =IF(CS305!S13=0,"—",TEXT(CS305!S13,"0")) -> 3 | U32: =IF(CS305!S13=0,"—",TEXT(CS305!S13,"0")) -> 3 | V32: =IF(CS305!S13=0,"—",TEXT(CS305!S13,"0")) -> 3
A34: DEPT AVERAGE (all courses & COs) | E34: =IFERROR(AVERAGE(E7:E32),0) -> 3.3076923 | F34: =IFERROR(AVERAGE(F7:F32),0) -> 4.5 | G34: =IFERROR(AVERAGE(G7:G32),0) -> 3 | H34: =IFERROR(AVERAGEIF(H7:H32,"<>—"),"") | I34: =IFERROR(AVERAGEIF(I7:I32,"<>—"),"") | J34: =IFERROR(AVERAGEIF(J7:J32,"<>—"),"") | K34: =IFERROR(AVERAGEIF(K7:K32,"<>—"),"") | L34: =IFERROR(AVERAGEIF(L7:L32,"<>—"),"") | M34: =IFERROR(AVERAGEIF(M7:M32,"<>—"),"") | N34: =IFERROR(AVERAGEIF(N7:N32,"<>—"),"") | O34: =IFERROR(AVERAGEIF(O7:O32,"<>—"),"") | ... V34: =IFERROR(AVERAGEIF(V7:V32,"<>—"),"")

Sheet CS303
A1: ASSESSMENT TYPE CO–PO MAPPING — Computer Networks (CS303)
A2: Method C: Mark 1=Used / 0=Not Used in TI (blue) and AI (orange) YELLOW cells | Level: TI≥2+AI≥2=3(High) TI≥2+AI=1 or AI≥2=2(Med) TI≥2 or AI≥1=1(Low) else No Mapping
C4: TEST ITEMS (TI) — Formal Written Exams | H4: TI Count | I4: ASSESSMENT ITEMS (AI) — Activity / Performance Based | R4: AI Count | S4: Level (0–3) | T4: Symbol | U4: CO–PO MAPPING LEVELS | AG4: CO–PSO MAPPING
A5: CO | B5: CO Topic / Description | C5: Mid Exam | D5: End Exam | E5: Class Test | F5: Surprise Test | G5: Univ. Exam | H5: TI Total | I5: Quiz | J5: Assignment | K5: Simulation | L5: Lab Expt | M5: Project | N5: Field Work | O5: Report/Pres. | P5: Tutorials | Q5: Activities | R5: AI Total | S5: Map Level | T5: Symbol —/1/2/3 | U5: PO1 | V5: PO2 | W5: PO3 | X5: PO4 | Y5: PO5 | Z5: PO6 | AA5: PO7 | AB5: PO8 | AC5: PO9 | AD5: PO10 | AE5: PO11 | AF5: PO12 | AG5: PSO1 | AH5: PSO2 | AI5: PSO3
B6: Item ID → | C6: TI1 | D6: TI2 | E6: TI3 | F6: TI4 | G6: TI5 | I6: AI1 | J6: AI2 | K6: AI3 | L6: AI4 | M6: AI5 | N6: AI6 | O6: AI7 | P6: AI8 | Q6: AI9
A7: ↓ Enter 1 = Used / 0 = Not Used in YELLOW cells below [Blue = Test Items | Orange = Assessment Items] ↓
A8: CO1 | B8: OSI & TCP/IP Model, Protocols | C8: 1 | D8: 1 | E8: 0 | F8: 0 | G8: 1 | H8: =COUNTIF(C8:G8,1) -> 3 | I8: 1 | J8: 1 | K8: 0 | L8: 0 | M8: 0 | N8: 0 | O8: 0 | P8: 1 | Q8: 0 | R8: =COUNTIF(I8:Q8,1) -> 3 | S8: =IF(AND(H8>=2,R8>=2),3,IF(OR(AND(H8>=2,R8=1),R8>=2),2,IF(OR(H8>=2,R8>=1),1,0))) -> 3 | T8: =IF(S8=0,"—",TEXT(S8,"0")) -> 3 | U8: =IF(S8=0,"—",TEXT(S8,"0")) -> 3 | V8: =IF(S8=0,"—",TEXT(S8,"0")) -> 3 | W8: — | X8: — | Y8: =IF(S8=0,"—",TEXT(S8,"0")) -> 3 | Z8: — | AA8: — | AB8: — | AC8: — | AD8: — | AE8: — | AF8: =IF(S8=0,"—",TEXT(S8,"0")) -> 3 | AG8: — | AH8: =IF(S8=0,"—",TEXT(S8,"0")) -> 3 | AI8: —
A9: CO2 | B9: Data Link Layer, MAC, Error Control | C9: 1 | D9: 1 | E9: 1 | F9: 0 | G9: 1 | H9: =COUNTIF(C9:G9,1) -> 4 | I9: 1 | J9: 1 | K9: 1 | L9: 1 | M9: 0 | N9: 0 | O9: 0 | P9: 1 | Q9: 0 | R9: =COUNTIF(I9:Q9,1) -> 5 | S9: =IF(AND(H9>=2,R9>=2),3,IF(OR(AND(H9>=2,R9=1),R9>=2),2,IF(OR(H9>=2,R9>=1),1,0))) -> 3 | T9: =IF(S9=0,"—",TEXT(S9,"0")) -> 3 | U9: =IF(S9=0,"—",TEXT(S9,"0")) -> 3 | V9: =IF(S9=0,"—",TEXT(S9,"0")) -> 3 | W9: =IF(S9=0,"—",TEXT(S9,"0")) -> 3 | X9: — | Y9: =IF(S9=0,"—",TEXT(S9,"0")) -> 3 | Z9: — | AA9: — | AB9: — | AC9: — | AD9: — | AE9: — | AF9: =IF(S9=0,"—",TEXT(S9,"0")) -> 3 | AG9: =IF(S9=0,"—",TEXT(S9,"0")) -> 3 | AH9: =IF(S9=0,"—",TEXT(S9,"0")) -> 3 | AI9: —
A10: CO3 | B10: Network Layer: IP, Routing Algorithms | C10: 1 | D10: 1 | E10: 0 | F10: 0 | G10: 1 | H10: =COUNTIF(C10:G10,1) -> 3 | I10: 1 | J10: 1 | K10: 1 | L10: 1 | M10: 0 | N10: 0 | O10: 0 | P10: 1 | Q10: 0 | R10: =COUNTIF(I10:Q10,1) -> 5 | S10: =IF(AND(H10>=2,R10>=2),3,IF(OR(AND(H10>=2,R10=1),R10>=2),2,IF(OR(H10>=2,R10>=1),1,0))) -> 3 | T10: =IF(S10=0,"—",TEXT(S10,"0")) -> 3 | U10: =IF(S10=0,"—",TEXT(S10,"0")) -> 3 | V10: =IF(S10=0,"—",TEXT(S10,"0")) -> 3 | W10: =IF(S10=0,"—",TEXT(S10,"0")) -> 3 | X10: =IF(S10=0,"—",TEXT(S10,"0")) -> 3 | Y10: =IF(S10=0,"—",TEXT(S10,"0")) -> 3 | Z10: — | AA10: — | AB10: — | AC10: — | AD10: — | AE10: — | AF10: =IF(S10=0,"—",TEXT(S10,"0")) -> 3 | AG10: =IF(S10=0,"—",TEXT(S10,"0")) -> 3 | AH10: =IF(S10=0,"—",TEXT(S10,"0")) -> 3 | AI10: —
A11: CO4 | B11: Transport Layer: TCP, UDP | C11: 1 | D11: 1 | E11: 0 | F11: 1 | G11: 1 | H11: =COUNTIF(C11:G11,1) -> 4 | I11: 1 | J11: 1 | K11: 0 | L11: 0 | M11: 0 | N11: 0 | O11: 0 | P11: 1 | Q11: 0 | R11: =COUNTIF(I11:Q11,1) -> 3 | S11: =IF(AND(H11>=2,R11>=2),3,IF(OR(AND(H11>=2,R11=1),R11>=2),2,IF(OR(H11>=2,R11>=1),1,0))) -> 3 | T11: =IF(S11=0,"—",TEXT(S11,"0")) -> 3 | U11: =IF(S11=0,"—",TEXT(S11,"0")) -> 3 | V11: =IF(S11=0,"—",TEXT(S11,"0")) -> 3 | W11: =IF(S11=0,"—",TEXT(S11,"0")) -> 3 | X11: — | Y11: — | Z11: — | AA11: — | AB11: — | AC11: — | AD11: — | AE11: — | AF11: =IF(S11=0,"—",TEXT(S11,"0")) -> 3 | AG11: — | AH11: — | AI11: —
A12: CO5 | B12: Application Layer: DNS, HTTP, FTP | C12: 1 | D12: 1 | E12: 0 | F12: 0 | G12: 1 | H12: =COUNTIF(C12:G12,1) -> 3 | I12: 1 | J12: 1 | K12: 0 | L12: 0 | M12: 1 | N12: 0 | O12: 1 | P12: 1 | Q12: 1 | R12: =COUNTIF(I12:Q12,1) -> 6 | S12: =IF(AND(H12>=2,R12>=2),3,IF(OR(AND(H12>=2,R12=1),R12>=2),2,IF(OR(H12>=2,R12>=1),1,0))) -> 3 | T12: =IF(S12=0,"—",TEXT(S12,"0")) -> 3 | U12: =IF(S12=0,"—",TEXT(S12,"0")) -> 3 | V12: =IF(S12=0,"—",TEXT(S12,"0")) -> 3 | W12: — | X12: — | Y12: =IF(S12=0,"—",TEXT(S12,"0")) -> 3 | Z12: — | AA12: — | AB12: — | AC12: — | AD12: — | AE12: — | AF12: =IF(S12=0,"—",TEXT(S12,"0")) -> 3 | AG12: — | AH12: =IF(S12=0,"—",TEXT(S12,"0")) -> 3 | AI12: =IF(S12=0,"—",TEXT(S12,"0")) -> 3
A14: COURSE TOTALS | C14: =COUNTIF(C8:C12,1) -> 5 | D14: =COUNTIF(D8:D12,1) -> 5 | E14: =COUNTIF(E8:E12,1) -> 1 | F14: =COUNTIF(F8:F12,1) -> 1 | G14: =COUNTIF(G8:G12,1) -> 5 | H14: =SUM(H8:H12) -> 17 | I14: =COUNTIF(I8:I12,1) -> 5 | J14: =COUNTIF(J8:J12,1) -> 5 | K14: =COUNTIF(K8:K12,1) -> 2 | L14: =COUNTIF(L8:L12,1) -> 2 | M14: =COUNTIF(M8:M12,1) -> 1 | N14: =COUNTIF(N8:N12,1) -> 0 | O14: =COUNTIF(O8:O12,1) -> 1 | P14: =COUNTIF(P8:P12,1) -> 5 | Q14: =COUNTIF(Q8:Q12,1) -> 1 | R14: =SUM(R8:R12) -> 22
A15: AVERAGE MAPPING LEVEL | H15: =IFERROR(AVERAGE(H8:H12),0) -> 3.4 | R15: =IFERROR(AVERAGE(R8:R12),0) -> 4.4 | S15: =IFERROR(AVERAGE(S8:S12),0) -> 3 | U15: =IFERROR(AVERAGEIF(U8:U12,"<>—"),"") | V15: =IFERROR(AVERAGEIF(V8:V12,"<>—"),"") | W15: =IFERROR(AVERAGEIF(W8:W12,"<>—"),"") | X15: =IFERROR(AVERAGEIF(X8:X12,"<>—"),"") | Y15: =IFERROR(AVERAGEIF(Y8:Y12,"<>—"),"") | Z15: =IFERROR(AVERAGEIF(Z8:Z12,"<>—"),"") | AA15: =IFERROR(AVERAGEIF(AA8:AA12,"<>—"),"") | AB15: =IFERROR(AVERAGEIF(AB8:AB12,"<>—"),"") | ... AI15: =IFERROR(AVERAGEIF(AI8:AI12,"<>—"),"")

Sheet Type Analysis
A1: ASSESSMENT TYPE ANALYSIS — TI vs AI COUNT (All Courses)
A2: Breakdown of Test Items (TI) and Assessment Items (AI) used per CO across all courses. All values auto-linked.
A4: # | B4: CO | C4: Topic | D4: CS301 | H4: CS302 | L4: CS303 | P4: CS304 | T4: CS305
D5: TI | E5: AI | F5: Level | G5: Symbol | H5: TI | I5: AI | J5: Level | K5: Symbol | L5: TI | M5: AI | N5: Level | O5: Symbol | P5: TI | Q5: AI | R5: Level | S5: Symbol | T5: TI | U5: AI | V5: Level | W5: Symbol
A6: 1 | B6: CO1 | C6: (see course sheet) | D6: =CS301!H8 -> 3 | E6: =CS301!R8 -> 3 | F6: =CS301!S8 -> 3 | G6: =IF(CS301!S8=0,"—",TEXT(CS301!S8,"0")) -> 3 | H6: =CS302!H8 -> 3 | I6: =CS302!R8 -> 3 | J6: =CS302!S8 -> 3 | K6: =IF(CS302!S8=0,"—",TEXT(CS302!S8,"0")) -> 3 | L6: =CS303!H8 -> 3 | M6: =CS303!R8 -> 3 | N6: =CS303!S8 -> 3 | O6: =IF(CS303!S8=0,"—",TEXT(CS303!S8,"0")) -> 3 | P6: =CS304!H8 -> 3 | Q6: =CS304!R8 -> 3 | R6: =CS304!S8 -> 3 | S6: =IF(CS304!S8=0,"—",TEXT(CS304!S8,"0")) -> 3 | T6: =CS305!H8 -> 3 | U6: =CS305!R8 -> 5 | V6: =CS305!S8 -> 3 | W6: =IF(CS305!S8=0,"—",TEXT(CS305!S8,"0")) -> 3
A7: 2 | B7: CO2 | C7: (see course sheet) | D7: =CS301!H9 -> 3 | E7: =CS301!R9 -> 4 | F7: =CS301!S9 -> 3 | G7: =IF(CS301!S9=0,"—",TEXT(CS301!S9,"0")) -> 3 | H7: =CS302!H9 -> 3 | I7: =CS302!R9 -> 5 | J7: =CS302!S9 -> 3 | K7: =IF(CS302!S9=0,"—",TEXT(CS302!S9,"0")) -> 3 | L7: =CS303!H9 -> 4 | M7: =CS303!R9 -> 5 | N7: =CS303!S9 -> 3 | O7: =IF(CS303!S9=0,"—",TEXT(CS303!S9,"0")) -> 3 | P7: =CS304!H9 -> 4 | Q7: =CS304!R9 -> 5 | R7: =CS304!S9 -> 3 | S7: =IF(CS304!S9=0,"—",TEXT(CS304!S9,"0")) -> 3 | T7: =CS305!H9 -> 4 | U7: =CS305!R9 -> 5 | V7: =CS305!S9 -> 3 | W7: =IF(CS305!S9=0,"—",TEXT(CS305!S9,"0")) -> 3
A8: 3 | B8: CO3 | C8: (see course sheet) | D8: =CS301!H10 -> 4 | E8: =CS301!R10 -> 5 | F8: =CS301!S10 -> 3 | G8: =IF(CS301!S10=0,"—",TEXT(CS301!S10,"0")) -> 3 | H8: =CS302!H10 -> 4 | I8: =CS302!R10 -> 3 | J8: =CS302!S10 -> 3 | K8: =IF(CS302!S10=0,"—",TEXT(CS302!S10,"0")) -> 3 | L8: =CS303!H10 -> 3 | M8: =CS303!R10 -> 5 | N8: =CS303!S10 -> 3 | O8: =IF(CS303!S10=0,"—",TEXT(CS303!S10,"0")) -> 3 | P8: =CS304!H10 -> 3 | Q8: =CS304!R10 -> 4 | R8: =CS304!S10 -> 3 | S8: =IF(CS304!S10=0,"—",TEXT(CS304!S10,"0")) -> 3 | T8: =CS305!H10 -> 3 | U8: =CS305!R10 -> 7 | V8: =CS305!S10 -> 3 | W8: =IF(CS305!S10=0,"—",TEXT(CS305!S10,"0")) -> 3
A9: 4 | B9: CO4 | C9: (see course sheet) | D9: =CS301!H11 -> 4 | E9: =CS301!R11 -> 4 | F9: =CS301!S11 -> 3 | G9: =IF(CS301!S11=0,"—",TEXT(CS301!S11,"0")) -> 3 | H9: =CS302!H11 -> 3 | I9: =CS302!R11 -> 5 | J9: =CS302!S11 -> 3 | K9: =IF(CS302!S11=0,"—",TEXT(CS302!S11,"0")) -> 3 | L9: =CS303!H11 -> 4 | M9: =CS303!R11 -> 3 | N9: =CS303!S11 -> 3 | O9: =IF(CS303!S11=0,"—",TEXT(CS303!S11,"0")) -> 3 | P9: =CS304!H11 -> 3 | Q9: =CS304!R11 -> 4 | R9: =CS304!S11 -> 3 | S9: =IF(CS304!S11=0,"—",TEXT(CS304!S11,"0")) -> 3 | T9: =CS305!H11 -> 3 | U9: =CS305!R11 -> 5 | V9: =CS305!S11 -> 3 | W9: =IF(CS305!S11=0,"—",TEXT(CS305!S11,"0")) -> 3
A10: 5 | B10: CO5 | C10: (see course sheet) | D10: =CS301!H12 -> 3 | E10: =CS301!R12 -> 5 | F10: =CS301!S12 -> 3 | G10: =IF(CS301!S12=0,"—",TEXT(CS301!S12,"0")) -> 3 | H10: =CS302!H12 -> 3 | I10: =CS302!R12 -> 4 | J10: =CS302!S12 -> 3 | K10: =IF(CS302!S12=0,"—",TEXT(CS302!S12,"0")) -> 3 | L10: =CS303!H12 -> 3 | M10: =CS303!R12 -> 6 | N10: =CS303!S12 -> 3 | O10: =IF(CS303!S12=0,"—",TEXT(CS303!S12,"0")) -> 3 | P10: =CS304!H12 -> 3 | Q10: =CS304!R12 -> 3 | R10: =CS304!S12 -> 3 | S10: =IF(CS304!S12=0,"—",TEXT(CS304!S12,"0")) -> 3 | T10: =CS305!H12 -> 4 | U10: =CS305!R12 -> 5 | V10: =CS305!S12 -> 3 | W10: =IF(CS305!S12=0,"—",TEXT(CS305!S12,"0")) -> 3
A11: 6 | B11: CO6 | C11: (see course sheet) | D11: — | E11: — | F11: — | G11: — | H11: — | I11: — | J11: — | K11: — | L11: — | M11: — | N11: — | O11: — | P11: — | Q11: — | R11: — | S11: — | T11: =CS305!H13 -> 3 | U11: =CS305!R13 -> 8 | V11: =CS305!S13 -> 3 | W11: =IF(CS305!S13=0,"—",TEXT(CS305!S13,"0")) -> 3
A13: COURSE AVERAGES | D13: =IFERROR((D6+D7+D8+D9+D10)/5,0) -> 3.4 | E13: =IFERROR((E6+E7+E8+E9+E10)/5,0) -> 4.2 | F13: =IFERROR((F6+F7+F8+F9+F10)/5,0) -> 3 | H13: =IFERROR((H6+H7+H8+H9+H10)/5,0) -> 3.2 | I13: =IFERROR((I6+I7+I8+I9+I10)/5,0) -> 4 | J13: =IFERROR((J6+J7+J8+J9+J10)/5,0) -> 3 | L13: =IFERROR((L6+L7+L8+L9+L10)/5,0) -> 3.4 | M13: =IFERROR((M6+M7+M8+M9+M10)/5,0) -> 4.4 | N13: =IFERROR((N6+N7+N8+N9+N10)/5,0) -> 3 | P13: =IFERROR((P6+P7+P8+P9+P10)/5,0) -> 3.2 | Q13: =IFERROR((Q6+Q7+Q8+Q9+Q10)/5,0) -> 3.8 | R13: =IFERROR((R6+R7+R8+R9+R10)/5,0) -> 3 | T13: =IFERROR((T6+T7+T8+T9+T10+T11)/6,0) -> 3.3333333 | U13: =IFERROR((U6+U7+U8+U9+U10+U11)/6,0) -> 5.8333333 | V13: =IFERROR((V6+V7+V8+V9+V10+V11)/6,0) -> 3

Sheet CS304
A1: ASSESSMENT TYPE CO–PO MAPPING — Operating Systems (CS304)
A2: Method C: Mark 1=Used / 0=Not Used in TI (blue) and AI (orange) YELLOW cells | Level: TI≥2+AI≥2=3(High) TI≥2+AI=1 or AI≥2=2(Med) TI≥2 or AI≥1=1(Low) else No Mapping
C4: TEST ITEMS (TI) — Formal Written Exams | H4: TI Count | I4: ASSESSMENT ITEMS (AI) — Activity / Performance Based | R4: AI Count | S4: Level (0–3) | T4: Symbol | U4: CO–PO MAPPING LEVELS | AG4: CO–PSO MAPPING
A5: CO | B5: CO Topic / Description | C5: Mid Exam | D5: End Exam | E5: Class Test | F5: Surprise Test | G5: Univ. Exam | H5: TI Total | I5: Quiz | J5: Assignment | K5: Simulation | L5: Lab Expt | M5: Project | N5: Field Work | O5: Report/Pres. | P5: Tutorials | Q5: Activities | R5: AI Total | S5: Map Level | T5: Symbol —/1/2/3 | U5: PO1 | V5: PO2 | W5: PO3 | X5: PO4 | Y5: PO5 | Z5: PO6 | AA5: PO7 | AB5: PO8 | AC5: PO9 | AD5: PO10 | AE5: PO11 | AF5: PO12 | AG5: PSO1 | AH5: PSO2 | AI5: PSO3
B6: Item ID → | C6: TI1 | D6: TI2 | E6: TI3 | F6: TI4 | G6: TI5 | I6: AI1 | J6: AI2 | K6: AI3 | L6: AI4 | M6: AI5 | N6: AI6 | O6: AI7 | P6: AI8 | Q6: AI9
A7: ↓ Enter 1 = Used / 0 = Not Used in YELLOW cells below [Blue = Test Items | Orange = Assessment Items] ↓
A8: CO1 | B8: Processes, Threads, CPU Scheduling | C8: 1 | D8: 1 | E8: 0 | F8: 0 | G8: 1 | H8: =COUNTIF(C8:G8,1) -> 3 | I8: 1 | J8: 1 | K8: 0 | L8: 0 | M8: 0 | N8: 0 | O8: 0 | P8: 1 | Q8: 0 | R8: =COUNTIF(I8:Q8,1) -> 3 | S8: =IF(AND(H8>=2,R8>=2),3,IF(OR(AND(H8>=2,R8=1),R8>=2),2,IF(OR(H8>=2,R8>=1),1,0))) -> 3 | T8: =IF(S8=0,"—",TEXT(S8,"0")) -> 3 | U8: =IF(S8=0,"—",TEXT(S8,"0")) -> 3 | V8: =IF(S8=0,"—",TEXT(S8,"0")) -> 3 | W8: — | X8: — | Y8: — | Z8: — | AA8: — | AB8: — | AC8: — | AD8: — | AE8: — | AF8: =IF(S8=0,"—",TEXT(S8,"0")) -> 3 | AG8: — | AH8: — | AI8: =IF(S8=0,"—",TEXT(S8,"0")) -> 3
A9: CO2 | B9: Synchronization, Deadlock Handling | C9: 1 | D9: 1 | E9: 1 | F9: 0 | G9: 1 | H9: =COUNTIF(C9:G9,1) -> 4 | I9: 1 | J9: 1 | K9: 1 | L9: 1 | M9: 0 | N9: 0 | O9: 0 | P9: 1 | Q9: 0 | R9: =COUNTIF(I9:Q9,1) -> 5 | S9: =IF(AND(H9>=2,R9>=2),3,IF(OR(AND(H9>=2,R9=1),R9>=2),2,IF(OR(H9>=2,R9>=1),1,0))) -> 3 | T9: =IF(S9=0,"—",TEXT(S9,"0")) -> 3 | U9: =IF(S9=0,"—",TEXT(S9,"0")) -> 3 | V9: =IF(S9=0,"—",TEXT(S9,"0")) -> 3 | W9: =IF(S9=0,"—",TEXT(S9,"0")) -> 3 | X9: =IF(S9=0,"—",TEXT(S9,"0")) -> 3 | Y9: — | Z9: — | AA9: — | AB9: — | AC9: — | AD9: — | AE9: — | AF9: =IF(S9=0,"—",TEXT(S9,"0")) -> 3 | AG9: =IF(S9=0,"—",TEXT(S9,"0")) -> 3 | AH9: — | AI9: —
A10: CO3 | B10: Memory Management: Paging, Segmentation | C10: 1 | D10: 1 | E10: 0 | F10: 0 | G10: 1 | H10: =COUNTIF(C10:G10,1) -> 3 | I10: 1 | J10: 1 | K10: 0 | L10: 0 | M10: 1 | N10: 0 | O10: 0 | P10: 1 | Q10: 0 | R10: =COUNTIF(I10:Q10,1) -> 4 | S10: =IF(AND(H10>=2,R10>=2),3,IF(OR(AND(H10>=2,R10=1),R10>=2),2,IF(OR(H10>=2,R10>=1),1,0))) -> 3 | T10: =IF(S10=0,"—",TEXT(S10,"0")) -> 3 | U10: =IF(S10=0,"—",TEXT(S10,"0")) -> 3 | V10: =IF(S10=0,"—",TEXT(S10,"0")) -> 3 | W10: =IF(S10=0,"—",TEXT(S10,"0")) -> 3 | X10: =IF(S10=0,"—",TEXT(S10,"0")) -> 3 | Y10: — | Z10: — | AA10: — | AB10: — | AC10: — | AD10: — | AE10: — | AF10: =IF(S10=0,"—",TEXT(S10,"0")) -> 3 | AG10: =IF(S10=0,"—",TEXT(S10,"0")) -> 3 | AH10: — | AI10: —
A11: CO4 | B11: File System Organization | C11: 1 | D11: 1 | E11: 0 | F11: 0 | G11: 1 | H11: =COUNTIF(C11:G11,1) -> 3 | I11: 1 | J11: 1 | K11: 0 | L11: 1 | M11: 0 | N11: 0 | O11: 0 | P11: 1 | Q11: 0 | R11: =COUNTIF(I11:Q11,1) -> 4 | S11: =IF(AND(H11>=2,R11>=2),3,IF(OR(AND(H11>=2,R11=1),R11>=2),2,IF(OR(H11>=2,R11>=1),1,0))) -> 3 | T11: =IF(S11=0,"—",TEXT(S11,"0")) -> 3 | U11: =IF(S11=0,"—",TEXT(S11,"0")) -> 3 | V11: =IF(S11=0,"—",TEXT(S11,"0")) -> 3 | W11: — | X11: — | Y11: — | Z11: — | AA11: — | AB11: — | AC11: — | AD11: — | AE11: — | AF11: =IF(S11=0,"—",TEXT(S11,"0")) -> 3 | AG11: — | AH11: — | AI11: —
A12: CO5 | B12: I/O Management & Disk Scheduling | C12: 1 | D12: 1 | E12: 0 | F12: 0 | G12: 1 | H12: =COUNTIF(C12:G12,1) -> 3 | I12: 1 | J12: 1 | K12: 0 | L12: 1 | M12: 0 | N12: 0 | O12: 0 | P12: 0 | Q12: 0 | R12: =COUNTIF(I12:Q12,1) -> 3 | S12: =IF(AND(H12>=2,R12>=2),3,IF(OR(AND(H12>=2,R12=1),R12>=2),2,IF(OR(H12>=2,R12>=1),1,0))) -> 3 | T12: =IF(S12=0,"—",TEXT(S12,"0")) -> 3 | U12: =IF(S12=0,"—",TEXT(S12,"0")) -> 3 | V12: =IF(S12=0,"—",TEXT(S12,"0")) -> 3 | W12: — | X12: =IF(S12=0,"—",TEXT(S12,"0")) -> 3 | Y12: =IF(S12=0,"—",TEXT(S12,"0")) -> 3 | Z12: — | AA12: — | AB12: — | AC12: — | AD12: — | AE12: — | AF12: =IF(S12=0,"—",TEXT(S12,"0")) -> 3 | AG12: =IF(S12=0,"—",TEXT(S12,"0")) -> 3 | AH12: =IF(S12=0,"—",TEXT(S12,"0")) -> 3 | AI12: —
A14: COURSE TOTALS | C14: =COUNTIF(C8:C12,1) -> 5 | D14: =COUNTIF(D8:D12,1) -> 5 | E14: =COUNTIF(E8:E12,1) -> 1 | F14: =COUNTIF(F8:F12,1) -> 0 | G14: =COUNTIF(G8:G12,1) -> 5 | H14: =SUM(H8:H12) -> 16 | I14: =COUNTIF(I8:I12,1) -> 5 | J14: =COUNTIF(J8:J12,1) -> 5 | K14: =COUNTIF(K8:K12,1) -> 1 | L14: =COUNTIF(L8:L12,1) -> 3 | M14: =COUNTIF(M8:M12,1) -> 1 | N14: =COUNTIF(N8:N12,1) -> 0 | O14: =COUNTIF(O8:O12,1) -> 0 | P14: =COUNTIF(P8:P12,1) -> 4 | Q14: =COUNTIF(Q8:Q12,1) -> 0 | R14: =SUM(R8:R12) -> 19
A15: AVERAGE MAPPING LEVEL | H15: =IFERROR(AVERAGE(H8:H12),0) -> 3.2 | R15: =IFERROR(AVERAGE(R8:R12),0) -> 3.8 | S15: =IFERROR(AVERAGE(S8:S12),0) -> 3 | U15: =IFERROR(AVERAGEIF(U8:U12,"<>—"),"") | V15: =IFERROR(AVERAGEIF(V8:V12,"<>—"),"") | W15: =IFERROR(AVERAGEIF(W8:W12,"<>—"),"") | X15: =IFERROR(AVERAGEIF(X8:X12,"<>—"),"") | Y15: =IFERROR(AVERAGEIF(Y8:Y12,"<>—"),"") | Z15: =IFERROR(AVERAGEIF(Z8:Z12,"<>—"),"") | AA15: =IFERROR(AVERAGEIF(AA8:AA12,"<>—"),"") | AB15: =IFERROR(AVERAGEIF(AB8:AB12,"<>—"),"") | ... AI15: =IFERROR(AVERAGEIF(AI8:AI12,"<>—"),"")

Sheet CS305
A1: ASSESSMENT TYPE CO–PO MAPPING — Machine Learning (CS305)
A2: Method C: Mark 1=Used / 0=Not Used in TI (blue) and AI (orange) YELLOW cells | Level: TI≥2+AI≥2=3(High) TI≥2+AI=1 or AI≥2=2(Med) TI≥2 or AI≥1=1(Low) else No Mapping
C4: TEST ITEMS (TI) — Formal Written Exams | H4: TI Count | I4: ASSESSMENT ITEMS (AI) — Activity / Performance Based | R4: AI Count | S4: Level (0–3) | T4: Symbol | U4: CO–PO MAPPING LEVELS | AG4: CO–PSO MAPPING
A5: CO | B5: CO Topic / Description | C5: Mid Exam | D5: End Exam | E5: Class Test | F5: Surprise Test | G5: Univ. Exam | H5: TI Total | I5: Quiz | J5: Assignment | K5: Simulation | L5: Lab Expt | M5: Project | N5: Field Work | O5: Report/Pres. | P5: Tutorials | Q5: Activities | R5: AI Total | S5: Map Level | T5: Symbol —/1/2/3 | U5: PO1 | V5: PO2 | W5: PO3 | X5: PO4 | Y5: PO5 | Z5: PO6 | AA5: PO7 | AB5: PO8 | AC5: PO9 | AD5: PO10 | AE5: PO11 | AF5: PO12 | AG5: PSO1 | AH5: PSO2 | AI5: PSO3
B6: Item ID → | C6: TI1 | D6: TI2 | E6: TI3 | F6: TI4 | G6: TI5 | I6: AI1 | J6: AI2 | K6: AI3 | L6: AI4 | M6: AI5 | N6: AI6 | O6: AI7 | P6: AI8 | Q6: AI9
A7: ↓ Enter 1 = Used / 0 = Not Used in YELLOW cells below [Blue = Test Items | Orange = Assessment Items] ↓
A8: CO1 | B8: Supervised Learning: Regression, SVM | C8: 1 | D8: 1 | E8: 0 | F8: 0 | G8: 1 | H8: =COUNTIF(C8:G8,1) -> 3 | I8: 1 | J8: 1 | K8: 1 | L8: 1 | M8: 0 | N8: 0 | O8: 0 | P8: 1 | Q8: 0 | R8: =COUNTIF(I8:Q8,1) -> 5 | S8: =IF(AND(H8>=2,R8>=2),3,IF(OR(AND(H8>=2,R8=1),R8>=2),2,IF(OR(H8>=2,R8>=1),1,0))) -> 3 | T8: =IF(S8=0,"—",TEXT(S8,"0")) -> 3 | U8: =IF(S8=0,"—",TEXT(S8,"0")) -> 3 | V8: =IF(S8=0,"—",TEXT(S8,"0")) -> 3 | W8: — | X8: — | Y8: =IF(S8=0,"—",TEXT(S8,"0")) -> 3 | Z8: — | AA8: — | AB8: — | AC8: — | AD8: — | AE8: — | AF8: =IF(S8=0,"—",TEXT(S8,"0")) -> 3 | AG8: =IF(S8=0,"—",TEXT(S8,"0")) -> 3 | AH8: =IF(S8=0,"—",TEXT(S8,"0")) -> 3 | AI8: —
A9: CO2 | B9: Classification: Decision Trees, KNN | C9: 1 | D9: 1 | E9: 1 | F9: 0 | G9: 1 | H9: =COUNTIF(C9:G9,1) -> 4 | I9: 1 | J9: 1 | K9: 1 | L9: 1 | M9: 0 | N9: 0 | O9: 0 | P9: 1 | Q9: 0 | R9: =COUNTIF(I9:Q9,1) -> 5 | S9: =IF(AND(H9>=2,R9>=2),3,IF(OR(AND(H9>=2,R9=1),R9>=2),2,IF(OR(H9>=2,R9>=1),1,0))) -> 3 | T9: =IF(S9=0,"—",TEXT(S9,"0")) -> 3 | U9: =IF(S9=0,"—",TEXT(S9,"0")) -> 3 | V9: =IF(S9=0,"—",TEXT(S9,"0")) -> 3 | W9: =IF(S9=0,"—",TEXT(S9,"0")) -> 3 | X9: — | Y9: =IF(S9=0,"—",TEXT(S9,"0")) -> 3 | Z9: — | AA9: — | AB9: — | AC9: — | AD9: — | AE9: — | AF9: =IF(S9=0,"—",TEXT(S9,"0")) -> 3 | AG9: =IF(S9=0,"—",TEXT(S9,"0")) -> 3 | AH9: =IF(S9=0,"—",TEXT(S9,"0")) -> 3 | AI9: —
A10: CO3 | B10: Neural Networks & Deep Learning | C10: 1 | D10: 1 | E10: 0 | F10: 0 | G10: 1 | H10: =COUNTIF(C10:G10,1) -> 3 | I10: 1 | J10: 1 | K10: 1 | L10: 1 | M10: 1 | N10: 0 | O10: 1 | P10: 1 | Q10: 0 | R10: =COUNTIF(I10:Q10,1) -> 7 | S10: =IF(AND(H10>=2,R10>=2),3,IF(OR(AND(H10>=2,R10=1),R10>=2),2,IF(OR(H10>=2,R10>=1),1,0))) -> 3 | T10: =IF(S10=0,"—",TEXT(S10,"0")) -> 3 | U10: =IF(S10=0,"—",TEXT(S10,"0")) -> 3 | V10: =IF(S10=0,"—",TEXT(S10,"0")) -> 3 | W10: =IF(S10=0,"—",TEXT(S10,"0")) -> 3 | X10: — | Y10: =IF(S10=0,"—",TEXT(S10,"0")) -> 3 | Z10: — | AA10: — | AB10: — | AC10: — | AD10: — | AE10: — | AF10: =IF(S10=0,"—",TEXT(S10,"0")) -> 3 | AG10: =IF(S10=0,"—",TEXT(S10,"0")) -> 3 | AH10: =IF(S10=0,"—",TEXT(S10,"0")) -> 3 | AI10: =IF(S10=0,"—",TEXT(S10,"0")) -> 3
A11: CO4 | B11: Unsupervised Learning: Clustering, PCA | C11: 1 | D11: 1 | E11: 0 | F11: 0 | G11: 1 | H11: =COUNTIF(C11:G11,1) -> 3 | I11: 1 | J11: 1 | K11: 1 | L11: 1 | M11: 0 | N11: 0 | O11: 0 | P11: 1 | Q11: 0 | R11: =COUNTIF(I11:Q11,1) -> 5 | S11: =IF(AND(H11>=2,R11>=2),3,IF(OR(AND(H11>=2,R11=1),R11>=2),2,IF(OR(H11>=2,R11>=1),1,0))) -> 3 | T11: =IF(S11=0,"—",TEXT(S11,"0")) -> 3 | U11: =IF(S11=0,"—",TEXT(S11,"0")) -> 3 | V11: =IF(S11=0,"—",TEXT(S11,"0")) -> 3 | W11: — | X11: =IF(S11=0,"—",TEXT(S11,"0")) -> 3 | Y11: =IF(S11=0,"—",TEXT(S11,"0")) -> 3 | Z11: — | AA11: — | AB11: — | AC11: — | AD11: — | AE11: — | AF11: =IF(S11=0,"—",TEXT(S11,"0")) -> 3 | AG11: =IF(S11=0,"—",TEXT(S11,"0")) -> 3 | AH11: =IF(S11=0,"—",TEXT(S11,"0")) -> 3 | AI11: —
A12: CO5 | B12: Model Evaluation & Optimization | C12: 1 | D12: 1 | E12: 0 | F12: 1 | G12: 1 | H12: =COUNTIF(C12:G12,1) -> 4 | I12: 1 | J12: 1 | K12: 1 | L12: 1 | M12: 0 | N12: 0 | O12: 0 | P12: 1 | Q12: 0 | R12: =COUNTIF(I12:Q12,1) -> 5 | S12: =IF(AND(H12>=2,R12>=2),3,IF(OR(AND(H12>=2,R12=1),R12>=2),2,IF(OR(H12>=2,R12>=1),1,0))) -> 3 | T12: =IF(S12=0,"—",TEXT(S12,"0")) -> 3 | U12: =IF(S12=0,"—",TEXT(S12,"0")) -> 3 | V12: =IF(S12=0,"—",TEXT(S12,"0")) -> 3 | W12: =IF(S12=0,"—",TEXT(S12,"0")) -> 3 | X12: =IF(S12=0,"—",TEXT(S12,"0")) -> 3 | Y12: =IF(S12=0,"—",TEXT(S12,"0")) -> 3 | Z12: — | AA12: — | AB12: — | AC12: — | AD12: — | AE12: — | AF12: =IF(S12=0,"—",TEXT(S12,"0")) -> 3 | AG12: =IF(S12=0,"—",TEXT(S12,"0")) -> 3 | AH12: =IF(S12=0,"—",TEXT(S12,"0")) -> 3 | AI12: —
A13: CO6 | B13: Applied ML Projects & Case Studies | C13: 1 | D13: 1 | E13: 0 | F13: 0 | G13: 1 | H13: =COUNTIF(C13:G13,1) -> 3 | I13: 1 | J13: 1 | K13: 1 | L13: 1 | M13: 1 | N13: 0 | O13: 1 | P13: 1 | Q13: 1 | R13: =COUNTIF(I13:Q13,1) -> 8 | S13: =IF(AND(H13>=2,R13>=2),3,IF(OR(AND(H13>=2,R13=1),R13>=2),2,IF(OR(H13>=2,R13>=1),1,0))) -> 3 | T13: =IF(S13=0,"—",TEXT(S13,"0")) -> 3 | U13: =IF(S13=0,"—",TEXT(S13,"0")) -> 3 | V13: =IF(S13=0,"—",TEXT(S13,"0")) -> 3 | W13: =IF(S13=0,"—",TEXT(S13,"0")) -> 3 | X13: =IF(S13=0,"—",TEXT(S13,"0")) -> 3 | Y13: =IF(S13=0,"—",TEXT(S13,"0")) -> 3 | Z13: — | AA13: — | AB13: =IF(S13=0,"—",TEXT(S13,"0")) -> 3 | AC13: =IF(S13=0,"—",TEXT(S13,"0")) -> 3 | AD13: =IF(S13=0,"—",TEXT(S13,"0")) -> 3 | AE13: =IF(S13=0,"—",TEXT(S13,"0")) -> 3 | AF13: =IF(S13=0,"—",TEXT(S13,"0")) -> 3 | AG13: =IF(S13=0,"—",TEXT(S13,"0")) -> 3 | AH13: =IF(S13=0,"—",TEXT(S13,"0")) -> 3 | AI13: =IF(S13=0,"—",TEXT(S13,"0")) -> 3
A15: COURSE TOTALS | C15: =COUNTIF(C8:C13,1) -> 6 | D15: =COUNTIF(D8:D13,1) -> 6 | E15: =COUNTIF(E8:E13,1) -> 1 | F15: =COUNTIF(F8:F13,1) -> 1 | G15: =COUNTIF(G8:G13,1) -> 6 | H15: =SUM(H8:H13) -> 20 | I15: =COUNTIF(I8:I13,1) -> 6 | J15: =COUNTIF(J8:J13,1) -> 6 | K15: =COUNTIF(K8:K13,1) -> 6 | L15: =COUNTIF(L8:L13,1) -> 6 | M15: =COUNTIF(M8:M13,1) -> 2 | N15: =COUNTIF(N8:N13,1) -> 0 | O15: =COUNTIF(O8:O13,1) -> 2 | P15: =COUNTIF(P8:P13,1) -> 6 | Q15: =COUNTIF(Q8:Q13,1) -> 1 | R15: =SUM(R8:R13) -> 35
A16: AVERAGE MAPPING LEVEL | H16: =IFERROR(AVERAGE(H8:H13),0) -> 3.3333333 | R16: =IFERROR(AVERAGE(R8:R13),0) -> 5.8333333 | S16: =IFERROR(AVERAGE(S8:S13),0) -> 3 | U16: =IFERROR(AVERAGEIF(U8:U13,"<>—"),"") | V16: =IFERROR(AVERAGEIF(V8:V13,"<>—"),"") | W16: =IFERROR(AVERAGEIF(W8:W13,"<>—"),"") | X16: =IFERROR(AVERAGEIF(X8:X13,"<>—"),"") | Y16: =IFERROR(AVERAGEIF(Y8:Y13,"<>—"),"") | Z16: =IFERROR(AVERAGEIF(Z8:Z13,"<>—"),"") | AA16: =IFERROR(AVERAGEIF(AA8:AA13,"<>—"),"") | AB16: =IFERROR(AVERAGEIF(AB8:AB13,"<>—"),"") | ... AI16: =IFERROR(AVERAGEIF(AI8:AI13,"<>—"),"")
