Workbook

Sheet Guidelines
A1: CO–PO MAPPING: NUMBER OF ASSESSMENT TOOLS METHOD — Auto-Calculation Workbook
A2: Based on: NBA OBE Guidelines | Method B: Assessment Tools Count Method
A4: MAPPING LEVEL CRITERIA (from CO-PO Mapping Guidelines Document — Section B)
A5: Level | B5: Symbol | C5: No. of Assessment Tools | D5: Meaning | E5: Evidence Strength
A6: No Mapping | B6: — | C6: 0 tools | D6: CO has no measurable link to PO | E6: No evidence
A7: Low | B7: 1 | C7: 1 or 2 tools | D7: Limited evaluation exists | E7: Weak evidence — e.g. only assignment + mid exam
A8: Medium | B8: 2 | C8: 3 tools | D8: Moderate evaluation coverage | E8: E.g. Mid exam + Assignment + Lab assessment
A9: High | B9: 3 | C9: 4 or more tools | D9: Strong and comprehensive evaluation | E9: E.g. Mid + Asgn + Seminar + Project + Lab viva
A11: FORMULA USED IN THIS WORKBOOK
A12: Step | B12: Formula / Logic | C12: Notes
A13: Tool Count | B13: COUNTIF(tool_row, 1) — counts cells marked 1 (Used) | C13: Enter 1=Used or 0=Not Used in each tool column
A14: Mapping Level | B14: IF(count >= 4, 3, IF(count >= 3, 2, IF(count >= 1, 1, 0))) | C14: 0=No Mapping, 1=Low, 2=Medium, 3=High
A15: Symbol | B15: IF(level = 0, "—", level) | C15: Displayed in CO-PO matrix
A16: PO-wise Level | B16: IF(CO relevant to PO AND level > 0, level, "—") | C16: CO must be relevant to PO to show mapping
A17: Course Average | B17: AVERAGEIF(PO column range, "<>—") | C17: Summary across all COs in a course
A19: ASSESSMENT TOOLS USED IN THIS WORKBOOK (12 Tools)
A20: ID | B20: Tool Name | C20: Type | D20: Purpose / Related PO
A21: T01 | B21: Mid-Term Test | C21: Direct | D21: PO1, PO2 — Conceptual understanding, analytical ability
A22: T02 | B22: End-Term Test | C22: Direct | D22: PO1, PO2 — Complete syllabus understanding
A23: T03 | B23: Class Test | C23: Direct | D23: PO1 — Continuous assessment, quick evaluation
A24: T04 | B24: Surprise Test | C24: Direct | D24: PO1 — Preparedness, regular learning habits
A25: T05 | B25: Oral Examination (Viva) | C25: Direct | D25: PO10, PO9 — Communication, conceptual clarity
A26: T06 | B26: Continuous Internal Assessment (CIA) | C26: Direct | D26: PO1, PO2 — Assignments, quizzes, tutorials
A27: T07 | B27: Lab Practical Assessment | C27: Direct | D27: PO4, PO5 — Experimentation, tool handling, implementation
A28: T08 | B28: University Theory Exam | C28: Direct | D28: PO1, PO2 — Standardized, external validation
A29: T09 | B29: Practical Oral Exam | C29: Direct | D29: PO5 — Lab viva, implementation understanding
A30: T10 | B30: Seminar / Presentation | C30: Direct | D30: PO10, PO9 — Technical communication, presentation
A31: T11 | B31: Mini / Major Project | C31: Direct | D31: PO3, PO9, PO10, PO11 — Design, teamwork, innovation
A32: T12 | B32: Course Exit Survey | C32: Indirect | D32: All POs — Student perception, indirect CO achievement
A34: HOW TO USE THIS WORKBOOK
A35: 1. Open any Course sheet (CS301–CS305) → Mark 1 (Used) or 0 (Not Used) in each tool column per CO [Yellow cells]
A36: 2. Tool Count auto-calculates: = COUNTIF(row, 1) → counts how many tools are used
A37: 3. Mapping Level auto-calculates: 0 tools=No Map, 1–2=Low(1), 3=Medium(2), 4+=High(3)
A38: 4. CO-PO Mapping columns auto-show the level only for POs that the CO is relevant to
A39: 5. Open 'CO-PO Mapping' sheet → All values auto-linked from all 5 course sheets
A40: 6. Open 'Assessment Summary' sheet → See which tools are most/least used across courses
A41: 7. Change any 0→1 or 1→0 in yellow cells → All levels, symbols, and summaries update instantly

Sheet CS301
A1: ASSESSMENT TOOLS CO–PO MAPPING — Data Structures & Algorithms (CS301)
A2: Method B: Mark 1=Used / 0=Not Used in YELLOW cells per tool per CO | Tool Count auto-sums | Level: 0=— 1–2=1(Low) 3=2(Medium) 4+=3(High)
A4: Tool Types → | C4: Direct | D4: Direct | E4: Direct | F4: Direct | G4: Direct | H4: Direct | I4: Direct | J4: Direct | K4: Direct | L4: Direct | M4: Direct | N4: Indirect | O4: Count | P4: Level | Q4: Symbol | R4: PO Mapping Levels | AD4: PSO Mapping
A5: CO | B5: CO Topic | C5: Mid Test | D5: End Test | E5: Class Test | F5: Surprise Test | G5: Oral/Viva | H5: CIA | I5: Lab Practical | J5: Univ. Exam | K5: Practical Oral | L5: Seminar | M5: Project | N5: Exit Survey | O5: Total Tools | P5: Mapping Level | Q5: Symbol (—/1/2/3) | R5: PO1 | S5: PO2 | T5: PO3 | U5: PO4 | V5: PO5 | W5: PO6 | X5: PO7 | Y5: PO8 | Z5: PO9 | AA5: PO10 | AB5: PO11 | AC5: PO12 | AD5: PSO1 | AE5: PSO2 | AF5: PSO3
B6: Tool ID → | C6: T01 | D6: T02 | E6: T03 | F6: T04 | G6: T05 | H6: T06 | I6: T07 | J6: T08 | K6: T09 | L6: T10 | M6: T11 | N6: T12
A7: ↓ Enter 1 = Tool Used / 0 = Not Used in YELLOW cells below ↓
A8: CO1 | B8: Arrays, Linked Lists, Stacks, Queues | C8: 1 | D8: 1 | E8: 0 | F8: 0 | G8: 0 | H8: 1 | I8: 0 | J8: 1 | K8: 0 | L8: 0 | M8: 0 | N8: 1 | O8: =COUNTIF(C8:N8,1) -> 5 | P8: =IF(O8>=4,3,IF(O8>=3,2,IF(O8>=1,1,0))) -> 3 | Q8: =IF(P8=0,"—",TEXT(P8,"0")) -> 3 | R8: =IF(P8=0,"—",TEXT(P8,"0")) -> 3 | S8: =IF(P8=0,"—",TEXT(P8,"0")) -> 3 | T8: =IF(P8=0,"—",TEXT(P8,"0")) -> 3 | U8: — | V8: — | W8: — | X8: — | Y8: — | Z8: — | AA8: — | AB8: — | AC8: =IF(P8=0,"—",TEXT(P8,"0")) -> 3 | AD8: — | AE8: — | AF8: —
A9: CO2 | B9: Trees, Binary Search Trees, Heaps | C9: 1 | D9: 1 | E9: 0 | F9: 0 | G9: 0 | H9: 1 | I9: 1 | J9: 1 | K9: 0 | L9: 0 | M9: 0 | N9: 1 | O9: =COUNTIF(C9:N9,1) -> 6 | P9: =IF(O9>=4,3,IF(O9>=3,2,IF(O9>=1,1,0))) -> 3 | Q9: =IF(P9=0,"—",TEXT(P9,"0")) -> 3 | R9: =IF(P9=0,"—",TEXT(P9,"0")) -> 3 | S9: =IF(P9=0,"—",TEXT(P9,"0")) -> 3 | T9: =IF(P9=0,"—",TEXT(P9,"0")) -> 3 | U9: =IF(P9=0,"—",TEXT(P9,"0")) -> 3 | V9: — | W9: — | X9: — | Y9: — | Z9: — | AA9: — | AB9: — | AC9: =IF(P9=0,"—",TEXT(P9,"0")) -> 3 | AD9: — | AE9: — | AF9: —
A10: CO3 | B10: Graphs: BFS, DFS, Shortest Paths | C10: 1 | D10: 1 | E10: 1 | F10: 0 | G10: 0 | H10: 1 | I10: 1 | J10: 1 | K10: 0 | L10: 0 | M10: 0 | N10: 0 | O10: =COUNTIF(C10:N10,1) -> 6 | P10: =IF(O10>=4,3,IF(O10>=3,2,IF(O10>=1,1,0))) -> 3 | Q10: =IF(P10=0,"—",TEXT(P10,"0")) -> 3 | R10: =IF(P10=0,"—",TEXT(P10,"0")) -> 3 | S10: =IF(P10=0,"—",TEXT(P10,"0")) -> 3 | T10: =IF(P10=0,"—",TEXT(P10,"0")) -> 3 | U10: =IF(P10=0,"—",TEXT(P10,"0")) -> 3 | V10: =IF(P10=0,"—",TEXT(P10,"0")) -> 3 | W10: — | X10: — | Y10: — | Z10: — | AA10: — | AB10: — | AC10: =IF(P10=0,"—",TEXT(P10,"0")) -> 3 | AD10: — | AE10: — | AF10: —
A11: CO4 | B11: Sorting & Searching Algorithms | C11: 1 | D11: 1 | E11: 0 | F11: 1 | G11: 0 | H11: 1 | I11: 0 | J11: 1 | K11: 0 | L11: 0 | M11: 0 | N11: 1 | O11: =COUNTIF(C11:N11,1) -> 6 | P11: =IF(O11>=4,3,IF(O11>=3,2,IF(O11>=1,1,0))) -> 3 | Q11: =IF(P11=0,"—",TEXT(P11,"0")) -> 3 | R11: =IF(P11=0,"—",TEXT(P11,"0")) -> 3 | S11: =IF(P11=0,"—",TEXT(P11,"0")) -> 3 | T11: =IF(P11=0,"—",TEXT(P11,"0")) -> 3 | U11: — | V11: — | W11: — | X11: — | Y11: — | Z11: — | AA11: — | AB11: — | AC11: =IF(P11=0,"—",TEXT(P11,"0")) -> 3 | AD11: — | AE11: — | AF11: —
A12: CO5 | B12: Hashing, Complexity Analysis | C12: 1 | D12: 1 | E12: 0 | F12: 0 | G12: 1 | H12: 1 | I12: 0 | J12: 1 | K12: 0 | L12: 1 | M12: 0 | N12: 1 | O12: =COUNTIF(C12:N12,1) -> 7 | P12: =IF(O12>=4,3,IF(O12>=3,2,IF(O12>=1,1,0))) -> 3 | Q12: =IF(P12=0,"—",TEXT(P12,"0")) -> 3 | R12: =IF(P12=0,"—",TEXT(P12,"0")) -> 3 | S12: =IF(P12=0,"—",TEXT(P12,"0")) -> 3 | T12: — | U12: — | V12: — | W12: — | X12: — | Y12: — | Z12: — | AA12: — | AB12: — | AC12: =IF(P12=0,"—",TEXT(P12,"0")) -> 3 | AD12: — | AE12: — | AF12: —
A14: TOOL USAGE COUNT (across all COs) | C14: =COUNTIF(C8:C12,1) -> 5 | D14: =COUNTIF(D8:D12,1) -> 5 | E14: =COUNTIF(E8:E12,1) -> 1 | F14: =COUNTIF(F8:F12,1) -> 1 | G14: =COUNTIF(G8:G12,1) -> 1 | H14: =COUNTIF(H8:H12,1) -> 5 | I14: =COUNTIF(I8:I12,1) -> 2 | J14: =COUNTIF(J8:J12,1) -> 5 | ... N14: =COUNTIF(N8:N12,1) -> 4 | O14: =SUM(O8:O12) -> 30
A15: AVERAGE MAPPING LEVEL PER PO | O15: =IFERROR(AVERAGE(O8:O12),0) -> 6 | P15: =IFERROR(AVERAGE(P8:P12),0) -> 3 | R15: =IFERROR(AVERAGEIF(R8:R12,"<>—"),"") | S15: =IFERROR(AVERAGEIF(S8:S12,"<>—"),"") | T15: =IFERROR(AVERAGEIF(T8:T12,"<>—"),"") | U15: =IFERROR(AVERAGEIF(U8:U12,"<>—"),"") | V15: =IFERROR(AVERAGEIF(V8:V12,"<>—"),"") | W15: =IFERROR(AVERAGEIF(W8:W12,"<>—"),"") | X15: =IFERROR(AVERAGEIF(X8:X12,"<>—"),"") | Y15: =IFERROR(AVERAGEIF(Y8:Y12,"<>—"),"") | ... AF15: =IFERROR(AVERAGEIF(AF8:AF12,"<>—"),"")

Sheet CS302
A1: ASSESSMENT TOOLS CO–PO MAPPING — Database Management Systems (CS302)
A2: Method B: Mark 1=Used / 0=Not Used in YELLOW cells per tool per CO | Tool Count auto-sums | Level: 0=— 1–2=1(Low) 3=2(Medium) 4+=3(High)
A4: Tool Types → | C4: Direct | D4: Direct | E4: Direct | F4: Direct | G4: Direct | H4: Direct | I4: Direct | J4: Direct | K4: Direct | L4: Direct | M4: Direct | N4: Indirect | O4: Count | P4: Level | Q4: Symbol | R4: PO Mapping Levels | AD4: PSO Mapping
A5: CO | B5: CO Topic | C5: Mid Test | D5: End Test | E5: Class Test | F5: Surprise Test | G5: Oral/Viva | H5: CIA | I5: Lab Practical | J5: Univ. Exam | K5: Practical Oral | L5: Seminar | M5: Project | N5: Exit Survey | O5: Total Tools | P5: Mapping Level | Q5: Symbol (—/1/2/3) | R5: PO1 | S5: PO2 | T5: PO3 | U5: PO4 | V5: PO5 | W5: PO6 | X5: PO7 | Y5: PO8 | Z5: PO9 | AA5: PO10 | AB5: PO11 | AC5: PO12 | AD5: PSO1 | AE5: PSO2 | AF5: PSO3
B6: Tool ID → | C6: T01 | D6: T02 | E6: T03 | F6: T04 | G6: T05 | H6: T06 | I6: T07 | J6: T08 | K6: T09 | L6: T10 | M6: T11 | N6: T12
A7: ↓ Enter 1 = Tool Used / 0 = Not Used in YELLOW cells below ↓
A8: CO1 | B8: ER Model, Relational Algebra | C8: 1 | D8: 1 | E8: 0 | F8: 0 | G8: 0 | H8: 1 | I8: 0 | J8: 1 | K8: 0 | L8: 0 | M8: 0 | N8: 1 | O8: =COUNTIF(C8:N8,1) -> 5 | P8: =IF(O8>=4,3,IF(O8>=3,2,IF(O8>=1,1,0))) -> 3 | Q8: =IF(P8=0,"—",TEXT(P8,"0")) -> 3 | R8: =IF(P8=0,"—",TEXT(P8,"0")) -> 3 | S8: =IF(P8=0,"—",TEXT(P8,"0")) -> 3 | T8: =IF(P8=0,"—",TEXT(P8,"0")) -> 3 | U8: — | V8: — | W8: — | X8: — | Y8: — | Z8: — | AA8: — | AB8: — | AC8: =IF(P8=0,"—",TEXT(P8,"0")) -> 3 | AD8: — | AE8: — | AF8: —
A9: CO2 | B9: SQL — DDL, DML, Queries | C9: 1 | D9: 1 | E9: 0 | F9: 0 | G9: 1 | H9: 1 | I9: 1 | J9: 1 | K9: 1 | L9: 0 | M9: 0 | N9: 1 | O9: =COUNTIF(C9:N9,1) -> 8 | P9: =IF(O9>=4,3,IF(O9>=3,2,IF(O9>=1,1,0))) -> 3 | Q9: =IF(P9=0,"—",TEXT(P9,"0")) -> 3 | R9: =IF(P9=0,"—",TEXT(P9,"0")) -> 3 | S9: =IF(P9=0,"—",TEXT(P9,"0")) -> 3 | T9: =IF(P9=0,"—",TEXT(P9,"0")) -> 3 | U9: — | V9: =IF(P9=0,"—",TEXT(P9,"0")) -> 3 | W9: — | X9: — | Y9: — | Z9: — | AA9: — | AB9: — | AC9: =IF(P9=0,"—",TEXT(P9,"0")) -> 3 | AD9: — | AE9: — | AF9: —
A10: CO3 | B10: Normalization: 1NF–BCNF | C10: 1 | D10: 1 | E10: 1 | F10: 0 | G10: 0 | H10: 1 | I10: 0 | J10: 1 | K10: 0 | L10: 0 | M10: 0 | N10: 0 | O10: =COUNTIF(C10:N10,1) -> 5 | P10: =IF(O10>=4,3,IF(O10>=3,2,IF(O10>=1,1,0))) -> 3 | Q10: =IF(P10=0,"—",TEXT(P10,"0")) -> 3 | R10: =IF(P10=0,"—",TEXT(P10,"0")) -> 3 | S10: =IF(P10=0,"—",TEXT(P10,"0")) -> 3 | T10: =IF(P10=0,"—",TEXT(P10,"0")) -> 3 | U10: — | V10: — | W10: — | X10: — | Y10: — | Z10: — | AA10: — | AB10: — | AC10: =IF(P10=0,"—",TEXT(P10,"0")) -> 3 | AD10: — | AE10: — | AF10: —
A11: CO4 | B11: Transaction Management & Concurrency | C11: 1 | D11: 1 | E11: 0 | F11: 0 | G11: 0 | H11: 1 | I11: 0 | J11: 1 | K11: 0 | L11: 1 | M11: 0 | N11: 1 | O11: =COUNTIF(C11:N11,1) -> 6 | P11: =IF(O11>=4,3,IF(O11>=3,2,IF(O11>=1,1,0))) -> 3 | Q11: =IF(P11=0,"—",TEXT(P11,"0")) -> 3 | R11: =IF(P11=0,"—",TEXT(P11,"0")) -> 3 | S11: =IF(P11=0,"—",TEXT(P11,"0")) -> 3 | T11: =IF(P11=0,"—",TEXT(P11,"0")) -> 3 | U11: =IF(P11=0,"—",TEXT(P11,"0")) -> 3 | V11: — | W11: — | X11: — | Y11: — | Z11: — | AA11: — | AB11: — | AC11: =IF(P11=0,"—",TEXT(P11,"0")) -> 3 | AD11: — | AE11: — | AF11: —
A12: CO5 | B12: Indexing & Query Optimization | C12: 1 | D12: 1 | E12: 0 | F12: 0 | G12: 0 | H12: 1 | I12: 1 | J12: 1 | K12: 0 | L12: 0 | M12: 1 | N12: 1 | O12: =COUNTIF(C12:N12,1) -> 7 | P12: =IF(O12>=4,3,IF(O12>=3,2,IF(O12>=1,1,0))) -> 3 | Q12: =IF(P12=0,"—",TEXT(P12,"0")) -> 3 | R12: =IF(P12=0,"—",TEXT(P12,"0")) -> 3 | S12: =IF(P12=0,"—",TEXT(P12,"0")) -> 3 | T12: — | U12: =IF(P12=0,"—",TEXT(P12,"0")) -> 3 | V12: =IF(P12=0,"—",TEXT(P12,"0")) -> 3 | W12: — | X12: — | Y12: — | Z12: — | AA12: — | AB12: — | AC12: =IF(P12=0,"—",TEXT(P12,"0")) -> 3 | AD12: — | AE12: — | AF12: —
A14: TOOL USAGE COUNT (across all COs) | C14: =COUNTIF(C8:C12,1) -> 5 | D14: =COUNTIF(D8:D12,1) -> 5 | E14: =COUNTIF(E8:E12,1) -> 1 | F14: =COUNTIF(F8:F12,1) -> 0 | G14: =COUNTIF(G8:G12,1) -> 1 | H14: =COUNTIF(H8:H12,1) -> 5 | I14: =COUNTIF(I8:I12,1) -> 2 | J14: =COUNTIF(J8:J12,1) -> 5 | ... N14: =COUNTIF(N8:N12,1) -> 4 | O14: =SUM(O8:O12) -> 31
A15: AVERAGE MAPPING LEVEL PER PO | O15: =IFERROR(AVERAGE(O8:O12),0) -> 6.2 | P15: =IFERROR(AVERAGE(P8:P12),0) -> 3 | R15: =IFERROR(AVERAGEIF(R8:R12,"<>—"),"") | S15: =IFERROR(AVERAGEIF(S8:S12,"<>—"),"") | T15: =IFERROR(AVERAGEIF(T8:T12,"<>—"),"") | U15: =IFERROR(AVERAGEIF(U8:U12,"<>—"),"") | V15: =IFERROR(AVERAGEIF(V8:V12,"<>—"),"") | W15: =IFERROR(AVERAGEIF(W8:W12,"<>—"),"") | X15: =IFERROR(AVERAGEIF(X8:X12,"<>—"),"") | Y15: =IFERROR(AVERAGEIF(Y8:Y12,"<>—"),"") | ... AF15: =IFERROR(AVERAGEIF(AF8:AF12,"<>—"),"")

Sheet CO-PO Mapping
A1: CO–PO MAPPING MATRIX (Assessment Tools Count Method) — Auto-linked from course sheets
A2: Level: — = No Mapping | 1 = Low (1–2 tools) | 2 = Medium (3 tools) | 3 = High (4+ tools) | — in PO column = CO not relevant to that PO
A4: LEGEND → | F4: — No Mapping (0 tools) | G4: 1 Low (1–2 tools) | H4: 2 Medium (3 tools) | I4: 3 High (4+ tools)
A5: # | B5: Course | C5: Code | D5: CO | E5: Tools Used | F5: Level | G5: PROGRAMME OUTCOMES (PO1–PO12) | S5: PSOs
G6: PO1 | H6: PO2 | I6: PO3 | J6: PO4 | K6: PO5 | L6: PO6 | M6: PO7 | N6: PO8 | O6: PO9 | P6: PO10 | Q6: PO11 | R6: PO12 | S6: PSO1 | T6: PSO2 | U6: PSO3
A7: 1 | B7: Data Structures & Algorithms | C7: CS301 | D7: CO1 | E7: =CS301!O8 -> 5 | F7: =CS301!P8 -> 3 | G7: =IF(CS301!P8=0,"—",TEXT(CS301!P8,"0")) -> 3 | H7: =IF(CS301!P8=0,"—",TEXT(CS301!P8,"0")) -> 3 | I7: =IF(CS301!P8=0,"—",TEXT(CS301!P8,"0")) -> 3 | J7: — | K7: — | L7: — | M7: — | N7: — | O7: — | P7: — | Q7: — | R7: =IF(CS301!P8=0,"—",TEXT(CS301!P8,"0")) -> 3 | S7: — | T7: — | U7: —
D8: CO2 | E8: =CS301!O9 -> 6 | F8: =CS301!P9 -> 3 | G8: =IF(CS301!P9=0,"—",TEXT(CS301!P9,"0")) -> 3 | H8: =IF(CS301!P9=0,"—",TEXT(CS301!P9,"0")) -> 3 | I8: =IF(CS301!P9=0,"—",TEXT(CS301!P9,"0")) -> 3 | J8: =IF(CS301!P9=0,"—",TEXT(CS301!P9,"0")) -> 3 | K8: — | L8: — | M8: — | N8: — | O8: — | P8: — | Q8: — | R8: =IF(CS301!P9=0,"—",TEXT(CS301!P9,"0")) -> 3 | S8: — | T8: — | U8: —
D9: CO3 | E9: =CS301!O10 -> 6 | F9: =CS301!P10 -> 3 | G9: =IF(CS301!P10=0,"—",TEXT(CS301!P10,"0")) -> 3 | H9: =IF(CS301!P10=0,"—",TEXT(CS301!P10,"0")) -> 3 | I9: =IF(CS301!P10=0,"—",TEXT(CS301!P10,"0")) -> 3 | J9: =IF(CS301!P10=0,"—",TEXT(CS301!P10,"0")) -> 3 | K9: =IF(CS301!P10=0,"—",TEXT(CS301!P10,"0")) -> 3 | L9: — | M9: — | N9: — | O9: — | P9: — | Q9: — | R9: =IF(CS301!P10=0,"—",TEXT(CS301!P10,"0")) -> 3 | S9: — | T9: — | U9: —
D10: CO4 | E10: =CS301!O11 -> 6 | F10: =CS301!P11 -> 3 | G10: =IF(CS301!P11=0,"—",TEXT(CS301!P11,"0")) -> 3 | H10: =IF(CS301!P11=0,"—",TEXT(CS301!P11,"0")) -> 3 | I10: =IF(CS301!P11=0,"—",TEXT(CS301!P11,"0")) -> 3 | J10: — | K10: — | L10: — | M10: — | N10: — | O10: — | P10: — | Q10: — | R10: =IF(CS301!P11=0,"—",TEXT(CS301!P11,"0")) -> 3 | S10: — | T10: — | U10: —
D11: CO5 | E11: =CS301!O12 -> 7 | F11: =CS301!P12 -> 3 | G11: =IF(CS301!P12=0,"—",TEXT(CS301!P12,"0")) -> 3 | H11: =IF(CS301!P12=0,"—",TEXT(CS301!P12,"0")) -> 3 | I11: — | J11: — | K11: — | L11: — | M11: — | N11: — | O11: — | P11: — | Q11: — | R11: =IF(CS301!P12=0,"—",TEXT(CS301!P12,"0")) -> 3 | S11: — | T11: — | U11: —
A12: 2 | B12: Database Management Systems | C12: CS302 | D12: CO1 | E12: =CS302!O8 -> 5 | F12: =CS302!P8 -> 3 | G12: =IF(CS302!P8=0,"—",TEXT(CS302!P8,"0")) -> 3 | H12: =IF(CS302!P8=0,"—",TEXT(CS302!P8,"0")) -> 3 | I12: =IF(CS302!P8=0,"—",TEXT(CS302!P8,"0")) -> 3 | J12: — | K12: — | L12: — | M12: — | N12: — | O12: — | P12: — | Q12: — | R12: =IF(CS302!P8=0,"—",TEXT(CS302!P8,"0")) -> 3 | S12: — | T12: — | U12: —
D13: CO2 | E13: =CS302!O9 -> 8 | F13: =CS302!P9 -> 3 | G13: =IF(CS302!P9=0,"—",TEXT(CS302!P9,"0")) -> 3 | H13: =IF(CS302!P9=0,"—",TEXT(CS302!P9,"0")) -> 3 | I13: =IF(CS302!P9=0,"—",TEXT(CS302!P9,"0")) -> 3 | J13: — | K13: =IF(CS302!P9=0,"—",TEXT(CS302!P9,"0")) -> 3 | L13: — | M13: — | N13: — | O13: — | P13: — | Q13: — | R13: =IF(CS302!P9=0,"—",TEXT(CS302!P9,"0")) -> 3 | S13: — | T13: — | U13: —
D14: CO3 | E14: =CS302!O10 -> 5 | F14: =CS302!P10 -> 3 | G14: =IF(CS302!P10=0,"—",TEXT(CS302!P10,"0")) -> 3 | H14: =IF(CS302!P10=0,"—",TEXT(CS302!P10,"0")) -> 3 | I14: =IF(CS302!P10=0,"—",TEXT(CS302!P10,"0")) -> 3 | J14: — | K14: — | L14: — | M14: — | N14: — | O14: — | P14: — | Q14: — | R14: =IF(CS302!P10=0,"—",TEXT(CS302!P10,"0")) -> 3 | S14: — | T14: — | U14: —
D15: CO4 | E15: =CS302!O11 -> 6 | F15: =CS302!P11 -> 3 | G15: =IF(CS302!P11=0,"—",TEXT(CS302!P11,"0")) -> 3 | H15: =IF(CS302!P11=0,"—",TEXT(CS302!P11,"0")) -> 3 | I15: =IF(CS302!P11=0,"—",TEXT(CS302!P11,"0")) -> 3 | J15: =IF(CS302!P11=0,"—",TEXT(CS302!P11,"0")) -> 3 | K15: — | L15: — | M15: — | N15: — | O15: — | P15: — | Q15: — | R15: =IF(CS302!P11=0,"—",TEXT(CS302!P11,"0")) -> 3 | S15: — | T15: — | U15: —
D16: CO5 | E16: =CS302!O12 -> 7 | F16: =CS302!P12 -> 3 | G16: =IF(CS302!P12=0,"—",TEXT(CS302!P12,"0")) -> 3 | H16: =IF(CS302!P12=0,"—",TEXT(CS302!P12,"0")) -> 3 | I16: — | J16: =IF(CS302!P12=0,"—",TEXT(CS302!P12,"0")) -> 3 | K16: =IF(CS302!P12=0,"—",TEXT(CS302!P12,"0")) -> 3 | L16: — | M16: — | N16: — | O16: — | P16: — | Q16: — | R16: =IF(CS302!P12=0,"—",TEXT(CS302!P12,"0")) -> 3 | S16: — | T16: — | U16: —
A17: 3 | B17: Computer Networks | C17: CS303 | D17: CO1 | E17: =CS303!O8 -> 5 | F17: =CS303!P8 -> 3 | G17: =IF(CS303!P8=0,"—",TEXT(CS303!P8,"0")) -> 3 | H17: =IF(CS303!P8=0,"—",TEXT(CS303!P8,"0")) -> 3 | I17: — | J17: — | K17: =IF(CS303!P8=0,"—",TEXT(CS303!P8,"0")) -> 3 | L17: — | M17: — | N17: — | O17: — | P17: — | Q17: — | R17: =IF(CS303!P8=0,"—",TEXT(CS303!P8,"0")) -> 3 | S17: — | T17: — | U17: —
D18: CO2 | E18: =CS303!O9 -> 6 | F18: =CS303!P9 -> 3 | G18: =IF(CS303!P9=0,"—",TEXT(CS303!P9,"0")) -> 3 | H18: =IF(CS303!P9=0,"—",TEXT(CS303!P9,"0")) -> 3 | I18: =IF(CS303!P9=0,"—",TEXT(CS303!P9,"0")) -> 3 | J18: — | K18: =IF(CS303!P9=0,"—",TEXT(CS303!P9,"0")) -> 3 | L18: — | M18: — | N18: — | O18: — | P18: — | Q18: — | R18: =IF(CS303!P9=0,"—",TEXT(CS303!P9,"0")) -> 3 | S18: — | T18: — | U18: —
D19: CO3 | E19: =CS303!O10 -> 7 | F19: =CS303!P10 -> 3 | G19: =IF(CS303!P10=0,"—",TEXT(CS303!P10,"0")) -> 3 | H19: =IF(CS303!P10=0,"—",TEXT(CS303!P10,"0")) -> 3 | I19: =IF(CS303!P10=0,"—",TEXT(CS303!P10,"0")) -> 3 | J19: =IF(CS303!P10=0,"—",TEXT(CS303!P10,"0")) -> 3 | K19: =IF(CS303!P10=0,"—",TEXT(CS303!P10,"0")) -> 3 | L19: — | M19: — | N19: — | O19: — | P19: — | Q19: — | R19: =IF(CS303!P10=0,"—",TEXT(CS303!P10,"0")) -> 3 | S19: — | T19: — | U19: —
D20: CO4 | E20: =CS303!O11 -> 6 | F20: =CS303!P11 -> 3 | G20: =IF(CS303!P11=0,"—",TEXT(CS303!P11,"0")) -> 3 | H20: =IF(CS303!P11=0,"—",TEXT(CS303!P11,"0")) -> 3 | I20: =IF(CS303!P11=0,"—",TEXT(CS303!P11,"0")) -> 3 | J20: — | K20: — | L20: — | M20: — | N20: — | O20: — | P20: — | Q20: — | R20: =IF(CS303!P11=0,"—",TEXT(CS303!P11,"0")) -> 3 | S20: — | T20: — | U20: —
D21: CO5 | E21: =CS303!O12 -> 7 | F21: =CS303!P12 -> 3 | G21: =IF(CS303!P12=0,"—",TEXT(CS303!P12,"0")) -> 3 | H21: =IF(CS303!P12=0,"—",TEXT(CS303!P12,"0")) -> 3 | I21: — | J21: — | K21: =IF(CS303!P12=0,"—",TEXT(CS303!P12,"0")) -> 3 | L21: — | M21: — | N21: — | O21: — | P21: — | Q21: — | R21: =IF(CS303!P12=0,"—",TEXT(CS303!P12,"0")) -> 3 | S21: — | T21: — | U21: —
A22: 4 | B22: Operating Systems | C22: CS304 | D22: CO1 | E22: =CS304!O8 -> 5 | F22: =CS304!P8 -> 3 | G22: =IF(CS304!P8=0,"—",TEXT(CS304!P8,"0")) -> 3 | H22: =IF(CS304!P8=0,"—",TEXT(CS304!P8,"0")) -> 3 | I22: — | J22: — | K22: — | L22: — | M22: — | N22: — | O22: — | P22: — | Q22: — | R22: =IF(CS304!P8=0,"—",TEXT(CS304!P8,"0")) -> 3 | S22: — | T22: — | U22: —
D23: CO2 | E23: =CS304!O9 -> 7 | F23: =CS304!P9 -> 3 | G23: =IF(CS304!P9=0,"—",TEXT(CS304!P9,"0")) -> 3 | H23: =IF(CS304!P9=0,"—",TEXT(CS304!P9,"0")) -> 3 | I23: =IF(CS304!P9=0,"—",TEXT(CS304!P9,"0")) -> 3 | J23: =IF(CS304!P9=0,"—",TEXT(CS304!P9,"0")) -> 3 | K23: — | L23: — | M23: — | N23: — | O23: — | P23: — | Q23: — | R23: =IF(CS304!P9=0,"—",TEXT(CS304!P9,"0")) -> 3 | S23: — | T23: — | U23: —
D24: CO3 | E24: =CS304!O10 -> 6 | F24: =CS304!P10 -> 3 | G24: =IF(CS304!P10=0,"—",TEXT(CS304!P10,"0")) -> 3 | H24: =IF(CS304!P10=0,"—",TEXT(CS304!P10,"0")) -> 3 | I24: =IF(CS304!P10=0,"—",TEXT(CS304!P10,"0")) -> 3 | J24: =IF(CS304!P10=0,"—",TEXT(CS304!P10,"0")) -> 3 | K24: — | L24: — | M24: — | N24: — | O24: — | P24: — | Q24: — | R24: =IF(CS304!P10=0,"—",TEXT(CS304!P10,"0")) -> 3 | S24: — | T24: — | U24: —
D25: CO4 | E25: =CS304!O11 -> 6 | F25: =CS304!P11 -> 3 | G25: =IF(CS304!P11=0,"—",TEXT(CS304!P11,"0")) -> 3 | H25: =IF(CS304!P11=0,"—",TEXT(CS304!P11,"0")) -> 3 | I25: — | J25: — | K25: — | L25: — | M25: — | N25: — | O25: — | P25: — | Q25: — | R25: =IF(CS304!P11=0,"—",TEXT(CS304!P11,"0")) -> 3 | S25: — | T25: — | U25: —
D26: CO5 | E26: =CS304!O12 -> 7 | F26: =CS304!P12 -> 3 | G26: =IF(CS304!P12=0,"—",TEXT(CS304!P12,"0")) -> 3 | H26: =IF(CS304!P12=0,"—",TEXT(CS304!P12,"0")) -> 3 | I26: — | J26: =IF(CS304!P12=0,"—",TEXT(CS304!P12,"0")) -> 3 | K26: =IF(CS304!P12=0,"—",TEXT(CS304!P12,"0")) -> 3 | L26: — | M26: — | N26: — | O26: — | P26: — | Q26: — | R26: =IF(CS304!P12=0,"—",TEXT(CS304!P12,"0")) -> 3 | S26: — | T26: — | U26: —
A27: 5 | B27: Machine Learning | C27: CS305 | D27: CO1 | E27: =CS305!O8 -> 6 | F27: =CS305!P8 -> 3 | G27: =IF(CS305!P8=0,"—",TEXT(CS305!P8,"0")) -> 3 | H27: =IF(CS305!P8=0,"—",TEXT(CS305!P8,"0")) -> 3 | I27: — | J27: — | K27: =IF(CS305!P8=0,"—",TEXT(CS305!P8,"0")) -> 3 | L27: — | M27: — | N27: — | O27: — | P27: — | Q27: — | R27: =IF(CS305!P8=0,"—",TEXT(CS305!P8,"0")) -> 3 | S27: — | T27: — | U27: —
D28: CO2 | E28: =CS305!O9 -> 7 | F28: =CS305!P9 -> 3 | G28: =IF(CS305!P9=0,"—",TEXT(CS305!P9,"0")) -> 3 | H28: =IF(CS305!P9=0,"—",TEXT(CS305!P9,"0")) -> 3 | I28: =IF(CS305!P9=0,"—",TEXT(CS305!P9,"0")) -> 3 | J28: — | K28: =IF(CS305!P9=0,"—",TEXT(CS305!P9,"0")) -> 3 | L28: — | M28: — | N28: — | O28: — | P28: — | Q28: — | R28: =IF(CS305!P9=0,"—",TEXT(CS305!P9,"0")) -> 3 | S28: — | T28: — | U28: —
D29: CO3 | E29: =CS305!O10 -> 8 | F29: =CS305!P10 -> 3 | G29: =IF(CS305!P10=0,"—",TEXT(CS305!P10,"0")) -> 3 | H29: =IF(CS305!P10=0,"—",TEXT(CS305!P10,"0")) -> 3 | I29: =IF(CS305!P10=0,"—",TEXT(CS305!P10,"0")) -> 3 | J29: — | K29: =IF(CS305!P10=0,"—",TEXT(CS305!P10,"0")) -> 3 | L29: — | M29: — | N29: — | O29: — | P29: — | Q29: — | R29: =IF(CS305!P10=0,"—",TEXT(CS305!P10,"0")) -> 3 | S29: — | T29: — | U29: —
D30: CO4 | E30: =CS305!O11 -> 6 | F30: =CS305!P11 -> 3 | G30: =IF(CS305!P11=0,"—",TEXT(CS305!P11,"0")) -> 3 | H30: =IF(CS305!P11=0,"—",TEXT(CS305!P11,"0")) -> 3 | I30: — | J30: =IF(CS305!P11=0,"—",TEXT(CS305!P11,"0")) -> 3 | K30: =IF(CS305!P11=0,"—",TEXT(CS305!P11,"0")) -> 3 | L30: — | M30: — | N30: — | O30: — | P30: — | Q30: — | R30: =IF(CS305!P11=0,"—",TEXT(CS305!P11,"0")) -> 3 | S30: — | T30: — | U30: —
D31: CO5 | E31: =CS305!O12 -> 7 | F31: =CS305!P12 -> 3 | G31: =IF(CS305!P12=0,"—",TEXT(CS305!P12,"0")) -> 3 | H31: =IF(CS305!P12=0,"—",TEXT(CS305!P12,"0")) -> 3 | I31: =IF(CS305!P12=0,"—",TEXT(CS305!P12,"0")) -> 3 | J31: =IF(CS305!P12=0,"—",TEXT(CS305!P12,"0")) -> 3 | K31: =IF(CS305!P12=0,"—",TEXT(CS305!P12,"0")) -> 3 | L31: — | M31: — | N31: — | O31: — | P31: — | Q31: — | R31: =IF(CS305!P12=0,"—",TEXT(CS305!P12,"0")) -> 3 | S31: — | T31: — | U31: —
D32: CO6 | E32: =CS305!O13 -> 10 | F32: =CS305!P13 -> 3 | G32: =IF(CS305!P13=0,"—",TEXT(CS305!P13,"0")) -> 3 | H32: =IF(CS305!P13=0,"—",TEXT(CS305!P13,"0")) -> 3 | I32: =IF(CS305!P13=0,"—",TEXT(CS305!P13,"0")) -> 3 | J32: =IF(CS305!P13=0,"—",TEXT(CS305!P13,"0")) -> 3 | K32: =IF(CS305!P13=0,"—",TEXT(CS305!P13,"0")) -> 3 | L32: — | M32: — | N32: =IF(CS305!P13=0,"—",TEXT(CS305!P13,"0")) -> 3 | O32: =IF(CS305!P13=0,"—",TEXT(CS305!P13,"0")) -> 3 | P32: =IF(CS305!P13=0,"—",TEXT(CS305!P13,"0")) -> 3 | Q32: =IF(CS305!P13=0,"—",TEXT(CS305!P13,"0")) -> 3 | R32: =IF(CS305!P13=0,"—",TEXT(CS305!P13,"0")) -> 3 | S32: — | T32: — | U32: —
A34: DEPT AVERAGE (all courses) | E34: =AVERAGE(E7:E32) -> 6.4230769 | F34: =AVERAGE(F7:F32) -> 3 | G34: =IFERROR(AVERAGEIF(G7:G32,"<>—"),"") | H34: =IFERROR(AVERAGEIF(H7:H32,"<>—"),"") | I34: =IFERROR(AVERAGEIF(I7:I32,"<>—"),"") | J34: =IFERROR(AVERAGEIF(J7:J32,"<>—"),"") | K34: =IFERROR(AVERAGEIF(K7:K32,"<>—"),"") | L34: =IFERROR(AVERAGEIF(L7:L32,"<>—"),"") | M34: =IFERROR(AVERAGEIF(M7:M32,"<>—"),"") | N34: =IFERROR(AVERAGEIF(N7:N32,"<>—"),"") | ... U34: =IFERROR(AVERAGEIF(U7:U32,"<>—"),"")

Sheet CS303
A1: ASSESSMENT TOOLS CO–PO MAPPING — Computer Networks (CS303)
A2: Method B: Mark 1=Used / 0=Not Used in YELLOW cells per tool per CO | Tool Count auto-sums | Level: 0=— 1–2=1(Low) 3=2(Medium) 4+=3(High)
A4: Tool Types → | C4: Direct | D4: Direct | E4: Direct | F4: Direct | G4: Direct | H4: Direct | I4: Direct | J4: Direct | K4: Direct | L4: Direct | M4: Direct | N4: Indirect | O4: Count | P4: Level | Q4: Symbol | R4: PO Mapping Levels | AD4: PSO Mapping
A5: CO | B5: CO Topic | C5: Mid Test | D5: End Test | E5: Class Test | F5: Surprise Test | G5: Oral/Viva | H5: CIA | I5: Lab Practical | J5: Univ. Exam | K5: Practical Oral | L5: Seminar | M5: Project | N5: Exit Survey | O5: Total Tools | P5: Mapping Level | Q5: Symbol (—/1/2/3) | R5: PO1 | S5: PO2 | T5: PO3 | U5: PO4 | V5: PO5 | W5: PO6 | X5: PO7 | Y5: PO8 | Z5: PO9 | AA5: PO10 | AB5: PO11 | AC5: PO12 | AD5: PSO1 | AE5: PSO2 | AF5: PSO3
B6: Tool ID → | C6: T01 | D6: T02 | E6: T03 | F6: T04 | G6: T05 | H6: T06 | I6: T07 | J6: T08 | K6: T09 | L6: T10 | M6: T11 | N6: T12
A7: ↓ Enter 1 = Tool Used / 0 = Not Used in YELLOW cells below ↓
A8: CO1 | B8: OSI & TCP/IP Model, Protocols | C8: 1 | D8: 1 | E8: 0 | F8: 0 | G8: 0 | H8: 1 | I8: 0 | J8: 1 | K8: 0 | L8: 0 | M8: 0 | N8: 1 | O8: =COUNTIF(C8:N8,1) -> 5 | P8: =IF(O8>=4,3,IF(O8>=3,2,IF(O8>=1,1,0))) -> 3 | Q8: =IF(P8=0,"—",TEXT(P8,"0")) -> 3 | R8: =IF(P8=0,"—",TEXT(P8,"0")) -> 3 | S8: =IF(P8=0,"—",TEXT(P8,"0")) -> 3 | T8: — | U8: — | V8: =IF(P8=0,"—",TEXT(P8,"0")) -> 3 | W8: — | X8: — | Y8: — | Z8: — | AA8: — | AB8: — | AC8: =IF(P8=0,"—",TEXT(P8,"0")) -> 3 | AD8: — | AE8: — | AF8: —
A9: CO2 | B9: Data Link Layer, MAC, Error Control | C9: 1 | D9: 1 | E9: 1 | F9: 0 | G9: 0 | H9: 1 | I9: 1 | J9: 1 | K9: 0 | L9: 0 | M9: 0 | N9: 0 | O9: =COUNTIF(C9:N9,1) -> 6 | P9: =IF(O9>=4,3,IF(O9>=3,2,IF(O9>=1,1,0))) -> 3 | Q9: =IF(P9=0,"—",TEXT(P9,"0")) -> 3 | R9: =IF(P9=0,"—",TEXT(P9,"0")) -> 3 | S9: =IF(P9=0,"—",TEXT(P9,"0")) -> 3 | T9: =IF(P9=0,"—",TEXT(P9,"0")) -> 3 | U9: — | V9: =IF(P9=0,"—",TEXT(P9,"0")) -> 3 | W9: — | X9: — | Y9: — | Z9: — | AA9: — | AB9: — | AC9: =IF(P9=0,"—",TEXT(P9,"0")) -> 3 | AD9: — | AE9: — | AF9: —
A10: CO3 | B10: Network Layer: IP, Routing Algorithms | C10: 1 | D10: 1 | E10: 0 | F10: 0 | G10: 0 | H10: 1 | I10: 1 | J10: 1 | K10: 1 | L10: 0 | M10: 0 | N10: 1 | O10: =COUNTIF(C10:N10,1) -> 7 | P10: =IF(O10>=4,3,IF(O10>=3,2,IF(O10>=1,1,0))) -> 3 | Q10: =IF(P10=0,"—",TEXT(P10,"0")) -> 3 | R10: =IF(P10=0,"—",TEXT(P10,"0")) -> 3 | S10: =IF(P10=0,"—",TEXT(P10,"0")) -> 3 | T10: =IF(P10=0,"—",TEXT(P10,"0")) -> 3 | U10: =IF(P10=0,"—",TEXT(P10,"0")) -> 3 | V10: =IF(P10=0,"—",TEXT(P10,"0")) -> 3 | W10: — | X10: — | Y10: — | Z10: — | AA10: — | AB10: — | AC10: =IF(P10=0,"—",TEXT(P10,"0")) -> 3 | AD10: — | AE10: — | AF10: —
A11: CO4 | B11: Transport Layer: TCP, UDP, Flow Control | C11: 1 | D11: 1 | E11: 0 | F11: 1 | G11: 0 | H11: 1 | I11: 0 | J11: 1 | K11: 0 | L11: 0 | M11: 0 | N11: 1 | O11: =COUNTIF(C11:N11,1) -> 6 | P11: =IF(O11>=4,3,IF(O11>=3,2,IF(O11>=1,1,0))) -> 3 | Q11: =IF(P11=0,"—",TEXT(P11,"0")) -> 3 | R11: =IF(P11=0,"—",TEXT(P11,"0")) -> 3 | S11: =IF(P11=0,"—",TEXT(P11,"0")) -> 3 | T11: =IF(P11=0,"—",TEXT(P11,"0")) -> 3 | U11: — | V11: — | W11: — | X11: — | Y11: — | Z11: — | AA11: — | AB11: — | AC11: =IF(P11=0,"—",TEXT(P11,"0")) -> 3 | AD11: — | AE11: — | AF11: —
A12: CO5 | B12: Application Layer: DNS, HTTP, FTP | C12: 1 | D12: 1 | E12: 0 | F12: 0 | G12: 1 | H12: 1 | I12: 0 | J12: 1 | K12: 0 | L12: 1 | M12: 0 | N12: 1 | O12: =COUNTIF(C12:N12,1) -> 7 | P12: =IF(O12>=4,3,IF(O12>=3,2,IF(O12>=1,1,0))) -> 3 | Q12: =IF(P12=0,"—",TEXT(P12,"0")) -> 3 | R12: =IF(P12=0,"—",TEXT(P12,"0")) -> 3 | S12: =IF(P12=0,"—",TEXT(P12,"0")) -> 3 | T12: — | U12: — | V12: =IF(P12=0,"—",TEXT(P12,"0")) -> 3 | W12: — | X12: — | Y12: — | Z12: — | AA12: — | AB12: — | AC12: =IF(P12=0,"—",TEXT(P12,"0")) -> 3 | AD12: — | AE12: — | AF12: —
A14: TOOL USAGE COUNT (across all COs) | C14: =COUNTIF(C8:C12,1) -> 5 | D14: =COUNTIF(D8:D12,1) -> 5 | E14: =COUNTIF(E8:E12,1) -> 1 | F14: =COUNTIF(F8:F12,1) -> 1 | G14: =COUNTIF(G8:G12,1) -> 1 | H14: =COUNTIF(H8:H12,1) -> 5 | I14: =COUNTIF(I8:I12,1) -> 2 | J14: =COUNTIF(J8:J12,1) -> 5 | ... N14: =COUNTIF(N8:N12,1) -> 4 | O14: =SUM(O8:O12) -> 31
A15: AVERAGE MAPPING LEVEL PER PO | O15: =IFERROR(AVERAGE(O8:O12),0) -> 6.2 | P15: =IFERROR(AVERAGE(P8:P12),0) -> 3 | R15: =IFERROR(AVERAGEIF(R8:R12,"<>—"),"") | S15: =IFERROR(AVERAGEIF(S8:S12,"<>—"),"") | T15: =IFERROR(AVERAGEIF(T8:T12,"<>—"),"") | U15: =IFERROR(AVERAGEIF(U8:U12,"<>—"),"") | V15: =IFERROR(AVERAGEIF(V8:V12,"<>—"),"") | W15: =IFERROR(AVERAGEIF(W8:W12,"<>—"),"") | X15: =IFERROR(AVERAGEIF(X8:X12,"<>—"),"") | Y15: =IFERROR(AVERAGEIF(Y8:Y12,"<>—"),"") | ... AF15: =IFERROR(AVERAGEIF(AF8:AF12,"<>—"),"")

Sheet Assessment Summary
A1: ASSESSMENT TOOLS USAGE SUMMARY — ALL COURSES
A2: This sheet shows how many COs use each assessment tool per course. All values auto-linked from course sheets.
A4: # | B4: Tool ID | C4: Tool Name | D4: Type | E4: CS301 | G4: CS302 | I4: CS303 | K4: CS304 | M4: CS305 | O4: TOTAL
E5: COs Using | F5: % of COs | G5: COs Using | H5: % of COs | I5: COs Using | J5: % of COs | K5: COs Using | L5: % of COs | M5: COs Using | N5: % of COs | O5: All COs Using | P5: Avg %
A6: 1 | B6: T01 | C6: Mid-Term Test | D6: Direct | E6: =COUNTIF(CS301!C8:C12,1) -> 5 | F6: =IFERROR(E6/5,0) -> 1 | G6: =COUNTIF(CS302!C8:C12,1) -> 5 | H6: =IFERROR(G6/5,0) -> 1 | I6: =COUNTIF(CS303!C8:C12,1) -> 5 | J6: =IFERROR(I6/5,0) -> 1 | K6: =COUNTIF(CS304!C8:C12,1) -> 5 | L6: =IFERROR(K6/5,0) -> 1 | M6: =COUNTIF(CS305!C8:C13,1) -> 6 | N6: =IFERROR(M6/6,0) -> 1 | O6: =E6+G6+I6+K6+M6 -> 26 | P6: =IFERROR(O6/26,0) -> 1
A7: 2 | B7: T02 | C7: End-Term Test | D7: Direct | E7: =COUNTIF(CS301!D8:D12,1) -> 5 | F7: =IFERROR(E7/5,0) -> 1 | G7: =COUNTIF(CS302!D8:D12,1) -> 5 | H7: =IFERROR(G7/5,0) -> 1 | I7: =COUNTIF(CS303!D8:D12,1) -> 5 | J7: =IFERROR(I7/5,0) -> 1 | K7: =COUNTIF(CS304!D8:D12,1) -> 5 | L7: =IFERROR(K7/5,0) -> 1 | M7: =COUNTIF(CS305!D8:D13,1) -> 6 | N7: =IFERROR(M7/6,0) -> 1 | O7: =E7+G7+I7+K7+M7 -> 26 | P7: =IFERROR(O7/26,0) -> 1
A8: 3 | B8: T03 | C8: Class Test | D8: Direct | E8: =COUNTIF(CS301!E8:E12,1) -> 1 | F8: =IFERROR(E8/5,0) -> 0.2 | G8: =COUNTIF(CS302!E8:E12,1) -> 1 | H8: =IFERROR(G8/5,0) -> 0.2 | I8: =COUNTIF(CS303!E8:E12,1) -> 1 | J8: =IFERROR(I8/5,0) -> 0.2 | K8: =COUNTIF(CS304!E8:E12,1) -> 1 | L8: =IFERROR(K8/5,0) -> 0.2 | M8: =COUNTIF(CS305!E8:E13,1) -> 1 | N8: =IFERROR(M8/6,0) -> 0.16666667 | O8: =E8+G8+I8+K8+M8 -> 5 | P8: =IFERROR(O8/26,0) -> 0.19230769
A9: 4 | B9: T04 | C9: Surprise Test | D9: Direct | E9: =COUNTIF(CS301!F8:F12,1) -> 1 | F9: =IFERROR(E9/5,0) -> 0.2 | G9: =COUNTIF(CS302!F8:F12,1) -> 0 | H9: =IFERROR(G9/5,0) -> 0 | I9: =COUNTIF(CS303!F8:F12,1) -> 1 | J9: =IFERROR(I9/5,0) -> 0.2 | K9: =COUNTIF(CS304!F8:F12,1) -> 0 | L9: =IFERROR(K9/5,0) -> 0 | M9: =COUNTIF(CS305!F8:F13,1) -> 1 | N9: =IFERROR(M9/6,0) -> 0.16666667 | O9: =E9+G9+I9+K9+M9 -> 3 | P9: =IFERROR(O9/26,0) -> 0.11538462
A10: 5 | B10: T05 | C10: Oral Examination (Viva) | D10: Direct | E10: =COUNTIF(CS301!G8:G12,1) -> 1 | F10: =IFERROR(E10/5,0) -> 0.2 | G10: =COUNTIF(CS302!G8:G12,1) -> 1 | H10: =IFERROR(G10/5,0) -> 0.2 | I10: =COUNTIF(CS303!G8:G12,1) -> 1 | J10: =IFERROR(I10/5,0) -> 0.2 | K10: =COUNTIF(CS304!G8:G12,1) -> 1 | L10: =IFERROR(K10/5,0) -> 0.2 | M10: =COUNTIF(CS305!G8:G13,1) -> 2 | N10: =IFERROR(M10/6,0) -> 0.33333333 | O10: =E10+G10+I10+K10+M10 -> 6 | P10: =IFERROR(O10/26,0) -> 0.23076923
A11: 6 | B11: T06 | C11: Continuous Internal Assess. | D11: Direct | E11: =COUNTIF(CS301!H8:H12,1) -> 5 | F11: =IFERROR(E11/5,0) -> 1 | G11: =COUNTIF(CS302!H8:H12,1) -> 5 | H11: =IFERROR(G11/5,0) -> 1 | I11: =COUNTIF(CS303!H8:H12,1) -> 5 | J11: =IFERROR(I11/5,0) -> 1 | K11: =COUNTIF(CS304!H8:H12,1) -> 5 | L11: =IFERROR(K11/5,0) -> 1 | M11: =COUNTIF(CS305!H8:H13,1) -> 6 | N11: =IFERROR(M11/6,0) -> 1 | O11: =E11+G11+I11+K11+M11 -> 26 | P11: =IFERROR(O11/26,0) -> 1
A12: 7 | B12: T07 | C12: Lab Practical Assessment | D12: Direct | E12: =COUNTIF(CS301!I8:I12,1) -> 2 | F12: =IFERROR(E12/5,0) -> 0.4 | G12: =COUNTIF(CS302!I8:I12,1) -> 2 | H12: =IFERROR(G12/5,0) -> 0.4 | I12: =COUNTIF(CS303!I8:I12,1) -> 2 | J12: =IFERROR(I12/5,0) -> 0.4 | K12: =COUNTIF(CS304!I8:I12,1) -> 3 | L12: =IFERROR(K12/5,0) -> 0.6 | M12: =COUNTIF(CS305!I8:I13,1) -> 6 | N12: =IFERROR(M12/6,0) -> 1 | O12: =E12+G12+I12+K12+M12 -> 15 | P12: =IFERROR(O12/26,0) -> 0.57692308
A13: 8 | B13: T08 | C13: University Theory Exam | D13: Direct | E13: =COUNTIF(CS301!J8:J12,1) -> 5 | F13: =IFERROR(E13/5,0) -> 1 | G13: =COUNTIF(CS302!J8:J12,1) -> 5 | H13: =IFERROR(G13/5,0) -> 1 | I13: =COUNTIF(CS303!J8:J12,1) -> 5 | J13: =IFERROR(I13/5,0) -> 1 | K13: =COUNTIF(CS304!J8:J12,1) -> 5 | L13: =IFERROR(K13/5,0) -> 1 | M13: =COUNTIF(CS305!J8:J13,1) -> 6 | N13: =IFERROR(M13/6,0) -> 1 | O13: =E13+G13+I13+K13+M13 -> 26 | P13: =IFERROR(O13/26,0) -> 1
A14: 9 | B14: T09 | C14: Practical Oral Exam | D14: Direct | E14: =COUNTIF(CS301!K8:K12,1) -> 0 | F14: =IFERROR(E14/5,0) -> 0 | G14: =COUNTIF(CS302!K8:K12,1) -> 1 | H14: =IFERROR(G14/5,0) -> 0.2 | I14: =COUNTIF(CS303!K8:K12,1) -> 1 | J14: =IFERROR(I14/5,0) -> 0.2 | K14: =COUNTIF(CS304!K8:K12,1) -> 1 | L14: =IFERROR(K14/5,0) -> 0.2 | M14: =COUNTIF(CS305!K8:K13,1) -> 1 | N14: =IFERROR(M14/6,0) -> 0.16666667 | O14: =E14+G14+I14+K14+M14 -> 4 | P14: =IFERROR(O14/26,0) -> 0.15384615
A15: 10 | B15: T10 | C15: Seminar / Presentation | D15: Direct | E15: =COUNTIF(CS301!L8:L12,1) -> 1 | F15: =IFERROR(E15/5,0) -> 0.2 | G15: =COUNTIF(CS302!L8:L12,1) -> 1 | H15: =IFERROR(G15/5,0) -> 0.2 | I15: =COUNTIF(CS303!L8:L12,1) -> 1 | J15: =IFERROR(I15/5,0) -> 0.2 | K15: =COUNTIF(CS304!L8:L12,1) -> 1 | L15: =IFERROR(K15/5,0) -> 0.2 | M15: =COUNTIF(CS305!L8:L13,1) -> 2 | N15: =IFERROR(M15/6,0) -> 0.33333333 | O15: =E15+G15+I15+K15+M15 -> 6 | P15: =IFERROR(O15/26,0) -> 0.23076923
A16: 11 | B16: T11 | C16: Mini / Major Project | D16: Direct | E16: =COUNTIF(CS301!M8:M12,1) -> 0 | F16: =IFERROR(E16/5,0) -> 0 | G16: =COUNTIF(CS302!M8:M12,1) -> 1 | H16: =IFERROR(G16/5,0) -> 0.2 | I16: =COUNTIF(CS303!M8:M12,1) -> 0 | J16: =IFERROR(I16/5,0) -> 0 | K16: =COUNTIF(CS304!M8:M12,1) -> 0 | L16: =IFERROR(K16/5,0) -> 0 | M16: =COUNTIF(CS305!M8:M13,1) -> 1 | N16: =IFERROR(M16/6,0) -> 0.16666667 | O16: =E16+G16+I16+K16+M16 -> 2 | P16: =IFERROR(O16/26,0) -> 0.076923077
A17: 12 | B17: T12 | C17: Course Exit Survey | D17: Indirect | E17: =COUNTIF(CS301!N8:N12,1) -> 4 | F17: =IFERROR(E17/5,0) -> 0.8 | G17: =COUNTIF(CS302!N8:N12,1) -> 4 | H17: =IFERROR(G17/5,0) -> 0.8 | I17: =COUNTIF(CS303!N8:N12,1) -> 4 | J17: =IFERROR(I17/5,0) -> 0.8 | K17: =COUNTIF(CS304!N8:N12,1) -> 4 | L17: =IFERROR(K17/5,0) -> 0.8 | M17: =COUNTIF(CS305!N8:N13,1) -> 6 | N17: =IFERROR(M17/6,0) -> 1 | O17: =E17+G17+I17+K17+M17 -> 22 | P17: =IFERROR(O17/26,0) -> 0.84615385
A19: TOOLS PER CO (Average) | E19: =IFERROR(CS301!O14/5,0) -> 6 | G19: =IFERROR(CS302!O14/5,0) -> 6.2 | I19: =IFERROR(CS303!O14/5,0) -> 6.2 | K19: =IFERROR(CS304!O14/5,0) -> 6.2 | M19: =IFERROR(CS305!O15/6,0) -> 7.3333333

Sheet CS304
A1: ASSESSMENT TOOLS CO–PO MAPPING — Operating Systems (CS304)
A2: Method B: Mark 1=Used / 0=Not Used in YELLOW cells per tool per CO | Tool Count auto-sums | Level: 0=— 1–2=1(Low) 3=2(Medium) 4+=3(High)
A4: Tool Types → | C4: Direct | D4: Direct | E4: Direct | F4: Direct | G4: Direct | H4: Direct | I4: Direct | J4: Direct | K4: Direct | L4: Direct | M4: Direct | N4: Indirect | O4: Count | P4: Level | Q4: Symbol | R4: PO Mapping Levels | AD4: PSO Mapping
A5: CO | B5: CO Topic | C5: Mid Test | D5: End Test | E5: Class Test | F5: Surprise Test | G5: Oral/Viva | H5: CIA | I5: Lab Practical | J5: Univ. Exam | K5: Practical Oral | L5: Seminar | M5: Project | N5: Exit Survey | O5: Total Tools | P5: Mapping Level | Q5: Symbol (—/1/2/3) | R5: PO1 | S5: PO2 | T5: PO3 | U5: PO4 | V5: PO5 | W5: PO6 | X5: PO7 | Y5: PO8 | Z5: PO9 | AA5: PO10 | AB5: PO11 | AC5: PO12 | AD5: PSO1 | AE5: PSO2 | AF5: PSO3
B6: Tool ID → | C6: T01 | D6: T02 | E6: T03 | F6: T04 | G6: T05 | H6: T06 | I6: T07 | J6: T08 | K6: T09 | L6: T10 | M6: T11 | N6: T12
A7: ↓ Enter 1 = Tool Used / 0 = Not Used in YELLOW cells below ↓
A8: CO1 | B8: Processes, Threads, CPU Scheduling | C8: 1 | D8: 1 | E8: 0 | F8: 0 | G8: 0 | H8: 1 | I8: 0 | J8: 1 | K8: 0 | L8: 0 | M8: 0 | N8: 1 | O8: =COUNTIF(C8:N8,1) -> 5 | P8: =IF(O8>=4,3,IF(O8>=3,2,IF(O8>=1,1,0))) -> 3 | Q8: =IF(P8=0,"—",TEXT(P8,"0")) -> 3 | R8: =IF(P8=0,"—",TEXT(P8,"0")) -> 3 | S8: =IF(P8=0,"—",TEXT(P8,"0")) -> 3 | T8: — | U8: — | V8: — | W8: — | X8: — | Y8: — | Z8: — | AA8: — | AB8: — | AC8: =IF(P8=0,"—",TEXT(P8,"0")) -> 3 | AD8: — | AE8: — | AF8: —
A9: CO2 | B9: Synchronization, Deadlock Handling | C9: 1 | D9: 1 | E9: 1 | F9: 0 | G9: 1 | H9: 1 | I9: 1 | J9: 1 | K9: 0 | L9: 0 | M9: 0 | N9: 0 | O9: =COUNTIF(C9:N9,1) -> 7 | P9: =IF(O9>=4,3,IF(O9>=3,2,IF(O9>=1,1,0))) -> 3 | Q9: =IF(P9=0,"—",TEXT(P9,"0")) -> 3 | R9: =IF(P9=0,"—",TEXT(P9,"0")) -> 3 | S9: =IF(P9=0,"—",TEXT(P9,"0")) -> 3 | T9: =IF(P9=0,"—",TEXT(P9,"0")) -> 3 | U9: =IF(P9=0,"—",TEXT(P9,"0")) -> 3 | V9: — | W9: — | X9: — | Y9: — | Z9: — | AA9: — | AB9: — | AC9: =IF(P9=0,"—",TEXT(P9,"0")) -> 3 | AD9: — | AE9: — | AF9: —
A10: CO3 | B10: Memory Management: Paging, Segmentation | C10: 1 | D10: 1 | E10: 0 | F10: 0 | G10: 0 | H10: 1 | I10: 0 | J10: 1 | K10: 0 | L10: 1 | M10: 0 | N10: 1 | O10: =COUNTIF(C10:N10,1) -> 6 | P10: =IF(O10>=4,3,IF(O10>=3,2,IF(O10>=1,1,0))) -> 3 | Q10: =IF(P10=0,"—",TEXT(P10,"0")) -> 3 | R10: =IF(P10=0,"—",TEXT(P10,"0")) -> 3 | S10: =IF(P10=0,"—",TEXT(P10,"0")) -> 3 | T10: =IF(P10=0,"—",TEXT(P10,"0")) -> 3 | U10: =IF(P10=0,"—",TEXT(P10,"0")) -> 3 | V10: — | W10: — | X10: — | Y10: — | Z10: — | AA10: — | AB10: — | AC10: =IF(P10=0,"—",TEXT(P10,"0")) -> 3 | AD10: — | AE10: — | AF10: —
A11: CO4 | B11: File System Organization & Management | C11: 1 | D11: 1 | E11: 0 | F11: 0 | G11: 0 | H11: 1 | I11: 1 | J11: 1 | K11: 0 | L11: 0 | M11: 0 | N11: 1 | O11: =COUNTIF(C11:N11,1) -> 6 | P11: =IF(O11>=4,3,IF(O11>=3,2,IF(O11>=1,1,0))) -> 3 | Q11: =IF(P11=0,"—",TEXT(P11,"0")) -> 3 | R11: =IF(P11=0,"—",TEXT(P11,"0")) -> 3 | S11: =IF(P11=0,"—",TEXT(P11,"0")) -> 3 | T11: — | U11: — | V11: — | W11: — | X11: — | Y11: — | Z11: — | AA11: — | AB11: — | AC11: =IF(P11=0,"—",TEXT(P11,"0")) -> 3 | AD11: — | AE11: — | AF11: —
A12: CO5 | B12: I/O Management & Disk Scheduling | C12: 1 | D12: 1 | E12: 0 | F12: 0 | G12: 0 | H12: 1 | I12: 1 | J12: 1 | K12: 1 | L12: 0 | M12: 0 | N12: 1 | O12: =COUNTIF(C12:N12,1) -> 7 | P12: =IF(O12>=4,3,IF(O12>=3,2,IF(O12>=1,1,0))) -> 3 | Q12: =IF(P12=0,"—",TEXT(P12,"0")) -> 3 | R12: =IF(P12=0,"—",TEXT(P12,"0")) -> 3 | S12: =IF(P12=0,"—",TEXT(P12,"0")) -> 3 | T12: — | U12: =IF(P12=0,"—",TEXT(P12,"0")) -> 3 | V12: =IF(P12=0,"—",TEXT(P12,"0")) -> 3 | W12: — | X12: — | Y12: — | Z12: — | AA12: — | AB12: — | AC12: =IF(P12=0,"—",TEXT(P12,"0")) -> 3 | AD12: — | AE12: — | AF12: —
A14: TOOL USAGE COUNT (across all COs) | C14: =COUNTIF(C8:C12,1) -> 5 | D14: =COUNTIF(D8:D12,1) -> 5 | E14: =COUNTIF(E8:E12,1) -> 1 | F14: =COUNTIF(F8:F12,1) -> 0 | G14: =COUNTIF(G8:G12,1) -> 1 | H14: =COUNTIF(H8:H12,1) -> 5 | I14: =COUNTIF(I8:I12,1) -> 3 | J14: =COUNTIF(J8:J12,1) -> 5 | ... N14: =COUNTIF(N8:N12,1) -> 4 | O14: =SUM(O8:O12) -> 31
A15: AVERAGE MAPPING LEVEL PER PO | O15: =IFERROR(AVERAGE(O8:O12),0) -> 6.2 | P15: =IFERROR(AVERAGE(P8:P12),0) -> 3 | R15: =IFERROR(AVERAGEIF(R8:R12,"<>—"),"") | S15: =IFERROR(AVERAGEIF(S8:S12,"<>—"),"") | T15: =IFERROR(AVERAGEIF(T8:T12,"<>—"),"") | U15: =IFERROR(AVERAGEIF(U8:U12,"<>—"),"") | V15: =IFERROR(AVERAGEIF(V8:V12,"<>—"),"") | W15: =IFERROR(AVERAGEIF(W8:W12,"<>—"),"") | X15: =IFERROR(AVERAGEIF(X8:X12,"<>—"),"") | Y15: =IFERROR(AVERAGEIF(Y8:Y12,"<>—"),"") | ... AF15: =IFERROR(AVERAGEIF(AF8:AF12,"<>—"),"")

Sheet CS305
A1: ASSESSMENT TOOLS CO–PO MAPPING — Machine Learning (CS305)
A2: Method B: Mark 1=Used / 0=Not Used in YELLOW cells per tool per CO | Tool Count auto-sums | Level: 0=— 1–2=1(Low) 3=2(Medium) 4+=3(High)
A4: Tool Types → | C4: Direct | D4: Direct | E4: Direct | F4: Direct | G4: Direct | H4: Direct | I4: Direct | J4: Direct | K4: Direct | L4: Direct | M4: Direct | N4: Indirect | O4: Count | P4: Level | Q4: Symbol | R4: PO Mapping Levels | AD4: PSO Mapping
A5: CO | B5: CO Topic | C5: Mid Test | D5: End Test | E5: Class Test | F5: Surprise Test | G5: Oral/Viva | H5: CIA | I5: Lab Practical | J5: Univ. Exam | K5: Practical Oral | L5: Seminar | M5: Project | N5: Exit Survey | O5: Total Tools | P5: Mapping Level | Q5: Symbol (—/1/2/3) | R5: PO1 | S5: PO2 | T5: PO3 | U5: PO4 | V5: PO5 | W5: PO6 | X5: PO7 | Y5: PO8 | Z5: PO9 | AA5: PO10 | AB5: PO11 | AC5: PO12 | AD5: PSO1 | AE5: PSO2 | AF5: PSO3
B6: Tool ID → | C6: T01 | D6: T02 | E6: T03 | F6: T04 | G6: T05 | H6: T06 | I6: T07 | J6: T08 | K6: T09 | L6: T10 | M6: T11 | N6: T12
A7: ↓ Enter 1 = Tool Used / 0 = Not Used in YELLOW cells below ↓
A8: CO1 | B8: Supervised Learning: Regression, SVM | C8: 1 | D8: 1 | E8: 0 | F8: 0 | G8: 0 | H8: 1 | I8: 1 | J8: 1 | K8: 0 | L8: 0 | M8: 0 | N8: 1 | O8: =COUNTIF(C8:N8,1) -> 6 | P8: =IF(O8>=4,3,IF(O8>=3,2,IF(O8>=1,1,0))) -> 3 | Q8: =IF(P8=0,"—",TEXT(P8,"0")) -> 3 | R8: =IF(P8=0,"—",TEXT(P8,"0")) -> 3 | S8: =IF(P8=0,"—",TEXT(P8,"0")) -> 3 | T8: — | U8: — | V8: =IF(P8=0,"—",TEXT(P8,"0")) -> 3 | W8: — | X8: — | Y8: — | Z8: — | AA8: — | AB8: — | AC8: =IF(P8=0,"—",TEXT(P8,"0")) -> 3 | AD8: — | AE8: — | AF8: —
A9: CO2 | B9: Classification: Decision Trees, KNN | C9: 1 | D9: 1 | E9: 1 | F9: 0 | G9: 0 | H9: 1 | I9: 1 | J9: 1 | K9: 0 | L9: 0 | M9: 0 | N9: 1 | O9: =COUNTIF(C9:N9,1) -> 7 | P9: =IF(O9>=4,3,IF(O9>=3,2,IF(O9>=1,1,0))) -> 3 | Q9: =IF(P9=0,"—",TEXT(P9,"0")) -> 3 | R9: =IF(P9=0,"—",TEXT(P9,"0")) -> 3 | S9: =IF(P9=0,"—",TEXT(P9,"0")) -> 3 | T9: =IF(P9=0,"—",TEXT(P9,"0")) -> 3 | U9: — | V9: =IF(P9=0,"—",TEXT(P9,"0")) -> 3 | W9: — | X9: — | Y9: — | Z9: — | AA9: — | AB9: — | AC9: =IF(P9=0,"—",TEXT(P9,"0")) -> 3 | AD9: — | AE9: — | AF9: —
A10: CO3 | B10: Neural Networks & Deep Learning | C10: 1 | D10: 1 | E10: 0 | F10: 0 | G10: 1 | H10: 1 | I10: 1 | J10: 1 | K10: 0 | L10: 1 | M10: 0 | N10: 1 | O10: =COUNTIF(C10:N10,1) -> 8 | P10: =IF(O10>=4,3,IF(O10>=3,2,IF(O10>=1,1,0))) -> 3 | Q10: =IF(P10=0,"—",TEXT(P10,"0")) -> 3 | R10: =IF(P10=0,"—",TEXT(P10,"0")) -> 3 | S10: =IF(P10=0,"—",TEXT(P10,"0")) -> 3 | T10: =IF(P10=0,"—",TEXT(P10,"0")) -> 3 | U10: — | V10: =IF(P10=0,"—",TEXT(P10,"0")) -> 3 | W10: — | X10: — | Y10: — | Z10: — | AA10: — | AB10: — | AC10: =IF(P10=0,"—",TEXT(P10,"0")) -> 3 | AD10: — | AE10: — | AF10: —
A11: CO4 | B11: Unsupervised Learning: Clustering, PCA | C11: 1 | D11: 1 | E11: 0 | F11: 0 | G11: 0 | H11: 1 | I11: 1 | J11: 1 | K11: 0 | L11: 0 | M11: 0 | N11: 1 | O11: =COUNTIF(C11:N11,1) -> 6 | P11: =IF(O11>=4,3,IF(O11>=3,2,IF(O11>=1,1,0))) -> 3 | Q11: =IF(P11=0,"—",TEXT(P11,"0")) -> 3 | R11: =IF(P11=0,"—",TEXT(P11,"0")) -> 3 | S11: =IF(P11=0,"—",TEXT(P11,"0")) -> 3 | T11: — | U11: =IF(P11=0,"—",TEXT(P11,"0")) -> 3 | V11: =IF(P11=0,"—",TEXT(P11,"0")) -> 3 | W11: — | X11: — | Y11: — | Z11: — | AA11: — | AB11: — | AC11: =IF(P11=0,"—",TEXT(P11,"0")) -> 3 | AD11: — | AE11: — | AF11: —
A12: CO5 | B12: Model Evaluation, Optimization Techniques | C12: 1 | D12: 1 | E12: 0 | F12: 1 | G12: 0 | H12: 1 | I12: 1 | J12: 1 | K12: 0 | L12: 0 | M12: 0 | N12: 1 | O12: =COUNTIF(C12:N12,1) -> 7 | P12: =IF(O12>=4,3,IF(O12>=3,2,IF(O12>=1,1,0))) -> 3 | Q12: =IF(P12=0,"—",TEXT(P12,"0")) -> 3 | R12: =IF(P12=0,"—",TEXT(P12,"0")) -> 3 | S12: =IF(P12=0,"—",TEXT(P12,"0")) -> 3 | T12: =IF(P12=0,"—",TEXT(P12,"0")) -> 3 | U12: =IF(P12=0,"—",TEXT(P12,"0")) -> 3 | V12: =IF(P12=0,"—",TEXT(P12,"0")) -> 3 | W12: — | X12: — | Y12: — | Z12: — | AA12: — | AB12: — | AC12: =IF(P12=0,"—",TEXT(P12,"0")) -> 3 | AD12: — | AE12: — | AF12: —
A13: CO6 | B13: Applied ML Projects & Case Studies | C13: 1 | D13: 1 | E13: 0 | F13: 0 | G13: 1 | H13: 1 | I13: 1 | J13: 1 | K13: 1 | L13: 1 | M13: 1 | N13: 1 | O13: =COUNTIF(C13:N13,1) -> 10 | P13: =IF(O13>=4,3,IF(O13>=3,2,IF(O13>=1,1,0))) -> 3 | Q13: =IF(P13=0,"—",TEXT(P13,"0")) -> 3 | R13: =IF(P13=0,"—",TEXT(P13,"0")) -> 3 | S13: =IF(P13=0,"—",TEXT(P13,"0")) -> 3 | T13: =IF(P13=0,"—",TEXT(P13,"0")) -> 3 | U13: =IF(P13=0,"—",TEXT(P13,"0")) -> 3 | V13: =IF(P13=0,"—",TEXT(P13,"0")) -> 3 | W13: — | X13: — | Y13: =IF(P13=0,"—",TEXT(P13,"0")) -> 3 | Z13: =IF(P13=0,"—",TEXT(P13,"0")) -> 3 | AA13: =IF(P13=0,"—",TEXT(P13,"0")) -> 3 | AB13: =IF(P13=0,"—",TEXT(P13,"0")) -> 3 | AC13: =IF(P13=0,"—",TEXT(P13,"0")) -> 3 | AD13: — | AE13: — | AF13: —
A15: TOOL USAGE COUNT (across all COs) | C15: =COUNTIF(C8:C13,1) -> 6 | D15: =COUNTIF(D8:D13,1) -> 6 | E15: =COUNTIF(E8:E13,1) -> 1 | F15: =COUNTIF(F8:F13,1) -> 1 | G15: =COUNTIF(G8:G13,1) -> 2 | H15: =COUNTIF(H8:H13,1) -> 6 | I15: =COUNTIF(I8:I13,1) -> 6 | J15: =COUNTIF(J8:J13,1) -> 6 | ... N15: =COUNTIF(N8:N13,1) -> 6 | O15: =SUM(O8:O13) -> 44
A16: AVERAGE MAPPING LEVEL PER PO | O16: =IFERROR(AVERAGE(O8:O13),0) -> 7.3333333 | P16: =IFERROR(AVERAGE(P8:P13),0) -> 3 | R16: =IFERROR(AVERAGEIF(R8:R13,"<>—"),"") | S16: =IFERROR(AVERAGEIF(S8:S13,"<>—"),"") | T16: =IFERROR(AVERAGEIF(T8:T13,"<>—"),"") | U16: =IFERROR(AVERAGEIF(U8:U13,"<>—"),"") | V16: =IFERROR(AVERAGEIF(V8:V13,"<>—"),"") | W16: =IFERROR(AVERAGEIF(W8:W13,"<>—"),"") | X16: =IFERROR(AVERAGEIF(X8:X13,"<>—"),"") | Y16: =IFERROR(AVERAGEIF(Y8:Y13,"<>—"),"") | ... AF16: =IFERROR(AVERAGEIF(AF8:AF13,"<>—"),"")
