Workbook

Sheet Summary Dashboard
A1: CO ATTAINMENT REPORT — SUMMARY DASHBOARD
A2: All values auto-calculated from course sheets. Enter marks in individual course sheets to update this dashboard.
A4: LEGEND → | D4: ≥60% → HIGH (Level 3) | E4: 40–59% → MEDIUM (Level 2) | F4: <40% → LOW (Level 1)
A6: # | B6: Course Name | C6: Code | D6: CO1 | E6: CO2 | F6: CO3 | G6: CO4 | H6: CO5 | I6: CO6 | J6: CIE % | K6: SEE % | L6: Overall % | M6: Target | N6: Gap | O6: Status | P6: Level
A7: 1 | B7: Data Structures & Algorithms | C7: CS301 | D7: =CS301!D31 -> 0.7661 | E7: =CS301!E31 -> 0.73556667 | F7: =CS301!F31 -> 0.74613333 | G7: =CS301!G31 -> 0.75756667 | H7: =CS301!H31 -> 0.74516667 | I7: — | J7: =CS301!D36 -> 0.74458333 | K7: =CS301!E36 -> 0.7722 | L7: =CS301!F36 -> 0.75010667 | M7: 0.6 | N7: =L7-M7 -> 0.15010667 | O7: =IF(L7>=M7,"✔ Met","✘ Not Met") -> ✔ Met | P7: =IF(L7>=0.6,3,IF(L7>=0.4,2,1)) -> 3
A8: 2 | B8: Database Management Systems | C8: CS302 | D8: =CS302!D31 -> 0.78651667 | E8: =CS302!E31 -> 0.75391667 | F8: =CS302!F31 -> 0.76236667 | G8: =CS302!G31 -> 0.73993333 | H8: =CS302!H31 -> 0.76485 | I8: — | J8: =CS302!D36 -> 0.75458333 | K8: =CS302!E36 -> 0.78925 | L8: =CS302!F36 -> 0.76151667 | M8: 0.6 | N8: =L8-M8 -> 0.16151667 | O8: =IF(L8>=M8,"✔ Met","✘ Not Met") -> ✔ Met | P8: =IF(L8>=0.6,3,IF(L8>=0.4,2,1)) -> 3
A9: 3 | B9: Computer Networks | C9: CS303 | D9: =CS303!D31 -> 0.74656667 | E9: =CS303!E31 -> 0.7323 | F9: =CS303!F31 -> 0.7726 | G9: =CS303!G31 -> 0.73698333 | H9: =CS303!H31 -> 0.73045 | I9: — | J9: =CS303!D36 -> 0.740125 | K9: =CS303!E36 -> 0.7584 | L9: =CS303!F36 -> 0.74378 | M9: 0.6 | N9: =L9-M9 -> 0.14378 | O9: =IF(L9>=M9,"✔ Met","✘ Not Met") -> ✔ Met | P9: =IF(L9>=0.6,3,IF(L9>=0.4,2,1)) -> 3
A10: 4 | B10: Operating Systems | C10: CS304 | D10: =CS304!D31 -> 0.75856667 | E10: =CS304!E31 -> 0.77585 | F10: =CS304!F31 -> 0.73543333 | G10: =CS304!G31 -> 0.74428333 | H10: =CS304!H31 -> 0.75453333 | I10: — | J10: =CS304!D36 -> 0.75316667 | K10: =CS304!E36 -> 0.756 | L10: =CS304!F36 -> 0.75373333 | M10: 0.6 | N10: =L10-M10 -> 0.15373333 | O10: =IF(L10>=M10,"✔ Met","✘ Not Met") -> ✔ Met | P10: =IF(L10>=0.6,3,IF(L10>=0.4,2,1)) -> 3
A11: 5 | B11: Machine Learning | C11: CS305 | D11: =CS305!D31 -> 0.7249558 | E11: =CS305!E31 -> 0.76592849 | F11: =CS305!F31 -> 0.75492047 | G11: =CS305!G31 -> 0.76153053 | H11: =CS305!H31 -> 0.74728791 | I11: =CS305!I31 -> 0.73927015 | J11: =CS305!D36 -> 0.74692814 | K11: =CS305!E36 -> 0.75719856 | L11: =CS305!F36 -> 0.74898223 | M11: 0.6 | N11: =L11-M11 -> 0.14898223 | O11: =IF(L11>=M11,"✔ Met","✘ Not Met") -> ✔ Met | P11: =IF(L11>=0.6,3,IF(L11>=0.4,2,1)) -> 3
A13: DEPT AVERAGE | D13: =IFERROR(AVERAGEIF(D7:D11,"<>—"),"") -> 0.75654116 | E13: =IFERROR(AVERAGEIF(E7:E11,"<>—"),"") -> 0.75271237 | F13: =IFERROR(AVERAGEIF(F7:F11,"<>—"),"") -> 0.75429076 | G13: =IFERROR(AVERAGEIF(G7:G11,"<>—"),"") -> 0.74805944 | H13: =IFERROR(AVERAGEIF(H7:H11,"<>—"),"") -> 0.74845758 | I13: =IFERROR(AVERAGEIF(I7:I11,"<>—"),"") -> 0.73927015 | J13: =IFERROR(AVERAGEIF(J7:J11,"<>—"),"") -> 0.7478773 | K13: =IFERROR(AVERAGEIF(K7:K11,"<>—"),"") -> 0.76660971 | L13: =IFERROR(AVERAGEIF(L7:L11,"<>—"),"") -> 0.75162378
A15: 📌 HOW TO USE: Open any course sheet (CS301–CS305) → enter student marks in the yellow cells → CIE, SEE, Total, CO Attainment %, Levels all recalculate automatically → This dashboard and CO Comparison sheet update instantly.

Sheet CS301
A1: CO ATTAINMENT SHEET — Data Structures & Algorithms (CS301)
A2: CIE = Mid-1(30M) + Mid-2(30M) averaged to 30M + Assignment(10M) + Quiz(10M) = 50M | SEE = 100M scaled to 50M | Total = 100M
A4: Student Info | D4: MID-1 (Max=30M) | I4: MID-2 (Max=30M) | N4: ASSIGNMENT (Max=10M) | S4: QUIZ (Max=10M) | X4: SEE (Max=100M) | AC4: CIE (50M) | AD4: SEE (50M) | AE4: TOTAL (100M)
A5: S.No | B5: Reg No | C5: Student Name | D5: CO1 | E5: CO2 | F5: CO3 | G5: CO4 | H5: CO5 | I5: CO1 | J5: CO2 | K5: CO3 | L5: CO4 | M5: CO5 | N5: CO1 | O5: CO2 | P5: CO3 | Q5: CO4 | R5: CO5 | S5: CO1 | T5: CO2 | U5: CO3 | V5: CO4 | W5: CO5 | X5: CO1 | Y5: CO2 | Z5: CO3 | AA5: CO4 | AB5: CO5 | AC5: Formula | AD5: Formula | AE5: Formula
A6: MAX MARKS (Edit here) | D6: 6 | E6: 6 | F6: 6 | G6: 6 | H6: 6 | I6: 6 | J6: 6 | K6: 6 | L6: 6 | M6: 6 | N6: 2 | O6: 2 | P6: 2 | Q6: 2 | R6: 2 | S6: 2 | T6: 2 | U6: 2 | V6: 2 | W6: 2 | X6: 20 | Y6: 20 | Z6: 20 | AA6: 20 | AB6: 20 | AC6: 50 | AD6: 50 | AE6: 100
A7: ↓ Enter student marks below ↓
A8: 1 | B8: S001 | C8: Aarav Sharma | D8: 4.9 | E8: 3.1 | F8: 3.8 | G8: 3.7 | H8: 5.2 | I8: 5 | J8: 5.7 | K8: 3.3 | L8: 4.3 | M8: 3.1 | N8: 1.2 | O8: 1.5 | P8: 1 | Q8: 1.2 | R8: 1.6 | S8: 1.5 | T8: 1.2 | U8: 1.6 | V8: 1.8 | W8: 1 | X8: 18.1 | Y8: 17 | Z8: 13.4 | AA8: 11.6 | AB8: 19.6 | AC8: =(SUM(D8:H8)+SUM(I8:M8))/2+SUM(N8:R8)+SUM(S8:W8) -> 34.65 | AD8: =SUM(X8:AB8)/100*50 -> 39.85 | AE8: =AC8+AD8 -> 74.5
A9: 2 | B9: S002 | C9: Priya Patel | D9: 4 | E9: 3.3 | F9: 3.3 | G9: 5.5 | H9: 4.8 | I9: 5.4 | J9: 5.2 | K9: 4.6 | L9: 5.9 | M9: 4.1 | N9: 1.6 | O9: 1.8 | P9: 1.6 | Q9: 1.9 | R9: 1.6 | S9: 1.7 | T9: 1 | U9: 1.2 | V9: 1.3 | W9: 1.1 | X9: 12.3 | Y9: 11 | Z9: 12.8 | AA9: 16.4 | AB9: 13.6 | AC9: =(SUM(D9:H9)+SUM(I9:M9))/2+SUM(N9:R9)+SUM(S9:W9) -> 37.85 | AD9: =SUM(X9:AB9)/100*50 -> 33.05 | AE9: =AC9+AD9 -> 70.9
A10: 3 | B10: S003 | C10: Rohan Mehta | D10: 4.1 | E10: 3.6 | F10: 3.8 | G10: 5.8 | H10: 4.9 | I10: 4.8 | J10: 3.5 | K10: 5.2 | L10: 3.5 | M10: 4.1 | N10: 2 | O10: 1.6 | P10: 1.6 | Q10: 1.7 | R10: 1.8 | S10: 1.8 | T10: 1.2 | U10: 1 | V10: 1.3 | W10: 1.3 | X10: 12.1 | Y10: 19.4 | Z10: 18.8 | AA10: 13.1 | AB10: 16.6 | AC10: =(SUM(D10:H10)+SUM(I10:M10))/2+SUM(N10:R10)+SUM(S10:W10) -> 36.95 | AD10: =SUM(X10:AB10)/100*50 -> 40 | AE10: =AC10+AD10 -> 76.95
A11: 4 | B11: S004 | C11: Sneha Reddy | D11: 4.2 | E11: 5.7 | F11: 4.4 | G11: 3.8 | H11: 3.7 | I11: 4.7 | J11: 3.8 | K11: 4.8 | L11: 5.7 | M11: 4.2 | N11: 1.2 | O11: 2 | P11: 1.5 | Q11: 1.1 | R11: 1 | S11: 1.1 | T11: 1.6 | U11: 1.8 | V11: 1.4 | W11: 1.1 | X11: 13.8 | Y11: 20 | Z11: 15.3 | AA11: 19.7 | AB11: 18.6 | AC11: =(SUM(D11:H11)+SUM(I11:M11))/2+SUM(N11:R11)+SUM(S11:W11) -> 36.3 | AD11: =SUM(X11:AB11)/100*50 -> 43.7 | AE11: =AC11+AD11 -> 80
A12: 5 | B12: S005 | C12: Vikram Singh | D12: 3 | E12: 5.2 | F12: 5 | G12: 4.6 | H12: 3.8 | I12: 4.9 | J12: 3.3 | K12: 4.3 | L12: 4.4 | M12: 5.9 | N12: 1.9 | O12: 1.3 | P12: 1.5 | Q12: 1.2 | R12: 1.9 | S12: 1.9 | T12: 1.3 | U12: 1.6 | V12: 1.6 | W12: 1.2 | X12: 17.6 | Y12: 15.4 | Z12: 17.8 | AA12: 15.3 | AB12: 10 | AC12: =(SUM(D12:H12)+SUM(I12:M12))/2+SUM(N12:R12)+SUM(S12:W12) -> 37.6 | AD12: =SUM(X12:AB12)/100*50 -> 38.05 | AE12: =AC12+AD12 -> 75.65
A13: 6 | B13: S006 | C13: Anjali Nair | D13: 4 | E13: 3.1 | F13: 5.8 | G13: 5.6 | H13: 5.5 | I13: 3.9 | J13: 3.2 | K13: 5.6 | L13: 5.8 | M13: 3.3 | N13: 1.5 | O13: 1.1 | P13: 1.8 | Q13: 1.8 | R13: 1.1 | S13: 1.5 | T13: 1.5 | U13: 1.3 | V13: 1.9 | W13: 1.4 | X13: 12.1 | Y13: 15.4 | Z13: 17.3 | AA13: 12 | AB13: 13.1 | AC13: =(SUM(D13:H13)+SUM(I13:M13))/2+SUM(N13:R13)+SUM(S13:W13) -> 37.8 | AD13: =SUM(X13:AB13)/100*50 -> 34.95 | AE13: =AC13+AD13 -> 72.75
A14: 7 | B14: S007 | C14: Kiran Kumar | D14: 6 | E14: 4.9 | F14: 4.3 | G14: 4.6 | H14: 3.4 | I14: 3.7 | J14: 4 | K14: 4.8 | L14: 3.7 | M14: 3.7 | N14: 1.1 | O14: 1.6 | P14: 1.2 | Q14: 1.9 | R14: 1.9 | S14: 1.1 | T14: 1.2 | U14: 1.7 | V14: 1.2 | W14: 1.1 | X14: 19.4 | Y14: 15.7 | Z14: 14.7 | AA14: 17.8 | AB14: 18.1 | AC14: =(SUM(D14:H14)+SUM(I14:M14))/2+SUM(N14:R14)+SUM(S14:W14) -> 35.55 | AD14: =SUM(X14:AB14)/100*50 -> 42.85 | AE14: =AC14+AD14 -> 78.4
A15: 8 | B15: S008 | C15: Divya Rao | D15: 3.6 | E15: 3.3 | F15: 4.3 | G15: 4.3 | H15: 4.4 | I15: 5.2 | J15: 5 | K15: 6 | L15: 3.3 | M15: 4.2 | N15: 1.3 | O15: 1.9 | P15: 1.2 | Q15: 1.2 | R15: 1.4 | S15: 1.4 | T15: 1.3 | U15: 1.2 | V15: 1.9 | W15: 1.4 | X15: 18.6 | Y15: 15.5 | Z15: 10.5 | AA15: 20 | AB15: 18.4 | AC15: =(SUM(D15:H15)+SUM(I15:M15))/2+SUM(N15:R15)+SUM(S15:W15) -> 36 | AD15: =SUM(X15:AB15)/100*50 -> 41.5 | AE15: =AC15+AD15 -> 77.5
A16: 9 | B16: S009 | C16: Arjun Gupta | D16: 5.9 | E16: 5.8 | F16: 5.5 | G16: 3.5 | H16: 4.5 | I16: 3.6 | J16: 4.2 | K16: 3.2 | L16: 4.1 | M16: 6 | N16: 1.3 | O16: 1.8 | P16: 1.5 | Q16: 1.4 | R16: 2 | S16: 2 | T16: 1.6 | U16: 1.7 | V16: 1.2 | W16: 1.3 | X16: 19.7 | Y16: 15.8 | Z16: 15.4 | AA16: 17.5 | AB16: 10.6 | AC16: =(SUM(D16:H16)+SUM(I16:M16))/2+SUM(N16:R16)+SUM(S16:W16) -> 38.95 | AD16: =SUM(X16:AB16)/100*50 -> 39.5 | AE16: =AC16+AD16 -> 78.45
A17: 10 | B17: S010 | C17: Pooja Iyer | D17: 4.8 | E17: 4.5 | F17: 5.6 | G17: 3.5 | H17: 5.9 | I17: 3.2 | J17: 3.6 | K17: 4.8 | L17: 5 | M17: 3.7 | N17: 1.1 | O17: 1.9 | P17: 1.2 | Q17: 1.6 | R17: 1.6 | S17: 1.4 | T17: 1.6 | U17: 1.5 | V17: 1.9 | W17: 1.2 | X17: 17.2 | Y17: 12.4 | Z17: 14 | AA17: 16.7 | AB17: 13 | AC17: =(SUM(D17:H17)+SUM(I17:M17))/2+SUM(N17:R17)+SUM(S17:W17) -> 37.3 | AD17: =SUM(X17:AB17)/100*50 -> 36.65 | AE17: =AC17+AD17 -> 73.95
A18: 11 | B18: S011 | C18: Rahul Verma | D18: 3.9 | E18: 5.3 | F18: 3.2 | G18: 4.4 | H18: 6 | I18: 6 | J18: 3.2 | K18: 3.6 | L18: 3.8 | M18: 5.8 | N18: 1.9 | O18: 1.9 | P18: 1.4 | Q18: 1.2 | R18: 1.8 | S18: 1.7 | T18: 1.6 | U18: 2 | V18: 1.7 | W18: 1 | X18: 18.2 | Y18: 13 | Z18: 16.6 | AA18: 19.4 | AB18: 11.3 | AC18: =(SUM(D18:H18)+SUM(I18:M18))/2+SUM(N18:R18)+SUM(S18:W18) -> 38.8 | AD18: =SUM(X18:AB18)/100*50 -> 39.25 | AE18: =AC18+AD18 -> 78.05
A19: 12 | B19: S012 | C19: Meera Joshi | D19: 3.3 | E19: 3.3 | F19: 4.7 | G19: 3.8 | H19: 4.8 | I19: 5.2 | J19: 3.6 | K19: 4.9 | L19: 3.8 | M19: 4.5 | N19: 1.9 | O19: 1.8 | P19: 1.1 | Q19: 1.4 | R19: 1.3 | S19: 1 | T19: 1.8 | U19: 1.6 | V19: 1.3 | W19: 1.7 | X19: 15.5 | Y19: 14.3 | Z19: 10.1 | AA19: 10.8 | AB19: 18.8 | AC19: =(SUM(D19:H19)+SUM(I19:M19))/2+SUM(N19:R19)+SUM(S19:W19) -> 35.85 | AD19: =SUM(X19:AB19)/100*50 -> 34.75 | AE19: =AC19+AD19 -> 70.6
... A27: 20 | B27: S020 | C27: Deepa Nambiar | D27: 5.7 | E27: 4.8 | F27: 5.1 | G27: 5.6 | H27: 5.3 | I27: 4.1 | J27: 3 | K27: 4.1 | L27: 5.3 | M27: 5.6 | N27: 2 | O27: 1.4 | P27: 1.7 | Q27: 1.5 | R27: 1.6 | S27: 1.2 | T27: 1.2 | U27: 1.4 | V27: 1 | W27: 1.3 | X27: 16.8 | Y27: 14 | Z27: 11.7 | AA27: 14.7 | AB27: 11.3 | AC27: =(SUM(D27:H27)+SUM(I27:M27))/2+SUM(N27:R27)+SUM(S27:W27) -> 38.6 | AD27: =SUM(X27:AB27)/100*50 -> 34.25 | AE27: =AC27+AD27 -> 72.85
A29: CLASS AVERAGE | D29: =AVERAGE(D8:D27) -> 4.555 | E29: =AVERAGE(E8:E27) -> 4.395 | F29: =AVERAGE(F8:F27) -> 4.585 | G29: =AVERAGE(G8:G27) -> 4.54 | H29: =AVERAGE(H8:H27) -> 4.85 | I29: =AVERAGE(I8:I27) -> 4.445 | J29: =AVERAGE(J8:J27) -> 4.085 | K29: =AVERAGE(K8:K27) -> 4.53 | ... AE29: =AVERAGE(AE8:AE27) -> 75.8975
A31: CO ATTAINMENT % (Overall) | D31: =IFERROR((D29/D6+I29/I6+N29/N6+S29/S6+X29/X6)/5,0) -> 0.7661 | E31: =IFERROR((E29/E6+J29/J6+O29/O6+T29/T6+Y29/Y6)/5,0) -> 0.73556667 | F31: =IFERROR((F29/F6+K29/K6+P29/P6+U29/U6+Z29/Z6)/5,0) -> 0.74613333 | G31: =IFERROR((G29/G6+L29/L6+Q29/Q6+V29/V6+AA29/AA6)/5,0) -> 0.75756667 | H31: =IFERROR((H29/H6+M29/M6+R29/R6+W29/W6+AB29/AB6)/5,0) -> 0.74516667
A32: CO ATTAINMENT LEVEL (3=High≥60%, 2=Med≥40%, 1=Low) | D32: =IF(D31>=0.6,3,IF(D31>=0.4,2,1)) -> 3 | E32: =IF(E31>=0.6,3,IF(E31>=0.4,2,1)) -> 3 | F32: =IF(F31>=0.6,3,IF(F31>=0.4,2,1)) -> 3 | G32: =IF(G31>=0.6,3,IF(G31>=0.4,2,1)) -> 3 | H32: =IF(H31>=0.6,3,IF(H31>=0.4,2,1)) -> 3
A33: CIE CO ATT % (Mid-1+Mid-2+Asgn+Quiz) | D33: =IFERROR((D29/D6+I29/I6+N29/N6+S29/S6)/4,0) -> 0.756875 | E33: =IFERROR((E29/E6+J29/J6+O29/O6+T29/T6)/4,0) -> 0.72020833 | F33: =IFERROR((F29/F6+K29/K6+P29/P6+U29/U6)/4,0) -> 0.74916667 | G33: =IFERROR((G29/G6+L29/L6+Q29/Q6+V29/V6)/4,0) -> 0.74645833 | H33: =IFERROR((H29/H6+M29/M6+R29/R6+W29/W6)/4,0) -> 0.75020833
A34: SEE CO ATT % (End Sem Exam) | D34: =IFERROR(X29/X6,0) -> 0.803 | E34: =IFERROR(Y29/Y6,0) -> 0.797 | F34: =IFERROR(Z29/Z6,0) -> 0.734 | G34: =IFERROR(AA29/AA6,0) -> 0.802 | H34: =IFERROR(AB29/AB6,0) -> 0.725
A36: Overall CIE% | SEE% | Total% | D36: =(D33+E33+F33+G33+H33)/5 -> 0.74458333 | E36: =(D34+E34+F34+G34+H34)/5 -> 0.7722 | F36: =(D31+E31+F31+G31+H31)/5 -> 0.75010667

Sheet CS302
A1: CO ATTAINMENT SHEET — Database Management Systems (CS302)
A2: CIE = Mid-1(30M) + Mid-2(30M) averaged to 30M + Assignment(10M) + Quiz(10M) = 50M | SEE = 100M scaled to 50M | Total = 100M
A4: Student Info | D4: MID-1 (Max=30M) | I4: MID-2 (Max=30M) | N4: ASSIGNMENT (Max=10M) | S4: QUIZ (Max=10M) | X4: SEE (Max=100M) | AC4: CIE (50M) | AD4: SEE (50M) | AE4: TOTAL (100M)
A5: S.No | B5: Reg No | C5: Student Name | D5: CO1 | E5: CO2 | F5: CO3 | G5: CO4 | H5: CO5 | I5: CO1 | J5: CO2 | K5: CO3 | L5: CO4 | M5: CO5 | N5: CO1 | O5: CO2 | P5: CO3 | Q5: CO4 | R5: CO5 | S5: CO1 | T5: CO2 | U5: CO3 | V5: CO4 | W5: CO5 | X5: CO1 | Y5: CO2 | Z5: CO3 | AA5: CO4 | AB5: CO5 | AC5: Formula | AD5: Formula | AE5: Formula
A6: MAX MARKS (Edit here) | D6: 6 | E6: 6 | F6: 6 | G6: 6 | H6: 6 | I6: 6 | J6: 6 | K6: 6 | L6: 6 | M6: 6 | N6: 2 | O6: 2 | P6: 2 | Q6: 2 | R6: 2 | S6: 2 | T6: 2 | U6: 2 | V6: 2 | W6: 2 | X6: 20 | Y6: 20 | Z6: 20 | AA6: 20 | AB6: 20 | AC6: 50 | AD6: 50 | AE6: 100
A7: ↓ Enter student marks below ↓
A8: 1 | B8: S001 | C8: Aarav Sharma | D8: 4.9 | E8: 3.1 | F8: 4.2 | G8: 4.7 | H8: 3.1 | I8: 4.9 | J8: 3.4 | K8: 4.4 | L8: 3.2 | M8: 4.1 | N8: 1.2 | O8: 1.3 | P8: 1.8 | Q8: 1.4 | R8: 1.8 | S8: 1.8 | T8: 1.3 | U8: 1.1 | V8: 1 | W8: 1.5 | X8: 20 | Y8: 13.5 | Z8: 16.5 | AA8: 17.8 | AB8: 16.5 | AC8: =(SUM(D8:H8)+SUM(I8:M8))/2+SUM(N8:R8)+SUM(S8:W8) -> 34.2 | AD8: =SUM(X8:AB8)/100*50 -> 42.15 | AE8: =AC8+AD8 -> 76.35
A9: 2 | B9: S002 | C9: Priya Patel | D9: 5.3 | E9: 5.8 | F9: 3.6 | G9: 3.1 | H9: 3.5 | I9: 3.4 | J9: 5 | K9: 4.7 | L9: 3.7 | M9: 5.1 | N9: 1.8 | O9: 1.2 | P9: 1.6 | Q9: 1.7 | R9: 1.1 | S9: 1.8 | T9: 2 | U9: 1.1 | V9: 1 | W9: 1.3 | X9: 16.8 | Y9: 19.6 | Z9: 14 | AA9: 17.2 | AB9: 10.8 | AC9: =(SUM(D9:H9)+SUM(I9:M9))/2+SUM(N9:R9)+SUM(S9:W9) -> 36.2 | AD9: =SUM(X9:AB9)/100*50 -> 39.2 | AE9: =AC9+AD9 -> 75.4
A10: 3 | B10: S003 | C10: Rohan Mehta | D10: 5.1 | E10: 4.9 | F10: 3.3 | G10: 5.3 | H10: 5.6 | I10: 4.8 | J10: 3.4 | K10: 6 | L10: 5.3 | M10: 4 | N10: 1.4 | O10: 1.4 | P10: 1.5 | Q10: 1.3 | R10: 1.8 | S10: 1.8 | T10: 1.1 | U10: 2 | V10: 1.6 | W10: 1.8 | X10: 17.1 | Y10: 14.4 | Z10: 17.3 | AA10: 19.7 | AB10: 12.7 | AC10: =(SUM(D10:H10)+SUM(I10:M10))/2+SUM(N10:R10)+SUM(S10:W10) -> 39.55 | AD10: =SUM(X10:AB10)/100*50 -> 40.6 | AE10: =AC10+AD10 -> 80.15
A11: 4 | B11: S004 | C11: Sneha Reddy | D11: 5.4 | E11: 4.6 | F11: 4.5 | G11: 4.3 | H11: 5.2 | I11: 3.8 | J11: 5.6 | K11: 5.5 | L11: 3.3 | M11: 5.6 | N11: 1.2 | O11: 1.5 | P11: 1.6 | Q11: 1.4 | R11: 1 | S11: 1.9 | T11: 1.2 | U11: 1.2 | V11: 1.8 | W11: 1.3 | X11: 18.8 | Y11: 17 | Z11: 12.8 | AA11: 10.1 | AB11: 19.5 | AC11: =(SUM(D11:H11)+SUM(I11:M11))/2+SUM(N11:R11)+SUM(S11:W11) -> 38 | AD11: =SUM(X11:AB11)/100*50 -> 39.1 | AE11: =AC11+AD11 -> 77.1
A12: 5 | B12: S005 | C12: Vikram Singh | D12: 3.3 | E12: 5.2 | F12: 4.5 | G12: 5.3 | H12: 5.1 | I12: 4.9 | J12: 4.5 | K12: 5.4 | L12: 3.3 | M12: 3.7 | N12: 1.7 | O12: 1.3 | P12: 1.6 | Q12: 1.5 | R12: 1.5 | S12: 1.4 | T12: 1.7 | U12: 1.3 | V12: 1.7 | W12: 1.3 | X12: 12.5 | Y12: 11.2 | Z12: 11.9 | AA12: 11.2 | AB12: 15.4 | AC12: =(SUM(D12:H12)+SUM(I12:M12))/2+SUM(N12:R12)+SUM(S12:W12) -> 37.6 | AD12: =SUM(X12:AB12)/100*50 -> 31.1 | AE12: =AC12+AD12 -> 68.7
A13: 6 | B13: S006 | C13: Anjali Nair | D13: 5.3 | E13: 3.6 | F13: 3.6 | G13: 4.5 | H13: 5.2 | I13: 5.9 | J13: 4.6 | K13: 3.8 | L13: 3.3 | M13: 3.6 | N13: 1.2 | O13: 1.2 | P13: 1 | Q13: 1.5 | R13: 1.3 | S13: 2 | T13: 1.6 | U13: 1.7 | V13: 1.1 | W13: 1.9 | X13: 14.9 | Y13: 18.7 | Z13: 15.7 | AA13: 14.7 | AB13: 14.4 | AC13: =(SUM(D13:H13)+SUM(I13:M13))/2+SUM(N13:R13)+SUM(S13:W13) -> 36.2 | AD13: =SUM(X13:AB13)/100*50 -> 39.2 | AE13: =AC13+AD13 -> 75.4
A14: 7 | B14: S007 | C14: Kiran Kumar | D14: 3.6 | E14: 3.2 | F14: 5.8 | G14: 4.4 | H14: 5.5 | I14: 4.2 | J14: 3.2 | K14: 4.9 | L14: 3.2 | M14: 3.4 | N14: 1.6 | O14: 1.3 | P14: 2 | Q14: 1.1 | R14: 1.8 | S14: 1.6 | T14: 1.8 | U14: 1.2 | V14: 1.5 | W14: 1.5 | X14: 14.4 | Y14: 18.6 | Z14: 19.9 | AA14: 13.1 | AB14: 16.2 | AC14: =(SUM(D14:H14)+SUM(I14:M14))/2+SUM(N14:R14)+SUM(S14:W14) -> 36.1 | AD14: =SUM(X14:AB14)/100*50 -> 41.1 | AE14: =AC14+AD14 -> 77.2
A15: 8 | B15: S008 | C15: Divya Rao | D15: 4.8 | E15: 5.2 | F15: 5.8 | G15: 3.6 | H15: 3.6 | I15: 5 | J15: 3.5 | K15: 3.5 | L15: 3.2 | M15: 3 | N15: 1.5 | O15: 1.6 | P15: 1.3 | Q15: 1.2 | R15: 1.7 | S15: 1.7 | T15: 1.5 | U15: 1.7 | V15: 1.9 | W15: 1.8 | X15: 16.3 | Y15: 16.6 | Z15: 19.3 | AA15: 14.3 | AB15: 15.4 | AC15: =(SUM(D15:H15)+SUM(I15:M15))/2+SUM(N15:R15)+SUM(S15:W15) -> 36.5 | AD15: =SUM(X15:AB15)/100*50 -> 40.95 | AE15: =AC15+AD15 -> 77.45
A16: 9 | B16: S009 | C16: Arjun Gupta | D16: 4.9 | E16: 5.7 | F16: 5.5 | G16: 3.2 | H16: 3.5 | I16: 3.9 | J16: 5.2 | K16: 4.7 | L16: 3.9 | M16: 3.4 | N16: 1.7 | O16: 1.7 | P16: 1.9 | Q16: 1.5 | R16: 1.5 | S16: 1.1 | T16: 1 | U16: 1.4 | V16: 1.3 | W16: 1.3 | X16: 10.9 | Y16: 19.6 | Z16: 18.4 | AA16: 15.8 | AB16: 19.5 | AC16: =(SUM(D16:H16)+SUM(I16:M16))/2+SUM(N16:R16)+SUM(S16:W16) -> 36.35 | AD16: =SUM(X16:AB16)/100*50 -> 42.1 | AE16: =AC16+AD16 -> 78.45
A17: 10 | B17: S010 | C17: Pooja Iyer | D17: 6 | E17: 5 | F17: 3.8 | G17: 3.1 | H17: 5.3 | I17: 4.4 | J17: 5 | K17: 5.7 | L17: 3.5 | M17: 4.8 | N17: 1.6 | O17: 1.5 | P17: 1.1 | Q17: 1.3 | R17: 1.3 | S17: 1.7 | T17: 1.9 | U17: 1.3 | V17: 1.7 | W17: 1.3 | X17: 19.5 | Y17: 18.1 | Z17: 15.5 | AA17: 14.5 | AB17: 13.1 | AC17: =(SUM(D17:H17)+SUM(I17:M17))/2+SUM(N17:R17)+SUM(S17:W17) -> 38 | AD17: =SUM(X17:AB17)/100*50 -> 40.35 | AE17: =AC17+AD17 -> 78.35
A18: 11 | B18: S011 | C18: Rahul Verma | D18: 4 | E18: 5.9 | F18: 4.2 | G18: 4.5 | H18: 6 | I18: 5 | J18: 4.6 | K18: 4.2 | L18: 3.6 | M18: 4.1 | N18: 1.8 | O18: 1.6 | P18: 1.8 | Q18: 1.2 | R18: 1.5 | S18: 1.9 | T18: 1.4 | U18: 1.7 | V18: 1.1 | W18: 2 | X18: 16.1 | Y18: 12.4 | Z18: 11.6 | AA18: 15.5 | AB18: 15.5 | AC18: =(SUM(D18:H18)+SUM(I18:M18))/2+SUM(N18:R18)+SUM(S18:W18) -> 39.05 | AD18: =SUM(X18:AB18)/100*50 -> 35.55 | AE18: =AC18+AD18 -> 74.6
A19: 12 | B19: S012 | C19: Meera Joshi | D19: 3.3 | E19: 6 | F19: 5.7 | G19: 4.4 | H19: 3.4 | I19: 5.5 | J19: 4.5 | K19: 5.1 | L19: 4.5 | M19: 3.8 | N19: 1.8 | O19: 2 | P19: 1.2 | Q19: 1.6 | R19: 1.4 | S19: 1.9 | T19: 1.5 | U19: 1.9 | V19: 1.9 | W19: 1.3 | X19: 17.9 | Y19: 14.1 | Z19: 19.3 | AA19: 15.1 | AB19: 18.2 | AC19: =(SUM(D19:H19)+SUM(I19:M19))/2+SUM(N19:R19)+SUM(S19:W19) -> 39.6 | AD19: =SUM(X19:AB19)/100*50 -> 42.3 | AE19: =AC19+AD19 -> 81.9
... A27: 20 | B27: S020 | C27: Deepa Nambiar | D27: 4.2 | E27: 3.4 | F27: 5.8 | G27: 3.9 | H27: 4.5 | I27: 3.3 | J27: 5.7 | K27: 3.4 | L27: 4.4 | M27: 5 | N27: 1.7 | O27: 1.9 | P27: 1.4 | Q27: 1.7 | R27: 1.2 | S27: 1.4 | T27: 1.1 | U27: 1.5 | V27: 1.4 | W27: 2 | X27: 10.3 | Y27: 13.7 | Z27: 14.4 | AA27: 19.5 | AB27: 18.6 | AC27: =(SUM(D27:H27)+SUM(I27:M27))/2+SUM(N27:R27)+SUM(S27:W27) -> 37.1 | AD27: =SUM(X27:AB27)/100*50 -> 38.25 | AE27: =AC27+AD27 -> 75.35
A29: CLASS AVERAGE | D29: =AVERAGE(D8:D27) -> 4.7 | E29: =AVERAGE(E8:E27) -> 4.475 | F29: =AVERAGE(F8:F27) -> 4.75 | G29: =AVERAGE(G8:G27) -> 4.45 | H29: =AVERAGE(H8:H27) -> 4.55 | I29: =AVERAGE(I8:I27) -> 4.59 | J29: =AVERAGE(J8:J27) -> 4.47 | K29: =AVERAGE(K8:K27) -> 4.525 | ... AE29: =AVERAGE(AE8:AE27) -> 77.11
A31: CO ATTAINMENT % (Overall) | D31: =IFERROR((D29/D6+I29/I6+N29/N6+S29/S6+X29/X6)/5,0) -> 0.78651667 | E31: =IFERROR((E29/E6+J29/J6+O29/O6+T29/T6+Y29/Y6)/5,0) -> 0.75391667 | F31: =IFERROR((F29/F6+K29/K6+P29/P6+U29/U6+Z29/Z6)/5,0) -> 0.76236667 | G31: =IFERROR((G29/G6+L29/L6+Q29/Q6+V29/V6+AA29/AA6)/5,0) -> 0.73993333 | H31: =IFERROR((H29/H6+M29/M6+R29/R6+W29/W6+AB29/AB6)/5,0) -> 0.76485
A32: CO ATTAINMENT LEVEL (3=High≥60%, 2=Med≥40%, 1=Low) | D32: =IF(D31>=0.6,3,IF(D31>=0.4,2,1)) -> 3 | E32: =IF(E31>=0.6,3,IF(E31>=0.4,2,1)) -> 3 | F32: =IF(F31>=0.6,3,IF(F31>=0.4,2,1)) -> 3 | G32: =IF(G31>=0.6,3,IF(G31>=0.4,2,1)) -> 3 | H32: =IF(H31>=0.6,3,IF(H31>=0.4,2,1)) -> 3
A33: CIE CO ATT % (Mid-1+Mid-2+Asgn+Quiz) | D33: =IFERROR((D29/D6+I29/I6+N29/N6+S29/S6)/4,0) -> 0.78833333 | E33: =IFERROR((E29/E6+J29/J6+O29/O6+T29/T6)/4,0) -> 0.74458333 | F33: =IFERROR((F29/F6+K29/K6+P29/P6+U29/U6)/4,0) -> 0.76145833 | G33: =IFERROR((G29/G6+L29/L6+Q29/Q6+V29/V6)/4,0) -> 0.72604167 | H33: =IFERROR((H29/H6+M29/M6+R29/R6+W29/W6)/4,0) -> 0.7525
A34: SEE CO ATT % (End Sem Exam) | D34: =IFERROR(X29/X6,0) -> 0.77925 | E34: =IFERROR(Y29/Y6,0) -> 0.79125 | F34: =IFERROR(Z29/Z6,0) -> 0.766 | G34: =IFERROR(AA29/AA6,0) -> 0.7955 | H34: =IFERROR(AB29/AB6,0) -> 0.81425
A36: Overall CIE% | SEE% | Total% | D36: =(D33+E33+F33+G33+H33)/5 -> 0.75458333 | E36: =(D34+E34+F34+G34+H34)/5 -> 0.78925 | F36: =(D31+E31+F31+G31+H31)/5 -> 0.76151667

Sheet CS303
A1: CO ATTAINMENT SHEET — Computer Networks (CS303)
A2: CIE = Mid-1(30M) + Mid-2(30M) averaged to 30M + Assignment(10M) + Quiz(10M) = 50M | SEE = 100M scaled to 50M | Total = 100M
A4: Student Info | D4: MID-1 (Max=30M) | I4: MID-2 (Max=30M) | N4: ASSIGNMENT (Max=10M) | S4: QUIZ (Max=10M) | X4: SEE (Max=100M) | AC4: CIE (50M) | AD4: SEE (50M) | AE4: TOTAL (100M)
A5: S.No | B5: Reg No | C5: Student Name | D5: CO1 | E5: CO2 | F5: CO3 | G5: CO4 | H5: CO5 | I5: CO1 | J5: CO2 | K5: CO3 | L5: CO4 | M5: CO5 | N5: CO1 | O5: CO2 | P5: CO3 | Q5: CO4 | R5: CO5 | S5: CO1 | T5: CO2 | U5: CO3 | V5: CO4 | W5: CO5 | X5: CO1 | Y5: CO2 | Z5: CO3 | AA5: CO4 | AB5: CO5 | AC5: Formula | AD5: Formula | AE5: Formula
A6: MAX MARKS (Edit here) | D6: 6 | E6: 6 | F6: 6 | G6: 6 | H6: 6 | I6: 6 | J6: 6 | K6: 6 | L6: 6 | M6: 6 | N6: 2 | O6: 2 | P6: 2 | Q6: 2 | R6: 2 | S6: 2 | T6: 2 | U6: 2 | V6: 2 | W6: 2 | X6: 20 | Y6: 20 | Z6: 20 | AA6: 20 | AB6: 20 | AC6: 50 | AD6: 50 | AE6: 100
A7: ↓ Enter student marks below ↓
A8: 1 | B8: S001 | C8: Aarav Sharma | D8: 3.3 | E8: 5.1 | F8: 4.6 | G8: 5.9 | H8: 4.1 | I8: 4.2 | J8: 3.6 | K8: 3.4 | L8: 5.5 | M8: 4.4 | N8: 1.7 | O8: 1.6 | P8: 1.6 | Q8: 1 | R8: 1.8 | S8: 1.2 | T8: 1.1 | U8: 1.6 | V8: 1.1 | W8: 1.8 | X8: 12.1 | Y8: 12.2 | Z8: 18.7 | AA8: 13.3 | AB8: 11.5 | AC8: =(SUM(D8:H8)+SUM(I8:M8))/2+SUM(N8:R8)+SUM(S8:W8) -> 36.55 | AD8: =SUM(X8:AB8)/100*50 -> 33.9 | AE8: =AC8+AD8 -> 70.45
A9: 2 | B9: S002 | C9: Priya Patel | D9: 5.7 | E9: 3 | F9: 5.6 | G9: 3.4 | H9: 3.4 | I9: 3.8 | J9: 3.5 | K9: 5 | L9: 3.1 | M9: 3 | N9: 1.8 | O9: 1.2 | P9: 1.3 | Q9: 1.2 | R9: 1.1 | S9: 1.7 | T9: 1.5 | U9: 1.7 | V9: 1.5 | W9: 1.8 | X9: 15.1 | Y9: 11.1 | Z9: 15 | AA9: 19.5 | AB9: 10.4 | AC9: =(SUM(D9:H9)+SUM(I9:M9))/2+SUM(N9:R9)+SUM(S9:W9) -> 34.55 | AD9: =SUM(X9:AB9)/100*50 -> 35.55 | AE9: =AC9+AD9 -> 70.1
A10: 3 | B10: S003 | C10: Rohan Mehta | D10: 5.3 | E10: 5.6 | F10: 4.6 | G10: 4.4 | H10: 5.9 | I10: 3.2 | J10: 4.4 | K10: 4.2 | L10: 5.1 | M10: 4.5 | N10: 1.9 | O10: 1.1 | P10: 1.1 | Q10: 1.6 | R10: 1.1 | S10: 1.3 | T10: 1.6 | U10: 1.5 | V10: 1.3 | W10: 2 | X10: 15.3 | Y10: 14.5 | Z10: 16.1 | AA10: 11 | AB10: 17 | AC10: =(SUM(D10:H10)+SUM(I10:M10))/2+SUM(N10:R10)+SUM(S10:W10) -> 38.1 | AD10: =SUM(X10:AB10)/100*50 -> 36.95 | AE10: =AC10+AD10 -> 75.05
A11: 4 | B11: S004 | C11: Sneha Reddy | D11: 5.6 | E11: 5 | F11: 5.3 | G11: 5.2 | H11: 3.6 | I11: 4.4 | J11: 3.7 | K11: 4 | L11: 4.4 | M11: 4.2 | N11: 1.1 | O11: 1.4 | P11: 1.7 | Q11: 1.4 | R11: 1.2 | S11: 1.9 | T11: 1.1 | U11: 1.8 | V11: 1.1 | W11: 1.1 | X11: 17.4 | Y11: 18.1 | Z11: 15.6 | AA11: 15.9 | AB11: 15.6 | AC11: =(SUM(D11:H11)+SUM(I11:M11))/2+SUM(N11:R11)+SUM(S11:W11) -> 36.5 | AD11: =SUM(X11:AB11)/100*50 -> 41.3 | AE11: =AC11+AD11 -> 77.8
A12: 5 | B12: S005 | C12: Vikram Singh | D12: 4 | E12: 3.4 | F12: 4.1 | G12: 5 | H12: 5.3 | I12: 5.6 | J12: 5.2 | K12: 5.9 | L12: 4.8 | M12: 4.1 | N12: 1.6 | O12: 1.2 | P12: 1.7 | Q12: 1.2 | R12: 1.1 | S12: 1.8 | T12: 1.4 | U12: 1.8 | V12: 1.6 | W12: 1.8 | X12: 18.5 | Y12: 19.7 | Z12: 18.2 | AA12: 16.1 | AB12: 16.4 | AC12: =(SUM(D12:H12)+SUM(I12:M12))/2+SUM(N12:R12)+SUM(S12:W12) -> 38.9 | AD12: =SUM(X12:AB12)/100*50 -> 44.45 | AE12: =AC12+AD12 -> 83.35
A13: 6 | B13: S006 | C13: Anjali Nair | D13: 3.1 | E13: 5.8 | F13: 5.5 | G13: 3.8 | H13: 3.5 | I13: 5.1 | J13: 3.9 | K13: 4 | L13: 3 | M13: 5.6 | N13: 1.6 | O13: 1.4 | P13: 1.1 | Q13: 1.6 | R13: 1 | S13: 1.7 | T13: 1.2 | U13: 1.4 | V13: 1.3 | W13: 1.4 | X13: 17.2 | Y13: 17.8 | Z13: 15.7 | AA13: 10.8 | AB13: 10.5 | AC13: =(SUM(D13:H13)+SUM(I13:M13))/2+SUM(N13:R13)+SUM(S13:W13) -> 35.35 | AD13: =SUM(X13:AB13)/100*50 -> 36 | AE13: =AC13+AD13 -> 71.35
A14: 7 | B14: S007 | C14: Kiran Kumar | D14: 3.5 | E14: 4.9 | F14: 5 | G14: 3.8 | H14: 5 | I14: 4.5 | J14: 4.3 | K14: 3.8 | L14: 5.3 | M14: 3.3 | N14: 1.4 | O14: 1.3 | P14: 1.7 | Q14: 1.5 | R14: 1.7 | S14: 1 | T14: 1.4 | U14: 1.6 | V14: 1 | W14: 1.3 | X14: 12.1 | Y14: 11.4 | Z14: 12.6 | AA14: 13.3 | AB14: 10.1 | AC14: =(SUM(D14:H14)+SUM(I14:M14))/2+SUM(N14:R14)+SUM(S14:W14) -> 35.6 | AD14: =SUM(X14:AB14)/100*50 -> 29.75 | AE14: =AC14+AD14 -> 65.35
A15: 8 | B15: S008 | C15: Divya Rao | D15: 5.2 | E15: 3.5 | F15: 4.1 | G15: 5.1 | H15: 4.5 | I15: 5.5 | J15: 5.4 | K15: 3.2 | L15: 5.6 | M15: 3.1 | N15: 1 | O15: 1.9 | P15: 1.9 | Q15: 1.6 | R15: 1.6 | S15: 1.7 | T15: 1.4 | U15: 1.1 | V15: 1 | W15: 1.3 | X15: 18 | Y15: 16.2 | Z15: 18.3 | AA15: 19.2 | AB15: 10.9 | AC15: =(SUM(D15:H15)+SUM(I15:M15))/2+SUM(N15:R15)+SUM(S15:W15) -> 37.1 | AD15: =SUM(X15:AB15)/100*50 -> 41.3 | AE15: =AC15+AD15 -> 78.4
A16: 9 | B16: S009 | C16: Arjun Gupta | D16: 5.5 | E16: 3.7 | F16: 4.8 | G16: 4.6 | H16: 4.2 | I16: 3.9 | J16: 4 | K16: 4 | L16: 3.5 | M16: 4.5 | N16: 1.1 | O16: 1.5 | P16: 1.9 | Q16: 1.3 | R16: 1.7 | S16: 1.8 | T16: 1.8 | U16: 1.2 | V16: 1.1 | W16: 1.2 | X16: 16 | Y16: 17.6 | Z16: 16.6 | AA16: 11.8 | AB16: 17.7 | AC16: =(SUM(D16:H16)+SUM(I16:M16))/2+SUM(N16:R16)+SUM(S16:W16) -> 35.95 | AD16: =SUM(X16:AB16)/100*50 -> 39.85 | AE16: =AC16+AD16 -> 75.8
A17: 10 | B17: S010 | C17: Pooja Iyer | D17: 4.5 | E17: 5.3 | F17: 5.3 | G17: 4.3 | H17: 5.8 | I17: 4.7 | J17: 4.9 | K17: 4.9 | L17: 5.6 | M17: 4.9 | N17: 1.2 | O17: 1.1 | P17: 1.4 | Q17: 1.3 | R17: 1.3 | S17: 1.1 | T17: 1.5 | U17: 1.3 | V17: 1.5 | W17: 1.1 | X17: 18.3 | Y17: 10.8 | Z17: 18.6 | AA17: 18.6 | AB17: 16.2 | AC17: =(SUM(D17:H17)+SUM(I17:M17))/2+SUM(N17:R17)+SUM(S17:W17) -> 37.9 | AD17: =SUM(X17:AB17)/100*50 -> 41.25 | AE17: =AC17+AD17 -> 79.15
A18: 11 | B18: S011 | C18: Rahul Verma | D18: 4.5 | E18: 4.4 | F18: 4.7 | G18: 5.4 | H18: 5.7 | I18: 4.3 | J18: 5.4 | K18: 5 | L18: 4 | M18: 4.4 | N18: 1.2 | O18: 1.1 | P18: 1.1 | Q18: 1.9 | R18: 1.3 | S18: 1.7 | T18: 1.5 | U18: 1.2 | V18: 1.2 | W18: 1.4 | X18: 14.4 | Y18: 15.2 | Z18: 11.6 | AA18: 13.7 | AB18: 12.8 | AC18: =(SUM(D18:H18)+SUM(I18:M18))/2+SUM(N18:R18)+SUM(S18:W18) -> 37.5 | AD18: =SUM(X18:AB18)/100*50 -> 33.85 | AE18: =AC18+AD18 -> 71.35
A19: 12 | B19: S012 | C19: Meera Joshi | D19: 4.2 | E19: 4 | F19: 4.8 | G19: 5.4 | H19: 4.9 | I19: 3.2 | J19: 3.3 | K19: 5 | L19: 3.9 | M19: 5.2 | N19: 1.7 | O19: 1.9 | P19: 1.9 | Q19: 1.3 | R19: 1.6 | S19: 1.1 | T19: 1.3 | U19: 2 | V19: 1.7 | W19: 1.4 | X19: 16 | Y19: 19.4 | Z19: 13.1 | AA19: 13.8 | AB19: 17.9 | AC19: =(SUM(D19:H19)+SUM(I19:M19))/2+SUM(N19:R19)+SUM(S19:W19) -> 37.85 | AD19: =SUM(X19:AB19)/100*50 -> 40.1 | AE19: =AC19+AD19 -> 77.95
... A27: 20 | B27: S020 | C27: Deepa Nambiar | D27: 5.4 | E27: 5.2 | F27: 3.2 | G27: 4.8 | H27: 5.5 | I27: 4.6 | J27: 4 | K27: 3.2 | L27: 5 | M27: 3.9 | N27: 1.6 | O27: 1.4 | P27: 1.7 | Q27: 1.4 | R27: 1 | S27: 1.9 | T27: 1.4 | U27: 2 | V27: 1.3 | W27: 2 | X27: 19.5 | Y27: 10.8 | Z27: 16.4 | AA27: 13.6 | AB27: 18 | AC27: =(SUM(D27:H27)+SUM(I27:M27))/2+SUM(N27:R27)+SUM(S27:W27) -> 38.1 | AD27: =SUM(X27:AB27)/100*50 -> 39.15 | AE27: =AC27+AD27 -> 77.25
A29: CLASS AVERAGE | D29: =AVERAGE(D8:D27) -> 4.43 | E29: =AVERAGE(E8:E27) -> 4.395 | F29: =AVERAGE(F8:F27) -> 4.79 | G29: =AVERAGE(G8:G27) -> 4.82 | H29: =AVERAGE(H8:H27) -> 4.61 | I29: =AVERAGE(I8:I27) -> 4.545 | J29: =AVERAGE(J8:J27) -> 4.38 | K29: =AVERAGE(K8:K27) -> 4.39 | ... AE29: =AVERAGE(AE8:AE27) -> 75.06
A31: CO ATTAINMENT % (Overall) | D31: =IFERROR((D29/D6+I29/I6+N29/N6+S29/S6+X29/X6)/5,0) -> 0.74656667 | E31: =IFERROR((E29/E6+J29/J6+O29/O6+T29/T6+Y29/Y6)/5,0) -> 0.7323 | F31: =IFERROR((F29/F6+K29/K6+P29/P6+U29/U6+Z29/Z6)/5,0) -> 0.7726 | G31: =IFERROR((G29/G6+L29/L6+Q29/Q6+V29/V6+AA29/AA6)/5,0) -> 0.73698333 | H31: =IFERROR((H29/H6+M29/M6+R29/R6+W29/W6+AB29/AB6)/5,0) -> 0.73045
A32: CO ATTAINMENT LEVEL (3=High≥60%, 2=Med≥40%, 1=Low) | D32: =IF(D31>=0.6,3,IF(D31>=0.4,2,1)) -> 3 | E32: =IF(E31>=0.6,3,IF(E31>=0.4,2,1)) -> 3 | F32: =IF(F31>=0.6,3,IF(F31>=0.4,2,1)) -> 3 | G32: =IF(G31>=0.6,3,IF(G31>=0.4,2,1)) -> 3 | H32: =IF(H31>=0.6,3,IF(H31>=0.4,2,1)) -> 3
A33: CIE CO ATT % (Mid-1+Mid-2+Asgn+Quiz) | D33: =IFERROR((D29/D6+I29/I6+N29/N6+S29/S6)/4,0) -> 0.73145833 | E33: =IFERROR((E29/E6+J29/J6+O29/O6+T29/T6)/4,0) -> 0.724375 | F33: =IFERROR((F29/F6+K29/K6+P29/P6+U29/U6)/4,0) -> 0.766875 | G33: =IFERROR((G29/G6+L29/L6+Q29/Q6+V29/V6)/4,0) -> 0.74041667 | H33: =IFERROR((H29/H6+M29/M6+R29/R6+W29/W6)/4,0) -> 0.7375
A34: SEE CO ATT % (End Sem Exam) | D34: =IFERROR(X29/X6,0) -> 0.807 | E34: =IFERROR(Y29/Y6,0) -> 0.764 | F34: =IFERROR(Z29/Z6,0) -> 0.7955 | G34: =IFERROR(AA29/AA6,0) -> 0.72325 | H34: =IFERROR(AB29/AB6,0) -> 0.70225
A36: Overall CIE% | SEE% | Total% | D36: =(D33+E33+F33+G33+H33)/5 -> 0.740125 | E36: =(D34+E34+F34+G34+H34)/5 -> 0.7584 | F36: =(D31+E31+F31+G31+H31)/5 -> 0.74378

Sheet CS304
A1: CO ATTAINMENT SHEET — Operating Systems (CS304)
A2: CIE = Mid-1(30M) + Mid-2(30M) averaged to 30M + Assignment(10M) + Quiz(10M) = 50M | SEE = 100M scaled to 50M | Total = 100M
A4: Student Info | D4: MID-1 (Max=30M) | I4: MID-2 (Max=30M) | N4: ASSIGNMENT (Max=10M) | S4: QUIZ (Max=10M) | X4: SEE (Max=100M) | AC4: CIE (50M) | AD4: SEE (50M) | AE4: TOTAL (100M)
A5: S.No | B5: Reg No | C5: Student Name | D5: CO1 | E5: CO2 | F5: CO3 | G5: CO4 | H5: CO5 | I5: CO1 | J5: CO2 | K5: CO3 | L5: CO4 | M5: CO5 | N5: CO1 | O5: CO2 | P5: CO3 | Q5: CO4 | R5: CO5 | S5: CO1 | T5: CO2 | U5: CO3 | V5: CO4 | W5: CO5 | X5: CO1 | Y5: CO2 | Z5: CO3 | AA5: CO4 | AB5: CO5 | AC5: Formula | AD5: Formula | AE5: Formula
A6: MAX MARKS (Edit here) | D6: 6 | E6: 6 | F6: 6 | G6: 6 | H6: 6 | I6: 6 | J6: 6 | K6: 6 | L6: 6 | M6: 6 | N6: 2 | O6: 2 | P6: 2 | Q6: 2 | R6: 2 | S6: 2 | T6: 2 | U6: 2 | V6: 2 | W6: 2 | X6: 20 | Y6: 20 | Z6: 20 | AA6: 20 | AB6: 20 | AC6: 50 | AD6: 50 | AE6: 100
A7: ↓ Enter student marks below ↓
A8: 1 | B8: S001 | C8: Aarav Sharma | D8: 5 | E8: 5.9 | F8: 3.4 | G8: 4.8 | H8: 5.3 | I8: 3.1 | J8: 3.2 | K8: 5.3 | L8: 4.1 | M8: 4.1 | N8: 1.6 | O8: 1.6 | P8: 1.7 | Q8: 1.9 | R8: 1.4 | S8: 1.8 | T8: 1.6 | U8: 1.5 | V8: 1.4 | W8: 1.6 | X8: 12.5 | Y8: 11.1 | Z8: 17.4 | AA8: 15 | AB8: 13.9 | AC8: =(SUM(D8:H8)+SUM(I8:M8))/2+SUM(N8:R8)+SUM(S8:W8) -> 38.2 | AD8: =SUM(X8:AB8)/100*50 -> 34.95 | AE8: =AC8+AD8 -> 73.15
A9: 2 | B9: S002 | C9: Priya Patel | D9: 4.7 | E9: 3.8 | F9: 3.8 | G9: 4.3 | H9: 6 | I9: 3.9 | J9: 5.7 | K9: 4.5 | L9: 3.4 | M9: 5.6 | N9: 1.5 | O9: 1.9 | P9: 1.4 | Q9: 1.1 | R9: 1.7 | S9: 1.8 | T9: 1.3 | U9: 1.3 | V9: 1.1 | W9: 1.5 | X9: 18.9 | Y9: 18.5 | Z9: 17.1 | AA9: 19.3 | AB9: 16.4 | AC9: =(SUM(D9:H9)+SUM(I9:M9))/2+SUM(N9:R9)+SUM(S9:W9) -> 37.45 | AD9: =SUM(X9:AB9)/100*50 -> 45.1 | AE9: =AC9+AD9 -> 82.55
A10: 3 | B10: S003 | C10: Rohan Mehta | D10: 5.4 | E10: 4.5 | F10: 3.4 | G10: 3.6 | H10: 3.4 | I10: 5.4 | J10: 3.1 | K10: 4.7 | L10: 4.1 | M10: 5.4 | N10: 1.6 | O10: 1.6 | P10: 1.1 | Q10: 1.3 | R10: 2 | S10: 1.7 | T10: 1.5 | U10: 1.8 | V10: 1.8 | W10: 1.1 | X10: 19.7 | Y10: 16.4 | Z10: 14.5 | AA10: 16.8 | AB10: 13.4 | AC10: =(SUM(D10:H10)+SUM(I10:M10))/2+SUM(N10:R10)+SUM(S10:W10) -> 37 | AD10: =SUM(X10:AB10)/100*50 -> 40.4 | AE10: =AC10+AD10 -> 77.4
A11: 4 | B11: S004 | C11: Sneha Reddy | D11: 5.6 | E11: 5.3 | F11: 4.9 | G11: 3.5 | H11: 5.9 | I11: 4.3 | J11: 5.7 | K11: 3.2 | L11: 3.4 | M11: 3.5 | N11: 1.2 | O11: 1.3 | P11: 1.7 | Q11: 1.3 | R11: 1.9 | S11: 1.9 | T11: 1.8 | U11: 1.3 | V11: 1.6 | W11: 1.6 | X11: 11.3 | Y11: 13 | Z11: 15.3 | AA11: 15 | AB11: 11.7 | AC11: =(SUM(D11:H11)+SUM(I11:M11))/2+SUM(N11:R11)+SUM(S11:W11) -> 38.25 | AD11: =SUM(X11:AB11)/100*50 -> 33.15 | AE11: =AC11+AD11 -> 71.4
A12: 5 | B12: S005 | C12: Vikram Singh | D12: 5.8 | E12: 3.5 | F12: 5 | G12: 5.2 | H12: 4.8 | I12: 5.5 | J12: 4.7 | K12: 5.5 | L12: 3.1 | M12: 3.1 | N12: 1.6 | O12: 1.6 | P12: 1.7 | Q12: 1.8 | R12: 1.4 | S12: 1.6 | T12: 1.5 | U12: 1.6 | V12: 1.3 | W12: 2 | X12: 14.8 | Y12: 18 | Z12: 16.8 | AA12: 13 | AB12: 10.7 | AC12: =(SUM(D12:H12)+SUM(I12:M12))/2+SUM(N12:R12)+SUM(S12:W12) -> 39.2 | AD12: =SUM(X12:AB12)/100*50 -> 36.65 | AE12: =AC12+AD12 -> 75.85
A13: 6 | B13: S006 | C13: Anjali Nair | D13: 3.2 | E13: 4.3 | F13: 4.5 | G13: 3.6 | H13: 4.8 | I13: 3.9 | J13: 5.2 | K13: 5.2 | L13: 5.6 | M13: 5.9 | N13: 1.1 | O13: 1.4 | P13: 1.6 | Q13: 1.3 | R13: 1.5 | S13: 1.3 | T13: 1.2 | U13: 1.1 | V13: 1.3 | W13: 1.4 | X13: 16.2 | Y13: 12.5 | Z13: 18.7 | AA13: 11.6 | AB13: 13.3 | AC13: =(SUM(D13:H13)+SUM(I13:M13))/2+SUM(N13:R13)+SUM(S13:W13) -> 36.3 | AD13: =SUM(X13:AB13)/100*50 -> 36.15 | AE13: =AC13+AD13 -> 72.45
A14: 7 | B14: S007 | C14: Kiran Kumar | D14: 4.7 | E14: 3.9 | F14: 5.3 | G14: 4.5 | H14: 4.5 | I14: 4.5 | J14: 3.9 | K14: 3.1 | L14: 5.8 | M14: 4.5 | N14: 2 | O14: 1.2 | P14: 1.4 | Q14: 1.1 | R14: 1.5 | S14: 1.9 | T14: 1.7 | U14: 1.5 | V14: 1.5 | W14: 1.8 | X14: 14.3 | Y14: 18.8 | Z14: 17.3 | AA14: 17.6 | AB14: 13.7 | AC14: =(SUM(D14:H14)+SUM(I14:M14))/2+SUM(N14:R14)+SUM(S14:W14) -> 37.95 | AD14: =SUM(X14:AB14)/100*50 -> 40.85 | AE14: =AC14+AD14 -> 78.8
A15: 8 | B15: S008 | C15: Divya Rao | D15: 4.2 | E15: 4.7 | F15: 3.6 | G15: 4.7 | H15: 3.2 | I15: 4.5 | J15: 5.3 | K15: 3.8 | L15: 6 | M15: 5 | N15: 1.1 | O15: 2 | P15: 1.4 | Q15: 1.8 | R15: 1.3 | S15: 1.9 | T15: 1.8 | U15: 1.2 | V15: 1.5 | W15: 1.5 | X15: 10.5 | Y15: 11.4 | Z15: 13.3 | AA15: 14.7 | AB15: 14.6 | AC15: =(SUM(D15:H15)+SUM(I15:M15))/2+SUM(N15:R15)+SUM(S15:W15) -> 38 | AD15: =SUM(X15:AB15)/100*50 -> 32.25 | AE15: =AC15+AD15 -> 70.25
A16: 9 | B16: S009 | C16: Arjun Gupta | D16: 4.8 | E16: 4.5 | F16: 4 | G16: 4.8 | H16: 3.5 | I16: 6 | J16: 5.2 | K16: 3.9 | L16: 4 | M16: 5.5 | N16: 1.5 | O16: 1.7 | P16: 1.3 | Q16: 1.8 | R16: 1.4 | S16: 1.7 | T16: 2 | U16: 1.6 | V16: 1.8 | W16: 1.7 | X16: 16.9 | Y16: 10.3 | Z16: 14.7 | AA16: 19.7 | AB16: 17.8 | AC16: =(SUM(D16:H16)+SUM(I16:M16))/2+SUM(N16:R16)+SUM(S16:W16) -> 39.6 | AD16: =SUM(X16:AB16)/100*50 -> 39.7 | AE16: =AC16+AD16 -> 79.3
A17: 10 | B17: S010 | C17: Pooja Iyer | D17: 5.3 | E17: 4.7 | F17: 5.2 | G17: 4.8 | H17: 3.5 | I17: 4.9 | J17: 4.9 | K17: 5.5 | L17: 3.4 | M17: 5 | N17: 1 | O17: 1.9 | P17: 1.1 | Q17: 1 | R17: 1.3 | S17: 1.2 | T17: 1.7 | U17: 1.4 | V17: 1.8 | W17: 1.9 | X17: 18.7 | Y17: 17.4 | Z17: 10.6 | AA17: 11.4 | AB17: 12.1 | AC17: =(SUM(D17:H17)+SUM(I17:M17))/2+SUM(N17:R17)+SUM(S17:W17) -> 37.9 | AD17: =SUM(X17:AB17)/100*50 -> 35.1 | AE17: =AC17+AD17 -> 73
A18: 11 | B18: S011 | C18: Rahul Verma | D18: 4 | E18: 5 | F18: 4.6 | G18: 3.9 | H18: 3.5 | I18: 5.7 | J18: 4 | K18: 4.1 | L18: 5.3 | M18: 5.2 | N18: 1.6 | O18: 1.7 | P18: 1.6 | Q18: 1.2 | R18: 1.2 | S18: 1.6 | T18: 1.2 | U18: 2 | V18: 1.3 | W18: 1.3 | X18: 12.1 | Y18: 17 | Z18: 13.2 | AA18: 13.5 | AB18: 19.3 | AC18: =(SUM(D18:H18)+SUM(I18:M18))/2+SUM(N18:R18)+SUM(S18:W18) -> 37.35 | AD18: =SUM(X18:AB18)/100*50 -> 37.55 | AE18: =AC18+AD18 -> 74.9
A19: 12 | B19: S012 | C19: Meera Joshi | D19: 5.4 | E19: 3.8 | F19: 3.4 | G19: 5 | H19: 4.1 | I19: 5.9 | J19: 5.5 | K19: 5.9 | L19: 5.4 | M19: 3.9 | N19: 1.3 | O19: 1.7 | P19: 1.3 | Q19: 1.4 | R19: 1.3 | S19: 1.5 | T19: 1.2 | U19: 1.5 | V19: 1.9 | W19: 1.7 | X19: 11.4 | Y19: 16.2 | Z19: 15.9 | AA19: 12.4 | AB19: 16.7 | AC19: =(SUM(D19:H19)+SUM(I19:M19))/2+SUM(N19:R19)+SUM(S19:W19) -> 38.95 | AD19: =SUM(X19:AB19)/100*50 -> 36.3 | AE19: =AC19+AD19 -> 75.25
... A27: 20 | B27: S020 | C27: Deepa Nambiar | D27: 4.3 | E27: 5.3 | F27: 5.7 | G27: 3 | H27: 3.6 | I27: 3.3 | J27: 3.1 | K27: 4.8 | L27: 5.1 | M27: 3.1 | N27: 1.7 | O27: 1.4 | P27: 1.2 | Q27: 1.2 | R27: 1.9 | S27: 1.1 | T27: 1.5 | U27: 1.3 | V27: 1.8 | W27: 1.7 | X27: 13.2 | Y27: 16 | Z27: 16.7 | AA27: 13.2 | AB27: 13 | AC27: =(SUM(D27:H27)+SUM(I27:M27))/2+SUM(N27:R27)+SUM(S27:W27) -> 35.45 | AD27: =SUM(X27:AB27)/100*50 -> 36.05 | AE27: =AC27+AD27 -> 71.5
A29: CLASS AVERAGE | D29: =AVERAGE(D8:D27) -> 4.605 | E29: =AVERAGE(E8:E27) -> 4.715 | F29: =AVERAGE(F8:F27) -> 4.305 | G29: =AVERAGE(G8:G27) -> 4.315 | H29: =AVERAGE(H8:H27) -> 4.565 | I29: =AVERAGE(I8:I27) -> 4.58 | J29: =AVERAGE(J8:J27) -> 4.525 | K29: =AVERAGE(K8:K27) -> 4.495 | ... AE29: =AVERAGE(AE8:AE27) -> 75.4925
A31: CO ATTAINMENT % (Overall) | D31: =IFERROR((D29/D6+I29/I6+N29/N6+S29/S6+X29/X6)/5,0) -> 0.75856667 | E31: =IFERROR((E29/E6+J29/J6+O29/O6+T29/T6+Y29/Y6)/5,0) -> 0.77585 | F31: =IFERROR((F29/F6+K29/K6+P29/P6+U29/U6+Z29/Z6)/5,0) -> 0.73543333 | G31: =IFERROR((G29/G6+L29/L6+Q29/Q6+V29/V6+AA29/AA6)/5,0) -> 0.74428333 | H31: =IFERROR((H29/H6+M29/M6+R29/R6+W29/W6+AB29/AB6)/5,0) -> 0.75453333
A32: CO ATTAINMENT LEVEL (3=High≥60%, 2=Med≥40%, 1=Low) | D32: =IF(D31>=0.6,3,IF(D31>=0.4,2,1)) -> 3 | E32: =IF(E31>=0.6,3,IF(E31>=0.4,2,1)) -> 3 | F32: =IF(F31>=0.6,3,IF(F31>=0.4,2,1)) -> 3 | G32: =IF(G31>=0.6,3,IF(G31>=0.4,2,1)) -> 3 | H32: =IF(H31>=0.6,3,IF(H31>=0.4,2,1)) -> 3
A33: CIE CO ATT % (Mid-1+Mid-2+Asgn+Quiz) | D33: =IFERROR((D29/D6+I29/I6+N29/N6+S29/S6)/4,0) -> 0.75895833 | E33: =IFERROR((E29/E6+J29/J6+O29/O6+T29/T6)/4,0) -> 0.773125 | F33: =IFERROR((F29/F6+K29/K6+P29/P6+U29/U6)/4,0) -> 0.72854167 | G33: =IFERROR((G29/G6+L29/L6+Q29/Q6+V29/V6)/4,0) -> 0.74166667 | H33: =IFERROR((H29/H6+M29/M6+R29/R6+W29/W6)/4,0) -> 0.76354167
A34: SEE CO ATT % (End Sem Exam) | D34: =IFERROR(X29/X6,0) -> 0.757 | E34: =IFERROR(Y29/Y6,0) -> 0.78675 | F34: =IFERROR(Z29/Z6,0) -> 0.763 | G34: =IFERROR(AA29/AA6,0) -> 0.75475 | H34: =IFERROR(AB29/AB6,0) -> 0.7185
A36: Overall CIE% | SEE% | Total% | D36: =(D33+E33+F33+G33+H33)/5 -> 0.75316667 | E36: =(D34+E34+F34+G34+H34)/5 -> 0.756 | F36: =(D31+E31+F31+G31+H31)/5 -> 0.75373333

Sheet CS305
A1: CO ATTAINMENT SHEET — Machine Learning (CS305)
A2: CIE = Mid-1(30M) + Mid-2(30M) averaged to 30M + Assignment(10M) + Quiz(10M) = 50M | SEE = 100M scaled to 50M | Total = 100M
A4: Student Info | D4: MID-1 (Max=30M) | J4: MID-2 (Max=30M) | P4: ASSIGNMENT (Max=10M) | V4: QUIZ (Max=10M) | AB4: SEE (Max=100M) | AH4: CIE (50M) | AI4: SEE (50M) | AJ4: TOTAL (100M)
A5: S.No | B5: Reg No | C5: Student Name | D5: CO1 | E5: CO2 | F5: CO3 | G5: CO4 | H5: CO5 | I5: CO6 | J5: CO1 | K5: CO2 | L5: CO3 | M5: CO4 | N5: CO5 | O5: CO6 | P5: CO1 | Q5: CO2 | R5: CO3 | S5: CO4 | T5: CO5 | U5: CO6 | V5: CO1 | W5: CO2 | X5: CO3 | Y5: CO4 | Z5: CO5 | AA5: CO6 | AB5: CO1 | AC5: CO2 | AD5: CO3 | AE5: CO4 | AF5: CO5 | AG5: CO6 | AH5: Formula | AI5: Formula | AJ5: Formula
A6: MAX MARKS (Edit here) | D6: 5 | E6: 5 | F6: 5 | G6: 5 | H6: 5 | I6: 5 | J6: 5 | K6: 5 | L6: 5 | M6: 5 | N6: 5 | O6: 5 | P6: 1.67 | Q6: 1.67 | R6: 1.67 | S6: 1.67 | T6: 1.67 | U6: 1.67 | V6: 1.67 | W6: 1.67 | X6: 1.67 | Y6: 1.67 | Z6: 1.67 | AA6: 1.67 | AB6: 16.67 | AC6: 16.67 | AD6: 16.67 | AE6: 16.67 | AF6: 16.67 | AG6: 16.67 | AH6: 50 | AI6: 50 | AJ6: 100
A7: ↓ Enter student marks below ↓
A8: 1 | B8: S001 | C8: Aarav Sharma | D8: 2.9 | E8: 4.2 | F8: 3.1 | G8: 3.3 | H8: 2.7 | I8: 4.9 | J8: 4.7 | K8: 4.8 | L8: 4.1 | M8: 3.6 | N8: 3.7 | O8: 4.9 | P8: 1.6 | Q8: 1.4 | R8: 1.5 | S8: 1.1 | T8: 1.2 | U8: 1 | V8: 1.1 | W8: 1.5 | X8: 1.2 | Y8: 1.5 | Z8: 1.1 | AA8: 1.4 | AB8: 15 | AC8: 16 | AD8: 13 | AE8: 16.4 | AF8: 13 | AG8: 9.5 | AH8: =(SUM(D8:I8)+SUM(J8:O8))/2+SUM(P8:U8)+SUM(V8:AA8) -> 39.05 | AI8: =SUM(AB8:AG8)/100*50 -> 41.45 | AJ8: =AH8+AI8 -> 80.5
A9: 2 | B9: S002 | C9: Priya Patel | D9: 3.1 | E9: 3 | F9: 4.1 | G9: 4.8 | H9: 4.6 | I9: 2.7 | J9: 4.3 | K9: 3 | L9: 3.2 | M9: 4.2 | N9: 4 | O9: 4.7 | P9: 1 | Q9: 1.5 | R9: 1.4 | S9: 1.3 | T9: 1.2 | U9: 1.6 | V9: 1.1 | W9: 1.6 | X9: 0.8 | Y9: 1.6 | Z9: 1.6 | AA9: 0.9 | AB9: 16.7 | AC9: 12.3 | AD9: 10.4 | AE9: 13.4 | AF9: 10 | AG9: 16 | AH9: =(SUM(D9:I9)+SUM(J9:O9))/2+SUM(P9:U9)+SUM(V9:AA9) -> 38.45 | AI9: =SUM(AB9:AG9)/100*50 -> 39.4 | AJ9: =AH9+AI9 -> 77.85
A10: 3 | B10: S003 | C10: Rohan Mehta | D10: 3.9 | E10: 4.4 | F10: 3.5 | G10: 3.8 | H10: 3.4 | I10: 3.2 | J10: 3.8 | K10: 3.7 | L10: 2.7 | M10: 5 | N10: 3.7 | O10: 4.6 | P10: 1.6 | Q10: 1.1 | R10: 1.2 | S10: 1.3 | T10: 1 | U10: 1 | V10: 1.1 | W10: 1.6 | X10: 1.3 | Y10: 1.2 | Z10: 1 | AA10: 1.1 | AB10: 11.5 | AC10: 15.3 | AD10: 12.5 | AE10: 13.8 | AF10: 14 | AG10: 10.5 | AH10: =(SUM(D10:I10)+SUM(J10:O10))/2+SUM(P10:U10)+SUM(V10:AA10) -> 37.35 | AI10: =SUM(AB10:AG10)/100*50 -> 38.8 | AJ10: =AH10+AI10 -> 76.15
A11: 4 | B11: S004 | C11: Sneha Reddy | D11: 4.6 | E11: 4.9 | F11: 4.1 | G11: 3.7 | H11: 2.9 | I11: 4.5 | J11: 2.9 | K11: 4.3 | L11: 3.7 | M11: 4.8 | N11: 3.9 | O11: 4.1 | P11: 0.9 | Q11: 0.9 | R11: 1.5 | S11: 1.6 | T11: 1.4 | U11: 1.5 | V11: 1.2 | W11: 1.5 | X11: 1 | Y11: 1.4 | Z11: 0.8 | AA11: 1.3 | AB11: 11.4 | AC11: 13.5 | AD11: 13.9 | AE11: 13.5 | AF11: 12.4 | AG11: 12.4 | AH11: =(SUM(D11:I11)+SUM(J11:O11))/2+SUM(P11:U11)+SUM(V11:AA11) -> 39.2 | AI11: =SUM(AB11:AG11)/100*50 -> 38.55 | AJ11: =AH11+AI11 -> 77.75
A12: 5 | B12: S005 | C12: Vikram Singh | D12: 2.5 | E12: 3.9 | F12: 2.5 | G12: 3.8 | H12: 3.2 | I12: 4.9 | J12: 2.5 | K12: 4.5 | L12: 4.2 | M12: 4.5 | N12: 4.8 | O12: 2.8 | P12: 0.9 | Q12: 1 | R12: 1 | S12: 1.3 | T12: 1.5 | U12: 1.1 | V12: 1.2 | W12: 1.1 | X12: 1.2 | Y12: 1.3 | Z12: 1.7 | AA12: 1 | AB12: 14 | AC12: 15.4 | AD12: 13.8 | AE12: 15.5 | AF12: 14.7 | AG12: 9.1 | AH12: =(SUM(D12:I12)+SUM(J12:O12))/2+SUM(P12:U12)+SUM(V12:AA12) -> 36.35 | AI12: =SUM(AB12:AG12)/100*50 -> 41.25 | AJ12: =AH12+AI12 -> 77.6
A13: 6 | B13: S006 | C13: Anjali Nair | D13: 3.4 | E13: 3.9 | F13: 2.6 | G13: 2.5 | H13: 2.9 | I13: 3.7 | J13: 3.6 | K13: 4.5 | L13: 3.9 | M13: 4.6 | N13: 2.7 | O13: 3.8 | P13: 0.9 | Q13: 1 | R13: 1.6 | S13: 1.6 | T13: 1.2 | U13: 0.9 | V13: 0.9 | W13: 1.6 | X13: 1.6 | Y13: 1.3 | Z13: 0.9 | AA13: 1.6 | AB13: 11 | AC13: 16.3 | AD13: 13.2 | AE13: 14.6 | AF13: 14.3 | AG13: 11.7 | AH13: =(SUM(D13:I13)+SUM(J13:O13))/2+SUM(P13:U13)+SUM(V13:AA13) -> 36.15 | AI13: =SUM(AB13:AG13)/100*50 -> 40.55 | AJ13: =AH13+AI13 -> 76.7
A14: 7 | B14: S007 | C14: Kiran Kumar | D14: 2.7 | E14: 2.9 | F14: 3.1 | G14: 4.6 | H14: 3.5 | I14: 4.7 | J14: 3.3 | K14: 4.4 | L14: 2.8 | M14: 5 | N14: 4.3 | O14: 3.8 | P14: 1.6 | Q14: 0.9 | R14: 1.2 | S14: 1.5 | T14: 1.1 | U14: 1.5 | V14: 1.6 | W14: 1.2 | X14: 1.5 | Y14: 0.9 | Z14: 1.1 | AA14: 1.7 | AB14: 12.4 | AC14: 11.3 | AD14: 16.2 | AE14: 11.9 | AF14: 14 | AG14: 13.8 | AH14: =(SUM(D14:I14)+SUM(J14:O14))/2+SUM(P14:U14)+SUM(V14:AA14) -> 38.35 | AI14: =SUM(AB14:AG14)/100*50 -> 39.8 | AJ14: =AH14+AI14 -> 78.15
A15: 8 | B15: S008 | C15: Divya Rao | D15: 2.7 | E15: 4 | F15: 4.5 | G15: 4.3 | H15: 2.7 | I15: 2.9 | J15: 4.3 | K15: 4.1 | L15: 4.3 | M15: 3.3 | N15: 2.8 | O15: 2.5 | P15: 1.1 | Q15: 1.1 | R15: 1.1 | S15: 0.9 | T15: 1 | U15: 1.2 | V15: 1.3 | W15: 1.2 | X15: 0.9 | Y15: 1.1 | Z15: 0.9 | AA15: 1.3 | AB15: 11 | AC15: 11.5 | AD15: 10.8 | AE15: 11.6 | AF15: 9 | AG15: 15.8 | AH15: =(SUM(D15:I15)+SUM(J15:O15))/2+SUM(P15:U15)+SUM(V15:AA15) -> 34.3 | AI15: =SUM(AB15:AG15)/100*50 -> 34.85 | AJ15: =AH15+AI15 -> 69.15
A16: 9 | B16: S009 | C16: Arjun Gupta | D16: 4.8 | E16: 4.9 | F16: 3.9 | G16: 2.9 | H16: 3.5 | I16: 2.8 | J16: 3.3 | K16: 3.7 | L16: 2.7 | M16: 3.6 | N16: 3.6 | O16: 3.7 | P16: 0.9 | Q16: 1 | R16: 1 | S16: 1.4 | T16: 1.3 | U16: 1 | V16: 0.9 | W16: 1.1 | X16: 1.6 | Y16: 1.1 | Z16: 1.4 | AA16: 1.5 | AB16: 11.1 | AC16: 11.1 | AD16: 15.1 | AE16: 15.5 | AF16: 16.5 | AG16: 9.5 | AH16: =(SUM(D16:I16)+SUM(J16:O16))/2+SUM(P16:U16)+SUM(V16:AA16) -> 35.9 | AI16: =SUM(AB16:AG16)/100*50 -> 39.4 | AJ16: =AH16+AI16 -> 75.3
A17: 10 | B17: S010 | C17: Pooja Iyer | D17: 3.3 | E17: 4.9 | F17: 3 | G17: 3.3 | H17: 4.9 | I17: 4.9 | J17: 3.2 | K17: 4.2 | L17: 3.7 | M17: 3.9 | N17: 3.1 | O17: 3.4 | P17: 1.5 | Q17: 1.2 | R17: 0.9 | S17: 1.3 | T17: 1.3 | U17: 1.3 | V17: 1.4 | W17: 1.3 | X17: 1.6 | Y17: 1.2 | Z17: 1.4 | AA17: 1.2 | AB17: 10.8 | AC17: 14.1 | AD17: 15.2 | AE17: 15 | AF17: 11.7 | AG17: 12.5 | AH17: =(SUM(D17:I17)+SUM(J17:O17))/2+SUM(P17:U17)+SUM(V17:AA17) -> 38.5 | AI17: =SUM(AB17:AG17)/100*50 -> 39.65 | AJ17: =AH17+AI17 -> 78.15
A18: 11 | B18: S011 | C18: Rahul Verma | D18: 4.1 | E18: 3.1 | F18: 4.1 | G18: 4.3 | H18: 4.5 | I18: 2.7 | J18: 5 | K18: 3.7 | L18: 3.5 | M18: 3.8 | N18: 4.8 | O18: 4.2 | P18: 1.3 | Q18: 1.5 | R18: 1.1 | S18: 1.6 | T18: 1.3 | U18: 1.4 | V18: 0.9 | W18: 1.5 | X18: 1.4 | Y18: 1.1 | Z18: 1.4 | AA18: 0.9 | AB18: 16.5 | AC18: 14 | AD18: 11.7 | AE18: 14.6 | AF18: 16.4 | AG18: 11.9 | AH18: =(SUM(D18:I18)+SUM(J18:O18))/2+SUM(P18:U18)+SUM(V18:AA18) -> 39.3 | AI18: =SUM(AB18:AG18)/100*50 -> 42.55 | AJ18: =AH18+AI18 -> 81.85
A19: 12 | B19: S012 | C19: Meera Joshi | D19: 2.5 | E19: 3.1 | F19: 3.8 | G19: 3.8 | H19: 4 | I19: 3.9 | J19: 3.6 | K19: 3.5 | L19: 4.4 | M19: 4 | N19: 3.8 | O19: 3.4 | P19: 0.9 | Q19: 0.9 | R19: 1.2 | S19: 1.6 | T19: 0.9 | U19: 1.6 | V19: 1 | W19: 1.1 | X19: 1.2 | Y19: 1 | Z19: 1.2 | AA19: 1.2 | AB19: 12 | AC19: 14.1 | AD19: 11 | AE19: 10.8 | AF19: 15.1 | AG19: 9.3 | AH19: =(SUM(D19:I19)+SUM(J19:O19))/2+SUM(P19:U19)+SUM(V19:AA19) -> 35.7 | AI19: =SUM(AB19:AG19)/100*50 -> 36.15 | AJ19: =AH19+AI19 -> 71.85
... A27: 20 | B27: S020 | C27: Deepa Nambiar | D27: 4.5 | E27: 5 | F27: 3.6 | G27: 2.8 | H27: 2.7 | I27: 3.5 | J27: 4.3 | K27: 2.8 | L27: 3.3 | M27: 4.7 | N27: 2.8 | O27: 4.4 | P27: 1.5 | Q27: 0.9 | R27: 1.7 | S27: 1 | T27: 1.3 | U27: 0.8 | V27: 1.4 | W27: 1.2 | X27: 1.4 | Y27: 1.4 | Z27: 1 | AA27: 1.2 | AB27: 14.1 | AC27: 15.5 | AD27: 9.1 | AE27: 9.2 | AF27: 14.6 | AG27: 13.2 | AH27: =(SUM(D27:I27)+SUM(J27:O27))/2+SUM(P27:U27)+SUM(V27:AA27) -> 37 | AI27: =SUM(AB27:AG27)/100*50 -> 37.85 | AJ27: =AH27+AI27 -> 74.85
A29: CLASS AVERAGE | D29: =AVERAGE(D8:D27) -> 3.545 | E29: =AVERAGE(E8:E27) -> 3.945 | F29: =AVERAGE(F8:F27) -> 3.675 | G29: =AVERAGE(G8:G27) -> 3.565 | H29: =AVERAGE(H8:H27) -> 3.72 | I29: =AVERAGE(I8:I27) -> 3.66 | J29: =AVERAGE(J8:J27) -> 3.725 | K29: =AVERAGE(K8:K27) -> 3.765 | ... AJ29: =AVERAGE(AJ8:AJ27) -> 75.3275
A31: CO ATTAINMENT % (Overall) | D31: =IFERROR((D29/D6+J29/J6+P29/P6+V29/V6+AB29/AB6)/5,0) -> 0.7249558 | E31: =IFERROR((E29/E6+K29/K6+Q29/Q6+W29/W6+AC29/AC6)/5,0) -> 0.76592849 | F31: =IFERROR((F29/F6+L29/L6+R29/R6+X29/X6+AD29/AD6)/5,0) -> 0.75492047 | G31: =IFERROR((G29/G6+M29/M6+S29/S6+Y29/Y6+AE29/AE6)/5,0) -> 0.76153053 | H31: =IFERROR((H29/H6+N29/N6+T29/T6+Z29/Z6+AF29/AF6)/5,0) -> 0.74728791 | I31: =IFERROR((I29/I6+O29/O6+U29/U6+AA29/AA6+AG29/AG6)/5,0) -> 0.73927015
A32: CO ATTAINMENT LEVEL (3=High≥60%, 2=Med≥40%, 1=Low) | D32: =IF(D31>=0.6,3,IF(D31>=0.4,2,1)) -> 3 | E32: =IF(E31>=0.6,3,IF(E31>=0.4,2,1)) -> 3 | F32: =IF(F31>=0.6,3,IF(F31>=0.4,2,1)) -> 3 | G32: =IF(G31>=0.6,3,IF(G31>=0.4,2,1)) -> 3 | H32: =IF(H31>=0.6,3,IF(H31>=0.4,2,1)) -> 3 | I32: =IF(I31>=0.6,3,IF(I31>=0.4,2,1)) -> 3
A33: CIE CO ATT % (Mid-1+Mid-2+Asgn+Quiz) | D33: =IFERROR((D29/D6+J29/J6+P29/P6+V29/V6)/4,0) -> 0.72278144 | E33: =IFERROR((E29/E6+K29/K6+Q29/Q6+W29/W6)/4,0) -> 0.7605 | F33: =IFERROR((F29/F6+L29/L6+R29/R6+X29/X6)/4,0) -> 0.75648802 | G33: =IFERROR((G29/G6+M29/M6+S29/S6+Y29/Y6)/4,0) -> 0.7602515 | H33: =IFERROR((H29/H6+N29/N6+T29/T6+Z29/Z6)/4,0) -> 0.73877395 | I33: =IFERROR((I29/I6+O29/O6+U29/U6+AA29/AA6)/4,0) -> 0.74277395
A34: SEE CO ATT % (End Sem Exam) | D34: =IFERROR(AB29/AB6,0) -> 0.73365327 | E34: =IFERROR(AC29/AC6,0) -> 0.78764247 | F34: =IFERROR(AD29/AD6,0) -> 0.74865027 | G34: =IFERROR(AE29/AE6,0) -> 0.76664667 | H34: =IFERROR(AF29/AF6,0) -> 0.78134373 | I34: =IFERROR(AG29/AG6,0) -> 0.72525495
A36: Overall CIE% | SEE% | Total% | D36: =(D33+E33+F33+G33+H33+I33)/6 -> 0.74692814 | E36: =(D34+E34+F34+G34+H34+I34)/6 -> 0.75719856 | F36: =(D31+E31+F31+G31+H31+I31)/6 -> 0.74898223

Sheet CO Comparison
A1: CO ATTAINMENT COMPARISON — ALL COURSES (Auto-linked from Course Sheets)
A2: All values are live Excel formulas — update marks in course sheets and this table recalculates automatically
A4: # | B4: Course Name | C4: Code | D4: CO1 | E4: CO2 | F4: CO3 | G4: CO4 | H4: CO5 | I4: CO6 | J4: CIE % | K4: SEE % | L4: Overall %
A5: 1 | B5: Data Structures & Algorithms | C5: CS301 | D5: =CS301!D31 -> 0.7661 | E5: =CS301!E31 -> 0.73556667 | F5: =CS301!F31 -> 0.74613333 | G5: =CS301!G31 -> 0.75756667 | H5: =CS301!H31 -> 0.74516667 | I5: — | J5: =CS301!D36 -> 0.74458333 | K5: =CS301!E36 -> 0.7722 | L5: =CS301!F36 -> 0.75010667
A6: 2 | B6: Database Management Systems | C6: CS302 | D6: =CS302!D31 -> 0.78651667 | E6: =CS302!E31 -> 0.75391667 | F6: =CS302!F31 -> 0.76236667 | G6: =CS302!G31 -> 0.73993333 | H6: =CS302!H31 -> 0.76485 | I6: — | J6: =CS302!D36 -> 0.75458333 | K6: =CS302!E36 -> 0.78925 | L6: =CS302!F36 -> 0.76151667
A7: 3 | B7: Computer Networks | C7: CS303 | D7: =CS303!D31 -> 0.74656667 | E7: =CS303!E31 -> 0.7323 | F7: =CS303!F31 -> 0.7726 | G7: =CS303!G31 -> 0.73698333 | H7: =CS303!H31 -> 0.73045 | I7: — | J7: =CS303!D36 -> 0.740125 | K7: =CS303!E36 -> 0.7584 | L7: =CS303!F36 -> 0.74378
A8: 4 | B8: Operating Systems | C8: CS304 | D8: =CS304!D31 -> 0.75856667 | E8: =CS304!E31 -> 0.77585 | F8: =CS304!F31 -> 0.73543333 | G8: =CS304!G31 -> 0.74428333 | H8: =CS304!H31 -> 0.75453333 | I8: — | J8: =CS304!D36 -> 0.75316667 | K8: =CS304!E36 -> 0.756 | L8: =CS304!F36 -> 0.75373333
A9: 5 | B9: Machine Learning | C9: CS305 | D9: =CS305!D31 -> 0.7249558 | E9: =CS305!E31 -> 0.76592849 | F9: =CS305!F31 -> 0.75492047 | G9: =CS305!G31 -> 0.76153053 | H9: =CS305!H31 -> 0.74728791 | I9: =CS305!I31 -> 0.73927015 | J9: =CS305!D36 -> 0.74692814 | K9: =CS305!E36 -> 0.75719856 | L9: =CS305!F36 -> 0.74898223
A11: DEPT AVERAGE | D11: =IFERROR(AVERAGEIF(D5:D9,"<>—"),"") -> 0.75654116 | E11: =IFERROR(AVERAGEIF(E5:E9,"<>—"),"") -> 0.75271237 | F11: =IFERROR(AVERAGEIF(F5:F9,"<>—"),"") -> 0.75429076 | G11: =IFERROR(AVERAGEIF(G5:G9,"<>—"),"") -> 0.74805944 | H11: =IFERROR(AVERAGEIF(H5:H9,"<>—"),"") -> 0.74845758 | I11: =IFERROR(AVERAGEIF(I5:I9,"<>—"),"") -> 0.73927015 | J11: =IFERROR(AVERAGEIF(J5:J9,"<>—"),"") -> 0.7478773 | K11: =IFERROR(AVERAGEIF(K5:K9,"<>—"),"") -> 0.76660971 | L11: =IFERROR(AVERAGEIF(L5:L9,"<>—"),"") -> 0.75162378
