Workbook

Sheet Thresholds
A1: Level | B1: Number of Assessment Tools | C1: Mapping Value
A2: No Mapping (–) | B2: 0 tools | C2: –
A3: Low (1) | B3: 1–2 tools | C3: 1
A4: Medium (2) | B4: 3 tools | C4: 2
A5: High (3) | B5: ≥ 4 tools | C5: 3

Sheet Tool_Catalog
A2: Standard Assessment Tool Names (edit/add as needed)
A3: Mid-term test
A4: End-term test
A5: Class test
A6: Surprise quiz/test
A7: Oral/Viva
A8: CIA – Assignment
A9: CIA – Lab/Practical
A10: Course exit survey
A11: University theory exam
A12: University practical exam
A13: External feedback – Alumni
... A20: Skill/Activity – Industrial visit

Sheet CO_List
A1: CO | B1: Title/Short Description | C1: Notes
A2: CO1
A3: CO2
A4: CO3
A5: CO4
A6: CO5
A7: CO6

Sheet CO_PO_Tools
A1: CO | B1: PO | C1: Tool1 | D1: Tool2 | E1: Tool3 | F1: Tool4 | G1: Tool5 | H1: Tool6 | I1: Tool7 | J1: Tool8 | K1: Unique Tool Count | L1: Mapping Value (–/1/2/3)
A2: CO1 | B2: PO1 | K2: =IFERROR(COUNTA(UNIQUE(C2:J2)),0) | L2: =IF(K2=0,"–",IF(K2<=2,1,IF(K2=3,2,3)))
A3: CO1 | B3: PO2 | K3: =IFERROR(COUNTA(UNIQUE(C3:J3)),0) | L3: =IF(K3=0,"–",IF(K3<=2,1,IF(K3=3,2,3)))
A4: CO1 | B4: PO3 | K4: =IFERROR(COUNTA(UNIQUE(C4:J4)),0) | L4: =IF(K4=0,"–",IF(K4<=2,1,IF(K4=3,2,3)))
A5: CO1 | B5: PO4 | K5: =IFERROR(COUNTA(UNIQUE(C5:J5)),0) | L5: =IF(K5=0,"–",IF(K5<=2,1,IF(K5=3,2,3)))
A6: CO1 | B6: PO5 | K6: =IFERROR(COUNTA(UNIQUE(C6:J6)),0) | L6: =IF(K6=0,"–",IF(K6<=2,1,IF(K6=3,2,3)))
A7: CO1 | B7: PO6 | K7: =IFERROR(COUNTA(UNIQUE(C7:J7)),0) | L7: =IF(K7=0,"–",IF(K7<=2,1,IF(K7=3,2,3)))
A8: CO1 | B8: PO7 | K8: =IFERROR(COUNTA(UNIQUE(C8:J8)),0) | L8: =IF(K8=0,"–",IF(K8<=2,1,IF(K8=3,2,3)))
A9: CO1 | B9: PO8 | K9: =IFERROR(COUNTA(UNIQUE(C9:J9)),0) | L9: =IF(K9=0,"–",IF(K9<=2,1,IF(K9=3,2,3)))
A10: CO1 | B10: PO9 | K10: =IFERROR(COUNTA(UNIQUE(C10:J10)),0) | L10: =IF(K10=0,"–",IF(K10<=2,1,IF(K10=3,2,3)))
A11: CO1 | B11: PO10 | K11: =IFERROR(COUNTA(UNIQUE(C11:J11)),0) | L11: =IF(K11=0,"–",IF(K11<=2,1,IF(K11=3,2,3)))
A12: CO1 | B12: PO11 | K12: =IFERROR(COUNTA(UNIQUE(C12:J12)),0) | L12: =IF(K12=0,"–",IF(K12<=2,1,IF(K12=3,2,3)))
A13: CO1 | B13: PO12 | K13: =IFERROR(COUNTA(UNIQUE(C13:J13)),0) | L13: =IF(K13=0,"–",IF(K13<=2,1,IF(K13=3,2,3)))
... A73: CO6 | B73: PO12 | K73: =IFERROR(COUNTA(UNIQUE(C73:J73)),0) | L73: =IF(K73=0,"–",IF(K73<=2,1,IF(K73=3,2,3)))

Sheet Summary_Matrix
B1: PO1 | C1: PO2 | D1: PO3 | E1: PO4 | F1: PO5 | G1: PO6 | H1: PO7 | I1: PO8 | J1: PO9 | K1: PO10 | L1: PO11 | M1: PO12
A2: CO1 | B2: =INDEX('CO_PO_Tools'!L:L,2) | C2: =INDEX('CO_PO_Tools'!L:L,3) | D2: =INDEX('CO_PO_Tools'!L:L,4) | E2: =INDEX('CO_PO_Tools'!L:L,5) | F2: =INDEX('CO_PO_Tools'!L:L,6) | G2: =INDEX('CO_PO_Tools'!L:L,7) | H2: =INDEX('CO_PO_Tools'!L:L,8) | I2: =INDEX('CO_PO_Tools'!L:L,9) | J2: =INDEX('CO_PO_Tools'!L:L,10) | K2: =INDEX('CO_PO_Tools'!L:L,11) | L2: =INDEX('CO_PO_Tools'!L:L,12) | M2: =INDEX('CO_PO_Tools'!L:L,13)
A3: CO2 | B3: =INDEX('CO_PO_Tools'!L:L,14) | C3: =INDEX('CO_PO_Tools'!L:L,15) | D3: =INDEX('CO_PO_Tools'!L:L,16) | E3: =INDEX('CO_PO_Tools'!L:L,17) | F3: =INDEX('CO_PO_Tools'!L:L,18) | G3: =INDEX('CO_PO_Tools'!L:L,19) | H3: =INDEX('CO_PO_Tools'!L:L,20) | I3: =INDEX('CO_PO_Tools'!L:L,21) | J3: =INDEX('CO_PO_Tools'!L:L,22) | K3: =INDEX('CO_PO_Tools'!L:L,23) | L3: =INDEX('CO_PO_Tools'!L:L,24) | M3: =INDEX('CO_PO_Tools'!L:L,25)
A4: CO3 | B4: =INDEX('CO_PO_Tools'!L:L,26) | C4: =INDEX('CO_PO_Tools'!L:L,27) | D4: =INDEX('CO_PO_Tools'!L:L,28) | E4: =INDEX('CO_PO_Tools'!L:L,29) | F4: =INDEX('CO_PO_Tools'!L:L,30) | G4: =INDEX('CO_PO_Tools'!L:L,31) | H4: =INDEX('CO_PO_Tools'!L:L,32) | I4: =INDEX('CO_PO_Tools'!L:L,33) | J4: =INDEX('CO_PO_Tools'!L:L,34) | K4: =INDEX('CO_PO_Tools'!L:L,35) | L4: =INDEX('CO_PO_Tools'!L:L,36) | M4: =INDEX('CO_PO_Tools'!L:L,37)
A5: CO4 | B5: =INDEX('CO_PO_Tools'!L:L,38) | C5: =INDEX('CO_PO_Tools'!L:L,39) | D5: =INDEX('CO_PO_Tools'!L:L,40) | E5: =INDEX('CO_PO_Tools'!L:L,41) | F5: =INDEX('CO_PO_Tools'!L:L,42) | G5: =INDEX('CO_PO_Tools'!L:L,43) | H5: =INDEX('CO_PO_Tools'!L:L,44) | I5: =INDEX('CO_PO_Tools'!L:L,45) | J5: =INDEX('CO_PO_Tools'!L:L,46) | K5: =INDEX('CO_PO_Tools'!L:L,47) | L5: =INDEX('CO_PO_Tools'!L:L,48) | M5: =INDEX('CO_PO_Tools'!L:L,49)
A6: CO5 | B6: =INDEX('CO_PO_Tools'!L:L,50) | C6: =INDEX('CO_PO_Tools'!L:L,51) | D6: =INDEX('CO_PO_Tools'!L:L,52) | E6: =INDEX('CO_PO_Tools'!L:L,53) | F6: =INDEX('CO_PO_Tools'!L:L,54) | G6: =INDEX('CO_PO_Tools'!L:L,55) | H6: =INDEX('CO_PO_Tools'!L:L,56) | I6: =INDEX('CO_PO_Tools'!L:L,57) | J6: =INDEX('CO_PO_Tools'!L:L,58) | K6: =INDEX('CO_PO_Tools'!L:L,59) | L6: =INDEX('CO_PO_Tools'!L:L,60) | M6: =INDEX('CO_PO_Tools'!L:L,61)
A7: CO6 | B7: =INDEX('CO_PO_Tools'!L:L,62) | C7: =INDEX('CO_PO_Tools'!L:L,63) | D7: =INDEX('CO_PO_Tools'!L:L,64) | E7: =INDEX('CO_PO_Tools'!L:L,65) | F7: =INDEX('CO_PO_Tools'!L:L,66) | G7: =INDEX('CO_PO_Tools'!L:L,67) | H7: =INDEX('CO_PO_Tools'!L:L,68) | I7: =INDEX('CO_PO_Tools'!L:L,69) | J7: =INDEX('CO_PO_Tools'!L:L,70) | K7: =INDEX('CO_PO_Tools'!L:L,71) | L7: =INDEX('CO_PO_Tools'!L:L,72) | M7: =INDEX('CO_PO_Tools'!L:L,73)

Sheet ReadMe
A1: How to use
A2: 1) (Optional) Update 'Tool_Catalog' to reflect your institute's assessment tools.
A3: 2) Define your COs in 'CO_List'.
A4: 3) In 'CO_PO_Tools', for each CO–PO pair, select up to 8 distinct tools from the dropdowns.
A5: Excel auto-counts unique tools and assigns mapping (–/1/2/3): 0→–, 1–2→1, 3→2, ≥4→3.
A6: 4) View 'Summary_Matrix' for the CO×PO articulation filled with mapping values.
A8: Notes
A9: • Each tool selection counts once per CO–PO pair (unique count).
A10: • You can increase tool slots by inserting more 'Tool' columns; copy the unique-count and mapping formulas.
A11: • Combine this with the Contact Hours and Bloom’s Level templates for holistic mapping.
