Workbook

Sheet Framework & Rubrics
A1: INDUSTRIAL TRAINING / INTERNSHIP — OBE EVALUATION FRAMEWORK & RUBRICS
A2: B.Tech CSE | Dept. of Computer Science & Engineering | AY 2024-25 | Reference: Industrial Training / Internship Evaluation Guidelines
A4: ASSESSMENT STRUCTURE (From Document — Section 3)
A5: CIE — Continuous Internal Evaluation (40 Marks) | G5: SEE — Semester End Evaluation (60 Marks)
A6: Attendance(5)+Weekly Progress(10)+Log Book(10)+Technical(10)+Mentor Feedback(5) = 40M | G6: Report(25)+Presentation(20)+Viva-Voce(15)+Demonstration(5) = 60M | Total = 100M
A7: FINAL SCORE = CIE (40M) + SEE (60M) = 100M | Attainment Level: L3≥80% L2=60–79% L1=40–59% L0<40%
A9: CIE COMPONENTS (from document Section 6)
A10: ID | B10: Component | C10: Max Marks | D10: Description | E10: Excellent | F10: Good | G10: Average | H10: Poor | I10: Mapped COs | J10: Mapped POs
A11: CIE1 | B11: Attendance & Discipline | C11: 5 | D11: Professional conduct, punctuality, workplace ethics, and compliance | E11: 95–100% attendance; excellent conduct | F11: 85–94%; good behavior | G11: 75–84%; acceptable | H11: <75%; unsatisfactory | I11: CO5 | J11: PO8, PO9, PO10, PO11
A12: CIE2 | B12: Weekly Progress Review | C12: 10 | D12: Monitoring of learning progress, task completion, and continuous engagement | E12: Regular detailed reports; all tasks completed | F12: Mostly regular; most tasks done | G12: Irregular reports; partial tasks | H12: Incomplete/no reports | I12: CO1, CO2, CO3 | J12: PO1, PO2, PO5
A13: CIE3 | B13: Log Book / Work Diary | C13: 10 | D13: Daily/weekly documentation of internship activities, technical clarity, neatness | E13: Comprehensive, neat, technically precise | F13: Good entries; minor issues | G13: Moderate; some gaps | H13: Incomplete or not maintained | I13: CO1, CO4 | J13: PO1, PO2, PO5, PO10
A14: CIE4 | B14: Technical Performance | C14: 10 | D14: Practical competency, industrial task execution, tool/software usage | E14: Outstanding technical application | F14: Good practical performance | G14: Acceptable but limited | H14: Poor technical involvement | I14: CO1, CO2, CO3 | J14: PO1, PO2, PO3, PO5, PO11
A15: CIE5 | B15: Industry Mentor Feedback | C15: 5 | D15: Industry supervisor's holistic assessment of student performance | E15: Excellent rating from industry mentor | F15: Good mentor feedback | G15: Average; needs improvement | H15: Poor; significant concerns | I15: CO1, CO2, CO4, CO5 | J15: PO8, PO9, PO10, PO11
A17: SEE COMPONENTS (from document Section 9)
A18: ID | B18: Component | C18: Max Marks | D18: Description | E18: Excellent | F18: Good | G18: Average | H18: Poor | I18: Mapped COs | J18: Mapped POs
A19: SEE1 | B19: Internship Report | C19: 25 | D19: Technical documentation, structure, content quality, analysis, references | E19: Excellent structure; comprehensive content; thorough analysis | F19: Good report; minor structural or content gaps | G19: Adequate report; several sections need improvement | H19: Poor/missing report; incomplete or copied content | I19: CO1, CO2, CO3, CO4 | J19: PO1, PO2, PO3, PO5, PO10
A20: SEE2 | B20: Presentation | C20: 20 | D20: Communication clarity, slide quality, Q&A handling, professional delivery | E20: Excellent delivery; clear slides; confident Q&A | F20: Good presentation; minor delivery issues | G20: Adequate; limited clarity or confidence | H20: Poor presentation; unable to explain work | I20: CO1, CO2, CO4, CO5 | J20: PO9, PO10, PO11
A21: SEE3 | B21: Viva-Voce | C21: 15 | D21: Depth of technical knowledge, analytical thinking, problem-solving ability | E21: Excellent technical depth; accurate answers; strong analysis | F21: Good understanding; answers most questions | G21: Basic understanding; limited depth | H21: Unable to answer; poor knowledge of internship work | I21: CO1, CO2, CO3 | J21: PO1, PO2, PO5
A22: SEE4 | B22: Project/Task Demonstration | C22: 5 | D22: Practical demonstration of internship work/project outcomes | E22: Outstanding demo; complete working implementation | F22: Good demo; mostly complete | G22: Partial demo; incomplete | H22: No meaningful demo | I22: CO2, CO3 | J22: PO3, PO5, PO11
A24: ATTAINMENT LEVEL SCALE (from document)
A25: L3 | B25: ≥ 80% | C25: Excellent — Student fully met internship objectives; highly industry-ready
A26: L2 | B26: 60–79% | C26: Good — Student satisfactorily met objectives; moderately industry-ready
A27: L1 | B27: 40–59% | C27: Satisfactory — Partially met objectives; requires skill development
A28: L0 | B28: < 40% | C28: Inadequate — Did not meet objectives; major improvement needed

Sheet CIE Marks Entry
A1: INTERNSHIP CIE — CONTINUOUS INTERNAL EVALUATION MARKS ENTRY (40 Marks)
A2: Enter marks in YELLOW cells per component per student | CIE = Attendance(5)+Weekly Progress(10)+Log Book(10)+Technical Performance(10)+Mentor Feedback(5) = 40M | Total, Grade, Attainment% auto-calculate
A4: Course: | B4: Industrial Training / Internship | C4: Course Code: | D4: CS4P01
A5: Semester: | B5: VII / VIII | C5: Coordinator:
A7: Student Information | D7: CIE COMPONENT MARKS (Enter in Yellow Cells) | I7: RESULTS
A8: S.No | Student ID | Name | D8: CIE1 Attendance & Discipline (5M) | E8: CIE2 Weekly Progress Review (10M) | F8: CIE3 Log Book / Work Diary (10M) | G8: CIE4 Technical Performance (10M) | H8: CIE5 Industry Mentor Feedback (5M) | I8: CIE Total (/40M) | J8: CIE% | K8: Grade | L8: CIE Att% | M8: Pass/Fail
A9: ← Max marks → | D9: Max:5 | E9: Max:10 | F9: Max:10 | G9: Max:10 | H9: Max:5
A10: 1 | B10: 23A01A0501 | C10: Aarav Sharma | D10: 4 | E10: 8.4 | F10: 7.6 | G10: 6.3 | H10: 2.8 | I10: =SUM(D10,E10,F10,G10,H10) -> 29.1 | J10: =I10/40*100 -> 72.75 | K10: =IF(I10>=36,"O",IF(I10>=32,"A+",IF(I10>=24,"A",IF(I10>=16,"B","F")))) -> A | L10: =I10/40 -> 0.7275 | M10: =IF(I10>=16,"Pass","Fail") -> Pass
A11: 2 | B11: 23A01A0502 | C11: Priya Patel | D11: 4.9 | E11: 8.1 | F11: 5.8 | G11: 7.3 | H11: 2.8 | I11: =SUM(D11,E11,F11,G11,H11) -> 28.9 | J11: =I11/40*100 -> 72.25 | K11: =IF(I11>=36,"O",IF(I11>=32,"A+",IF(I11>=24,"A",IF(I11>=16,"B","F")))) -> A | L11: =I11/40 -> 0.7225 | M11: =IF(I11>=16,"Pass","Fail") -> Pass
A12: 3 | B12: 23A01A0503 | C12: Rohan Mehta | D12: 4.5 | E12: 9.9 | F12: 5.9 | G12: 5.7 | H12: 2.8 | I12: =SUM(D12,E12,F12,G12,H12) -> 28.8 | J12: =I12/40*100 -> 72 | K12: =IF(I12>=36,"O",IF(I12>=32,"A+",IF(I12>=24,"A",IF(I12>=16,"B","F")))) -> A | L12: =I12/40 -> 0.72 | M12: =IF(I12>=16,"Pass","Fail") -> Pass
A13: 4 | B13: 23A01A0504 | C13: Sneha Reddy | D13: 3.9 | E13: 9 | F13: 6.4 | G13: 6.4 | H13: 4.3 | I13: =SUM(D13,E13,F13,G13,H13) -> 30 | J13: =I13/40*100 -> 75 | K13: =IF(I13>=36,"O",IF(I13>=32,"A+",IF(I13>=24,"A",IF(I13>=16,"B","F")))) -> A | L13: =I13/40 -> 0.75 | M13: =IF(I13>=16,"Pass","Fail") -> Pass
A14: 5 | B14: 23A01A0505 | C14: Vikram Singh | D14: 5 | E14: 9.7 | F14: 8.4 | G14: 9.6 | H14: 3.5 | I14: =SUM(D14,E14,F14,G14,H14) -> 36.2 | J14: =I14/40*100 -> 90.5 | K14: =IF(I14>=36,"O",IF(I14>=32,"A+",IF(I14>=24,"A",IF(I14>=16,"B","F")))) -> O | L14: =I14/40 -> 0.905 | M14: =IF(I14>=16,"Pass","Fail") -> Pass
A15: 6 | B15: 23A01A0506 | C15: Anjali Nair | D15: 4.8 | E15: 8.2 | F15: 8 | G15: 6.4 | H15: 3.3 | I15: =SUM(D15,E15,F15,G15,H15) -> 30.7 | J15: =I15/40*100 -> 76.75 | K15: =IF(I15>=36,"O",IF(I15>=32,"A+",IF(I15>=24,"A",IF(I15>=16,"B","F")))) -> A | L15: =I15/40 -> 0.7675 | M15: =IF(I15>=16,"Pass","Fail") -> Pass
A16: 7 | B16: 23A01A0507 | C16: Kiran Kumar | D16: 2.8 | E16: 9 | F16: 8 | G16: 7.2 | H16: 5 | I16: =SUM(D16,E16,F16,G16,H16) -> 32 | J16: =I16/40*100 -> 80 | K16: =IF(I16>=36,"O",IF(I16>=32,"A+",IF(I16>=24,"A",IF(I16>=16,"B","F")))) -> A+ | L16: =I16/40 -> 0.8 | M16: =IF(I16>=16,"Pass","Fail") -> Pass
A17: 8 | B17: 23A01A0508 | C17: Divya Rao | D17: 3.8 | E17: 6.7 | F17: 9.2 | G17: 8.1 | H17: 4.6 | I17: =SUM(D17,E17,F17,G17,H17) -> 32.4 | J17: =I17/40*100 -> 81 | K17: =IF(I17>=36,"O",IF(I17>=32,"A+",IF(I17>=24,"A",IF(I17>=16,"B","F")))) -> A+ | L17: =I17/40 -> 0.81 | M17: =IF(I17>=16,"Pass","Fail") -> Pass
A18: 9 | B18: 23A01A0509 | C18: Arjun Gupta | D18: 3.5 | E18: 7.5 | F18: 9.1 | G18: 7.6 | H18: 4.3 | I18: =SUM(D18,E18,F18,G18,H18) -> 32 | J18: =I18/40*100 -> 80 | K18: =IF(I18>=36,"O",IF(I18>=32,"A+",IF(I18>=24,"A",IF(I18>=16,"B","F")))) -> A+ | L18: =I18/40 -> 0.8 | M18: =IF(I18>=16,"Pass","Fail") -> Pass
A19: 10 | B19: 23A01A0510 | C19: Pooja Iyer | D19: 4.5 | E19: 8 | F19: 8.4 | G19: 8.1 | H19: 4.5 | I19: =SUM(D19,E19,F19,G19,H19) -> 33.5 | J19: =I19/40*100 -> 83.75 | K19: =IF(I19>=36,"O",IF(I19>=32,"A+",IF(I19>=24,"A",IF(I19>=16,"B","F")))) -> A+ | L19: =I19/40 -> 0.8375 | M19: =IF(I19>=16,"Pass","Fail") -> Pass
A20: 11 | B20: 23A01A0511 | C20: Rahul Verma | D20: 4.7 | E20: 9.3 | F20: 7 | G20: 7.9 | H20: 4.1 | I20: =SUM(D20,E20,F20,G20,H20) -> 33 | J20: =I20/40*100 -> 82.5 | K20: =IF(I20>=36,"O",IF(I20>=32,"A+",IF(I20>=24,"A",IF(I20>=16,"B","F")))) -> A+ | L20: =I20/40 -> 0.825 | M20: =IF(I20>=16,"Pass","Fail") -> Pass
A21: 12 | B21: 23A01A0512 | C21: Meera Joshi | D21: 3.1 | E21: 6.8 | F21: 7 | G21: 7.1 | H21: 4 | I21: =SUM(D21,E21,F21,G21,H21) -> 28 | J21: =I21/40*100 -> 70 | K21: =IF(I21>=36,"O",IF(I21>=32,"A+",IF(I21>=24,"A",IF(I21>=16,"B","F")))) -> A | L21: =I21/40 -> 0.7 | M21: =IF(I21>=16,"Pass","Fail") -> Pass
... A59: 50 | B59: 23A01A0550 | C59: Chandra V | D59: 3.5 | E59: 6.2 | F59: 6.8 | G59: 9.1 | H59: 2.8 | I59: =SUM(D59,E59,F59,G59,H59) -> 28.4 | J59: =I59/40*100 -> 71 | K59: =IF(I59>=36,"O",IF(I59>=32,"A+",IF(I59>=24,"A",IF(I59>=16,"B","F")))) -> A | L59: =I59/40 -> 0.71 | M59: =IF(I59>=16,"Pass","Fail") -> Pass
A61: CLASS AVERAGE | D61: =AVERAGE(D10:D59) -> 3.852 | E61: =AVERAGE(E10:E59) -> 7.874 | F61: =AVERAGE(F10:F59) -> 7.742 | G61: =AVERAGE(G10:G59) -> 7.514 | H61: =AVERAGE(H10:H59) -> 3.862 | I61: =AVERAGE(I10:I59) -> 30.844 | J61: =AVERAGE(J10:J59) -> 77.11 | L61: =AVERAGE(L10:L59) -> 0.7711

Sheet SEE Marks Entry
A1: INTERNSHIP SEE — SEMESTER END EVALUATION MARKS ENTRY (60 Marks)
A2: Enter marks in YELLOW cells | SEE = Internship Report(25)+Presentation(20)+Viva-Voce(15)+Demonstration(5) = 60M | Total, Grade, Attainment% auto-calculate
A4: Student Information | D4: SEE COMPONENT MARKS (Enter in Yellow Cells) | H4: RESULTS
A5: S.No | Student ID | Name | D5: SEE1 Internship Report (25M) | E5: SEE2 Presentation (20M) | F5: SEE3 Viva-Voce (15M) | G5: SEE4 Project/Task Demonstration (5M) | H5: SEE Total (/60M) | I5: SEE% | J5: Grade | K5: SEE Att% | L5: Pass/Fail
A6: 1 | B6: 23A01A0501 | C6: Aarav Sharma | D6: 24.7 | E6: 19.3 | F6: 12.9 | G6: 3.1 | H6: =SUM(D6,E6,F6,G6) -> 60 | I6: =H6/60*100 -> 100 | J6: =IF(H6>=54,"O",IF(H6>=48,"A+",IF(H6>=36,"A",IF(H6>=24,"B","F")))) -> O | K6: =H6/60 -> 1 | L6: =IF(H6>=24,"Pass","Fail") -> Pass
A7: 2 | B7: 23A01A0502 | C7: Priya Patel | D7: 15.5 | E7: 17.8 | F7: 12.4 | G7: 4.9 | H7: =SUM(D7,E7,F7,G7) -> 50.6 | I7: =H7/60*100 -> 84.333333 | J7: =IF(H7>=54,"O",IF(H7>=48,"A+",IF(H7>=36,"A",IF(H7>=24,"B","F")))) -> A+ | K7: =H7/60 -> 0.84333333 | L7: =IF(H7>=24,"Pass","Fail") -> Pass
A8: 3 | B8: 23A01A0503 | C8: Rohan Mehta | D8: 14.8 | E8: 11.5 | F8: 13.3 | G8: 4.9 | H8: =SUM(D8,E8,F8,G8) -> 44.5 | I8: =H8/60*100 -> 74.166667 | J8: =IF(H8>=54,"O",IF(H8>=48,"A+",IF(H8>=36,"A",IF(H8>=24,"B","F")))) -> A | K8: =H8/60 -> 0.74166667 | L8: =IF(H8>=24,"Pass","Fail") -> Pass
A9: 4 | B9: 23A01A0504 | C9: Sneha Reddy | D9: 15.5 | E9: 12 | F9: 13.5 | G9: 3.2 | H9: =SUM(D9,E9,F9,G9) -> 44.2 | I9: =H9/60*100 -> 73.666667 | J9: =IF(H9>=54,"O",IF(H9>=48,"A+",IF(H9>=36,"A",IF(H9>=24,"B","F")))) -> A | K9: =H9/60 -> 0.73666667 | L9: =IF(H9>=24,"Pass","Fail") -> Pass
A10: 5 | B10: 23A01A0505 | C10: Vikram Singh | D10: 17.9 | E10: 13.8 | F10: 13.1 | G10: 3.9 | H10: =SUM(D10,E10,F10,G10) -> 48.7 | I10: =H10/60*100 -> 81.166667 | J10: =IF(H10>=54,"O",IF(H10>=48,"A+",IF(H10>=36,"A",IF(H10>=24,"B","F")))) -> A+ | K10: =H10/60 -> 0.81166667 | L10: =IF(H10>=24,"Pass","Fail") -> Pass
A11: 6 | B11: 23A01A0506 | C11: Anjali Nair | D11: 15.6 | E11: 18.9 | F11: 9.6 | G11: 3.2 | H11: =SUM(D11,E11,F11,G11) -> 47.3 | I11: =H11/60*100 -> 78.833333 | J11: =IF(H11>=54,"O",IF(H11>=48,"A+",IF(H11>=36,"A",IF(H11>=24,"B","F")))) -> A | K11: =H11/60 -> 0.78833333 | L11: =IF(H11>=24,"Pass","Fail") -> Pass
A12: 7 | B12: 23A01A0507 | C12: Kiran Kumar | D12: 19.8 | E12: 13.8 | F12: 14.9 | G12: 4.2 | H12: =SUM(D12,E12,F12,G12) -> 52.7 | I12: =H12/60*100 -> 87.833333 | J12: =IF(H12>=54,"O",IF(H12>=48,"A+",IF(H12>=36,"A",IF(H12>=24,"B","F")))) -> A+ | K12: =H12/60 -> 0.87833333 | L12: =IF(H12>=24,"Pass","Fail") -> Pass
A13: 8 | B13: 23A01A0508 | C13: Divya Rao | D13: 20.1 | E13: 19.6 | F13: 11.2 | G13: 4.2 | H13: =SUM(D13,E13,F13,G13) -> 55.1 | I13: =H13/60*100 -> 91.833333 | J13: =IF(H13>=54,"O",IF(H13>=48,"A+",IF(H13>=36,"A",IF(H13>=24,"B","F")))) -> O | K13: =H13/60 -> 0.91833333 | L13: =IF(H13>=24,"Pass","Fail") -> Pass
A14: 9 | B14: 23A01A0509 | C14: Arjun Gupta | D14: 21.3 | E14: 19.4 | F14: 12.5 | G14: 4.9 | H14: =SUM(D14,E14,F14,G14) -> 58.1 | I14: =H14/60*100 -> 96.833333 | J14: =IF(H14>=54,"O",IF(H14>=48,"A+",IF(H14>=36,"A",IF(H14>=24,"B","F")))) -> O | K14: =H14/60 -> 0.96833333 | L14: =IF(H14>=24,"Pass","Fail") -> Pass
A15: 10 | B15: 23A01A0510 | C15: Pooja Iyer | D15: 14.3 | E15: 14 | F15: 14.3 | G15: 3.1 | H15: =SUM(D15,E15,F15,G15) -> 45.7 | I15: =H15/60*100 -> 76.166667 | J15: =IF(H15>=54,"O",IF(H15>=48,"A+",IF(H15>=36,"A",IF(H15>=24,"B","F")))) -> A | K15: =H15/60 -> 0.76166667 | L15: =IF(H15>=24,"Pass","Fail") -> Pass
A16: 11 | B16: 23A01A0511 | C16: Rahul Verma | D16: 21.6 | E16: 12.8 | F16: 11.7 | G16: 3.8 | H16: =SUM(D16,E16,F16,G16) -> 49.9 | I16: =H16/60*100 -> 83.166667 | J16: =IF(H16>=54,"O",IF(H16>=48,"A+",IF(H16>=36,"A",IF(H16>=24,"B","F")))) -> A+ | K16: =H16/60 -> 0.83166667 | L16: =IF(H16>=24,"Pass","Fail") -> Pass
A17: 12 | B17: 23A01A0512 | C17: Meera Joshi | D17: 20.6 | E17: 12 | F17: 13.5 | G17: 3.5 | H17: =SUM(D17,E17,F17,G17) -> 49.6 | I17: =H17/60*100 -> 82.666667 | J17: =IF(H17>=54,"O",IF(H17>=48,"A+",IF(H17>=36,"A",IF(H17>=24,"B","F")))) -> A+ | K17: =H17/60 -> 0.82666667 | L17: =IF(H17>=24,"Pass","Fail") -> Pass
... A55: 50 | B55: 23A01A0550 | C55: Chandra V | D55: 24.1 | E55: 14.7 | F55: 11.9 | G55: 5 | H55: =SUM(D55,E55,F55,G55) -> 55.7 | I55: =H55/60*100 -> 92.833333 | J55: =IF(H55>=54,"O",IF(H55>=48,"A+",IF(H55>=36,"A",IF(H55>=24,"B","F")))) -> O | K55: =H55/60 -> 0.92833333 | L55: =IF(H55>=24,"Pass","Fail") -> Pass
A57: CLASS AVERAGE | D57: =AVERAGE(D6:D55) -> 19.198 | E57: =AVERAGE(E6:E55) -> 15.052 | F57: =AVERAGE(F6:F55) -> 11.428 | G57: =AVERAGE(G6:G55) -> 3.918 | H57: =AVERAGE(H6:H55) -> 49.596 | I57: =AVERAGE(I6:I55) -> 82.66 | K57: =AVERAGE(K6:K55) -> 0.8266

Sheet Internship Register
A1: INTERNSHIP REGISTER — STUDENT × ORGANISATION × EVALUATION TYPE
A2: B.Tech CSE | AY 2024-25 | 50 Students | CIE=40M SEE=60M Total=100M
A4: # | B4: Student ID | C4: Student Name | D4: Organization | E4: City/Location | F4: Internship Type | G4: Duration | H4: CO Coverage | I4: Guide Faculty | J4: Status
A5: 1 | B5: 23A01A0501 | C5: Aarav Sharma | D5: Infosys Ltd. | E5: Bangalore | F5: Project-Based | G5: 8 Weeks | H5: CO1–CO5 | I5: Dr. A. Kumar | J5: Completed
A6: 2 | B6: 23A01A0502 | C6: Priya Patel | D6: TCS Innovation Labs | E6: Hyderabad | F6: Skill-Based | G6: 6 Weeks | H6: CO1–CO5 | I6: Ms. R. Patel | J6: Completed
A7: 3 | B7: 23A01A0503 | C7: Rohan Mehta | D7: Wipro Technologies | E7: Pune | F7: Research | G7: 10 Weeks | H7: CO1–CO5 | I7: Dr. L. Mehta | J7: Completed
A8: 4 | B8: 23A01A0504 | C8: Sneha Reddy | D8: Cognizant | E8: Chennai | F8: Project-Based | G8: 8 Weeks | H8: CO1–CO5 | I8: Mr. S. Rao | J8: Completed
A9: 5 | B9: 23A01A0505 | C9: Vikram Singh | D9: HCL Technologies | E9: Noida | F9: Skill-Based | G9: 6 Weeks | H9: CO1–CO5 | I9: Dr. A. Kumar | J9: Completed
A10: 6 | B10: 23A01A0506 | C10: Anjali Nair | D10: Accenture | E10: Bangalore | F10: Virtual/Online | G10: 4 Weeks | H10: CO1–CO5 | I10: Dr. A. Kumar | J10: Completed
A11: 7 | B11: 23A01A0507 | C11: Kiran Kumar | D11: Tech Mahindra | E11: Hyderabad | F11: Project-Based | G11: 8 Weeks | H11: CO1–CO5 | I11: Ms. R. Patel | J11: Completed
A12: 8 | B12: 23A01A0508 | C12: Divya Rao | D12: Microsoft India | E12: Hyderabad | F12: Research | G12: 12 Weeks | H12: CO1–CO5 | I12: Dr. L. Mehta | J12: Completed
A13: 9 | B13: 23A01A0509 | C13: Arjun Gupta | D13: Amazon Development Centre | E13: Bangalore | F13: Skill-Based | G13: 6 Weeks | H13: CO1–CO5 | I13: Mr. S. Rao | J13: Completed
A14: 10 | B14: 23A01A0510 | C14: Pooja Iyer | D14: IBM India | E14: Pune | F14: Project-Based | G14: 8 Weeks | H14: CO1–CO5 | I14: Dr. A. Kumar | J14: Completed
A15: 11 | B15: 23A01A0511 | C15: Rahul Verma | D15: Capgemini | E15: Mumbai | F15: Project-Based | G15: 8 Weeks | H15: CO1–CO5 | I15: Dr. A. Kumar | J15: Completed
A16: 12 | B16: 23A01A0512 | C16: Meera Joshi | D16: Zoho Corporation | E16: Chennai | F16: Skill-Based | G16: 6 Weeks | H16: CO1–CO5 | I16: Ms. R. Patel | J16: Completed
... A54: 50 | B54: 23A01A0550 | C54: Chandra V | D54: Sonata Software | E54: Bangalore | F54: Project-Based | G54: 8 Weeks | H54: CO1–CO5 | I54: Dr. A. Kumar | J54: Completed

Sheet Final Marks Dashboard
A1: INTERNSHIP — FINAL MARKS DASHBOARD (CIE 40M + SEE 60M = 100M)
A2: Final = CIE (40M) + SEE (60M) = 100M | Grade: O≥80 A+≥70 A≥60 B≥40 F<40 | Level: L3≥80% L2=60–79% L1=40–59% L0<40% | Auto-linked from CIE & SEE sheets
A4: Student Info | D4: MARKS BREAKDOWN | I4: RESULT & ATTAINMENT
A5: S.No | Student ID | Name | D5: CIE (/40M) | E5: SEE (/60M) | F5: Final (/100M) | G5: Final% | H5: Grade | I5: Level (L0–L3) | J5: CIE Att% | K5: SEE Att% | L5: CO Att Avg% | M5: Pass/Fail | N5: Remarks
A6: 1 | B6: 23A01A0501 | C6: Aarav Sharma | D6: ='CIE Marks Entry'!I10 -> 29.1 | E6: ='SEE Marks Entry'!H6 -> 60 | F6: =D6+E6 -> 89.1 | G6: =F6 -> 89.1 | H6: =IF(F6>=80,"O",IF(F6>=70,"A+",IF(F6>=60,"A",IF(F6>=40,"B","F")))) -> O | I6: =IF(F6>=80,"L3",IF(F6>=60,"L2",IF(F6>=40,"L1","L0"))) -> L3 | J6: =D6/40 -> 0.7275 | K6: =E6/60 -> 1 | L6: =F6/100 -> 0.891 | M6: =IF(F6>=40,"Pass","Fail") -> Pass
A7: 2 | B7: 23A01A0502 | C7: Priya Patel | D7: ='CIE Marks Entry'!I11 -> 28.9 | E7: ='SEE Marks Entry'!H7 -> 50.6 | F7: =D7+E7 -> 79.5 | G7: =F7 -> 79.5 | H7: =IF(F7>=80,"O",IF(F7>=70,"A+",IF(F7>=60,"A",IF(F7>=40,"B","F")))) -> A+ | I7: =IF(F7>=80,"L3",IF(F7>=60,"L2",IF(F7>=40,"L1","L0"))) -> L2 | J7: =D7/40 -> 0.7225 | K7: =E7/60 -> 0.84333333 | L7: =F7/100 -> 0.795 | M7: =IF(F7>=40,"Pass","Fail") -> Pass
A8: 3 | B8: 23A01A0503 | C8: Rohan Mehta | D8: ='CIE Marks Entry'!I12 -> 28.8 | E8: ='SEE Marks Entry'!H8 -> 44.5 | F8: =D8+E8 -> 73.3 | G8: =F8 -> 73.3 | H8: =IF(F8>=80,"O",IF(F8>=70,"A+",IF(F8>=60,"A",IF(F8>=40,"B","F")))) -> A+ | I8: =IF(F8>=80,"L3",IF(F8>=60,"L2",IF(F8>=40,"L1","L0"))) -> L2 | J8: =D8/40 -> 0.72 | K8: =E8/60 -> 0.74166667 | L8: =F8/100 -> 0.733 | M8: =IF(F8>=40,"Pass","Fail") -> Pass
A9: 4 | B9: 23A01A0504 | C9: Sneha Reddy | D9: ='CIE Marks Entry'!I13 -> 30 | E9: ='SEE Marks Entry'!H9 -> 44.2 | F9: =D9+E9 -> 74.2 | G9: =F9 -> 74.2 | H9: =IF(F9>=80,"O",IF(F9>=70,"A+",IF(F9>=60,"A",IF(F9>=40,"B","F")))) -> A+ | I9: =IF(F9>=80,"L3",IF(F9>=60,"L2",IF(F9>=40,"L1","L0"))) -> L2 | J9: =D9/40 -> 0.75 | K9: =E9/60 -> 0.73666667 | L9: =F9/100 -> 0.742 | M9: =IF(F9>=40,"Pass","Fail") -> Pass
A10: 5 | B10: 23A01A0505 | C10: Vikram Singh | D10: ='CIE Marks Entry'!I14 -> 36.2 | E10: ='SEE Marks Entry'!H10 -> 48.7 | F10: =D10+E10 -> 84.9 | G10: =F10 -> 84.9 | H10: =IF(F10>=80,"O",IF(F10>=70,"A+",IF(F10>=60,"A",IF(F10>=40,"B","F")))) -> O | I10: =IF(F10>=80,"L3",IF(F10>=60,"L2",IF(F10>=40,"L1","L0"))) -> L3 | J10: =D10/40 -> 0.905 | K10: =E10/60 -> 0.81166667 | L10: =F10/100 -> 0.849 | M10: =IF(F10>=40,"Pass","Fail") -> Pass
A11: 6 | B11: 23A01A0506 | C11: Anjali Nair | D11: ='CIE Marks Entry'!I15 -> 30.7 | E11: ='SEE Marks Entry'!H11 -> 47.3 | F11: =D11+E11 -> 78 | G11: =F11 -> 78 | H11: =IF(F11>=80,"O",IF(F11>=70,"A+",IF(F11>=60,"A",IF(F11>=40,"B","F")))) -> A+ | I11: =IF(F11>=80,"L3",IF(F11>=60,"L2",IF(F11>=40,"L1","L0"))) -> L2 | J11: =D11/40 -> 0.7675 | K11: =E11/60 -> 0.78833333 | L11: =F11/100 -> 0.78 | M11: =IF(F11>=40,"Pass","Fail") -> Pass
A12: 7 | B12: 23A01A0507 | C12: Kiran Kumar | D12: ='CIE Marks Entry'!I16 -> 32 | E12: ='SEE Marks Entry'!H12 -> 52.7 | F12: =D12+E12 -> 84.7 | G12: =F12 -> 84.7 | H12: =IF(F12>=80,"O",IF(F12>=70,"A+",IF(F12>=60,"A",IF(F12>=40,"B","F")))) -> O | I12: =IF(F12>=80,"L3",IF(F12>=60,"L2",IF(F12>=40,"L1","L0"))) -> L3 | J12: =D12/40 -> 0.8 | K12: =E12/60 -> 0.87833333 | L12: =F12/100 -> 0.847 | M12: =IF(F12>=40,"Pass","Fail") -> Pass
A13: 8 | B13: 23A01A0508 | C13: Divya Rao | D13: ='CIE Marks Entry'!I17 -> 32.4 | E13: ='SEE Marks Entry'!H13 -> 55.1 | F13: =D13+E13 -> 87.5 | G13: =F13 -> 87.5 | H13: =IF(F13>=80,"O",IF(F13>=70,"A+",IF(F13>=60,"A",IF(F13>=40,"B","F")))) -> O | I13: =IF(F13>=80,"L3",IF(F13>=60,"L2",IF(F13>=40,"L1","L0"))) -> L3 | J13: =D13/40 -> 0.81 | K13: =E13/60 -> 0.91833333 | L13: =F13/100 -> 0.875 | M13: =IF(F13>=40,"Pass","Fail") -> Pass
A14: 9 | B14: 23A01A0509 | C14: Arjun Gupta | D14: ='CIE Marks Entry'!I18 -> 32 | E14: ='SEE Marks Entry'!H14 -> 58.1 | F14: =D14+E14 -> 90.1 | G14: =F14 -> 90.1 | H14: =IF(F14>=80,"O",IF(F14>=70,"A+",IF(F14>=60,"A",IF(F14>=40,"B","F")))) -> O | I14: =IF(F14>=80,"L3",IF(F14>=60,"L2",IF(F14>=40,"L1","L0"))) -> L3 | J14: =D14/40 -> 0.8 | K14: =E14/60 -> 0.96833333 | L14: =F14/100 -> 0.901 | M14: =IF(F14>=40,"Pass","Fail") -> Pass
A15: 10 | B15: 23A01A0510 | C15: Pooja Iyer | D15: ='CIE Marks Entry'!I19 -> 33.5 | E15: ='SEE Marks Entry'!H15 -> 45.7 | F15: =D15+E15 -> 79.2 | G15: =F15 -> 79.2 | H15: =IF(F15>=80,"O",IF(F15>=70,"A+",IF(F15>=60,"A",IF(F15>=40,"B","F")))) -> A+ | I15: =IF(F15>=80,"L3",IF(F15>=60,"L2",IF(F15>=40,"L1","L0"))) -> L2 | J15: =D15/40 -> 0.8375 | K15: =E15/60 -> 0.76166667 | L15: =F15/100 -> 0.792 | M15: =IF(F15>=40,"Pass","Fail") -> Pass
A16: 11 | B16: 23A01A0511 | C16: Rahul Verma | D16: ='CIE Marks Entry'!I20 -> 33 | E16: ='SEE Marks Entry'!H16 -> 49.9 | F16: =D16+E16 -> 82.9 | G16: =F16 -> 82.9 | H16: =IF(F16>=80,"O",IF(F16>=70,"A+",IF(F16>=60,"A",IF(F16>=40,"B","F")))) -> O | I16: =IF(F16>=80,"L3",IF(F16>=60,"L2",IF(F16>=40,"L1","L0"))) -> L3 | J16: =D16/40 -> 0.825 | K16: =E16/60 -> 0.83166667 | L16: =F16/100 -> 0.829 | M16: =IF(F16>=40,"Pass","Fail") -> Pass
A17: 12 | B17: 23A01A0512 | C17: Meera Joshi | D17: ='CIE Marks Entry'!I21 -> 28 | E17: ='SEE Marks Entry'!H17 -> 49.6 | F17: =D17+E17 -> 77.6 | G17: =F17 -> 77.6 | H17: =IF(F17>=80,"O",IF(F17>=70,"A+",IF(F17>=60,"A",IF(F17>=40,"B","F")))) -> A+ | I17: =IF(F17>=80,"L3",IF(F17>=60,"L2",IF(F17>=40,"L1","L0"))) -> L2 | J17: =D17/40 -> 0.7 | K17: =E17/60 -> 0.82666667 | L17: =F17/100 -> 0.776 | M17: =IF(F17>=40,"Pass","Fail") -> Pass
... A55: 50 | B55: 23A01A0550 | C55: Chandra V | D55: ='CIE Marks Entry'!I59 -> 28.4 | E55: ='SEE Marks Entry'!H55 -> 55.7 | F55: =D55+E55 -> 84.1 | G55: =F55 -> 84.1 | H55: =IF(F55>=80,"O",IF(F55>=70,"A+",IF(F55>=60,"A",IF(F55>=40,"B","F")))) -> O | I55: =IF(F55>=80,"L3",IF(F55>=60,"L2",IF(F55>=40,"L1","L0"))) -> L3 | J55: =D55/40 -> 0.71 | K55: =E55/60 -> 0.92833333 | L55: =F55/100 -> 0.841 | M55: =IF(F55>=40,"Pass","Fail") -> Pass
A57: CLASS AVERAGE | D57: =AVERAGE(D6:D55) -> 30.844 | E57: =AVERAGE(E6:E55) -> 49.596 | F57: =AVERAGE(F6:F55) -> 80.44 | G57: =AVERAGE(G6:G55) -> 80.44 | J57: =AVERAGE(J6:J55) -> 0.7711 | K57: =AVERAGE(K6:K55) -> 0.8266 | L57: =AVERAGE(L6:L55) -> 0.8044
A59: HIGHEST SCORE | F59: =MAX(F6:F55) -> 90.4
A60: LOWEST SCORE | F60: =MIN(F6:F55) -> 70.3
A61: L3 COUNT (≥80%) | F61: =COUNTIF(F6:F55,">=80") -> 24
A62: L2 COUNT (≥60%) | F62: =COUNTIF(F6:F55,">=60")-COUNTIF(F6:F55,">=80") -> 26
A63: PASS COUNT | F63: =COUNTIF(F6:F55,">=40") -> 50
A64: FAIL COUNT | F64: =COUNTIF(F6:F55,"<40") -> 0

Sheet CO Attainment
A1: INTERNSHIP — COURSE OUTCOME (CO) ATTAINMENT
A2: CO marks = CO weight proportion × Final marks | CO Att% = Students scoring ≥60% CO target / Total × 100 | Level: L3≥80% L2=60–79% L1=40–59% L0<40%
A4: Student Info | D4: CO-WISE MARKS (Auto-derived from Final Score) | I4: SUMMARY
A5: S.No | Student ID | Name | D5: CO1 (20M max) | E5: CO2 (20M max) | F5: CO3 (20M max) | G5: CO4 (20M max) | H5: CO5 (20M max) | I5: Final (/100M) | J5: Level (L0-L3) | K5: Pass/Fail
A6: 1 | B6: 23A01A0501 | C6: Aarav Sharma | D6: =IFERROR('Final Marks Dashboard'!F6*20/100,0) -> 17.82 | E6: =IFERROR('Final Marks Dashboard'!F6*20/100,0) -> 17.82 | F6: =IFERROR('Final Marks Dashboard'!F6*20/100,0) -> 17.82 | G6: =IFERROR('Final Marks Dashboard'!F6*20/100,0) -> 17.82 | H6: =IFERROR('Final Marks Dashboard'!F6*20/100,0) -> 17.82 | I6: ='Final Marks Dashboard'!F6 -> 89.1 | J6: =IF('Final Marks Dashboard'!F6>=80,"L3",IF('Final Marks Dashboard'!F6>=60,"L2",IF('Final Marks Dashboard'!F6>=40,"L1","L0"))) -> L3 | K6: =IF('Final Marks Dashboard'!F6>=40,"Pass","Fail") -> Pass
A7: 2 | B7: 23A01A0502 | C7: Priya Patel | D7: =IFERROR('Final Marks Dashboard'!F7*20/100,0) -> 15.9 | E7: =IFERROR('Final Marks Dashboard'!F7*20/100,0) -> 15.9 | F7: =IFERROR('Final Marks Dashboard'!F7*20/100,0) -> 15.9 | G7: =IFERROR('Final Marks Dashboard'!F7*20/100,0) -> 15.9 | H7: =IFERROR('Final Marks Dashboard'!F7*20/100,0) -> 15.9 | I7: ='Final Marks Dashboard'!F7 -> 79.5 | J7: =IF('Final Marks Dashboard'!F7>=80,"L3",IF('Final Marks Dashboard'!F7>=60,"L2",IF('Final Marks Dashboard'!F7>=40,"L1","L0"))) -> L2 | K7: =IF('Final Marks Dashboard'!F7>=40,"Pass","Fail") -> Pass
A8: 3 | B8: 23A01A0503 | C8: Rohan Mehta | D8: =IFERROR('Final Marks Dashboard'!F8*20/100,0) -> 14.66 | E8: =IFERROR('Final Marks Dashboard'!F8*20/100,0) -> 14.66 | F8: =IFERROR('Final Marks Dashboard'!F8*20/100,0) -> 14.66 | G8: =IFERROR('Final Marks Dashboard'!F8*20/100,0) -> 14.66 | H8: =IFERROR('Final Marks Dashboard'!F8*20/100,0) -> 14.66 | I8: ='Final Marks Dashboard'!F8 -> 73.3 | J8: =IF('Final Marks Dashboard'!F8>=80,"L3",IF('Final Marks Dashboard'!F8>=60,"L2",IF('Final Marks Dashboard'!F8>=40,"L1","L0"))) -> L2 | K8: =IF('Final Marks Dashboard'!F8>=40,"Pass","Fail") -> Pass
A9: 4 | B9: 23A01A0504 | C9: Sneha Reddy | D9: =IFERROR('Final Marks Dashboard'!F9*20/100,0) -> 14.84 | E9: =IFERROR('Final Marks Dashboard'!F9*20/100,0) -> 14.84 | F9: =IFERROR('Final Marks Dashboard'!F9*20/100,0) -> 14.84 | G9: =IFERROR('Final Marks Dashboard'!F9*20/100,0) -> 14.84 | H9: =IFERROR('Final Marks Dashboard'!F9*20/100,0) -> 14.84 | I9: ='Final Marks Dashboard'!F9 -> 74.2 | J9: =IF('Final Marks Dashboard'!F9>=80,"L3",IF('Final Marks Dashboard'!F9>=60,"L2",IF('Final Marks Dashboard'!F9>=40,"L1","L0"))) -> L2 | K9: =IF('Final Marks Dashboard'!F9>=40,"Pass","Fail") -> Pass
A10: 5 | B10: 23A01A0505 | C10: Vikram Singh | D10: =IFERROR('Final Marks Dashboard'!F10*20/100,0) -> 16.98 | E10: =IFERROR('Final Marks Dashboard'!F10*20/100,0) -> 16.98 | F10: =IFERROR('Final Marks Dashboard'!F10*20/100,0) -> 16.98 | G10: =IFERROR('Final Marks Dashboard'!F10*20/100,0) -> 16.98 | H10: =IFERROR('Final Marks Dashboard'!F10*20/100,0) -> 16.98 | I10: ='Final Marks Dashboard'!F10 -> 84.9 | J10: =IF('Final Marks Dashboard'!F10>=80,"L3",IF('Final Marks Dashboard'!F10>=60,"L2",IF('Final Marks Dashboard'!F10>=40,"L1","L0"))) -> L3 | K10: =IF('Final Marks Dashboard'!F10>=40,"Pass","Fail") -> Pass
A11: 6 | B11: 23A01A0506 | C11: Anjali Nair | D11: =IFERROR('Final Marks Dashboard'!F11*20/100,0) -> 15.6 | E11: =IFERROR('Final Marks Dashboard'!F11*20/100,0) -> 15.6 | F11: =IFERROR('Final Marks Dashboard'!F11*20/100,0) -> 15.6 | G11: =IFERROR('Final Marks Dashboard'!F11*20/100,0) -> 15.6 | H11: =IFERROR('Final Marks Dashboard'!F11*20/100,0) -> 15.6 | I11: ='Final Marks Dashboard'!F11 -> 78 | J11: =IF('Final Marks Dashboard'!F11>=80,"L3",IF('Final Marks Dashboard'!F11>=60,"L2",IF('Final Marks Dashboard'!F11>=40,"L1","L0"))) -> L2 | K11: =IF('Final Marks Dashboard'!F11>=40,"Pass","Fail") -> Pass
A12: 7 | B12: 23A01A0507 | C12: Kiran Kumar | D12: =IFERROR('Final Marks Dashboard'!F12*20/100,0) -> 16.94 | E12: =IFERROR('Final Marks Dashboard'!F12*20/100,0) -> 16.94 | F12: =IFERROR('Final Marks Dashboard'!F12*20/100,0) -> 16.94 | G12: =IFERROR('Final Marks Dashboard'!F12*20/100,0) -> 16.94 | H12: =IFERROR('Final Marks Dashboard'!F12*20/100,0) -> 16.94 | I12: ='Final Marks Dashboard'!F12 -> 84.7 | J12: =IF('Final Marks Dashboard'!F12>=80,"L3",IF('Final Marks Dashboard'!F12>=60,"L2",IF('Final Marks Dashboard'!F12>=40,"L1","L0"))) -> L3 | K12: =IF('Final Marks Dashboard'!F12>=40,"Pass","Fail") -> Pass
A13: 8 | B13: 23A01A0508 | C13: Divya Rao | D13: =IFERROR('Final Marks Dashboard'!F13*20/100,0) -> 17.5 | E13: =IFERROR('Final Marks Dashboard'!F13*20/100,0) -> 17.5 | F13: =IFERROR('Final Marks Dashboard'!F13*20/100,0) -> 17.5 | G13: =IFERROR('Final Marks Dashboard'!F13*20/100,0) -> 17.5 | H13: =IFERROR('Final Marks Dashboard'!F13*20/100,0) -> 17.5 | I13: ='Final Marks Dashboard'!F13 -> 87.5 | J13: =IF('Final Marks Dashboard'!F13>=80,"L3",IF('Final Marks Dashboard'!F13>=60,"L2",IF('Final Marks Dashboard'!F13>=40,"L1","L0"))) -> L3 | K13: =IF('Final Marks Dashboard'!F13>=40,"Pass","Fail") -> Pass
A14: 9 | B14: 23A01A0509 | C14: Arjun Gupta | D14: =IFERROR('Final Marks Dashboard'!F14*20/100,0) -> 18.02 | E14: =IFERROR('Final Marks Dashboard'!F14*20/100,0) -> 18.02 | F14: =IFERROR('Final Marks Dashboard'!F14*20/100,0) -> 18.02 | G14: =IFERROR('Final Marks Dashboard'!F14*20/100,0) -> 18.02 | H14: =IFERROR('Final Marks Dashboard'!F14*20/100,0) -> 18.02 | I14: ='Final Marks Dashboard'!F14 -> 90.1 | J14: =IF('Final Marks Dashboard'!F14>=80,"L3",IF('Final Marks Dashboard'!F14>=60,"L2",IF('Final Marks Dashboard'!F14>=40,"L1","L0"))) -> L3 | K14: =IF('Final Marks Dashboard'!F14>=40,"Pass","Fail") -> Pass
A15: 10 | B15: 23A01A0510 | C15: Pooja Iyer | D15: =IFERROR('Final Marks Dashboard'!F15*20/100,0) -> 15.84 | E15: =IFERROR('Final Marks Dashboard'!F15*20/100,0) -> 15.84 | F15: =IFERROR('Final Marks Dashboard'!F15*20/100,0) -> 15.84 | G15: =IFERROR('Final Marks Dashboard'!F15*20/100,0) -> 15.84 | H15: =IFERROR('Final Marks Dashboard'!F15*20/100,0) -> 15.84 | I15: ='Final Marks Dashboard'!F15 -> 79.2 | J15: =IF('Final Marks Dashboard'!F15>=80,"L3",IF('Final Marks Dashboard'!F15>=60,"L2",IF('Final Marks Dashboard'!F15>=40,"L1","L0"))) -> L2 | K15: =IF('Final Marks Dashboard'!F15>=40,"Pass","Fail") -> Pass
A16: 11 | B16: 23A01A0511 | C16: Rahul Verma | D16: =IFERROR('Final Marks Dashboard'!F16*20/100,0) -> 16.58 | E16: =IFERROR('Final Marks Dashboard'!F16*20/100,0) -> 16.58 | F16: =IFERROR('Final Marks Dashboard'!F16*20/100,0) -> 16.58 | G16: =IFERROR('Final Marks Dashboard'!F16*20/100,0) -> 16.58 | H16: =IFERROR('Final Marks Dashboard'!F16*20/100,0) -> 16.58 | I16: ='Final Marks Dashboard'!F16 -> 82.9 | J16: =IF('Final Marks Dashboard'!F16>=80,"L3",IF('Final Marks Dashboard'!F16>=60,"L2",IF('Final Marks Dashboard'!F16>=40,"L1","L0"))) -> L3 | K16: =IF('Final Marks Dashboard'!F16>=40,"Pass","Fail") -> Pass
A17: 12 | B17: 23A01A0512 | C17: Meera Joshi | D17: =IFERROR('Final Marks Dashboard'!F17*20/100,0) -> 15.52 | E17: =IFERROR('Final Marks Dashboard'!F17*20/100,0) -> 15.52 | F17: =IFERROR('Final Marks Dashboard'!F17*20/100,0) -> 15.52 | G17: =IFERROR('Final Marks Dashboard'!F17*20/100,0) -> 15.52 | H17: =IFERROR('Final Marks Dashboard'!F17*20/100,0) -> 15.52 | I17: ='Final Marks Dashboard'!F17 -> 77.6 | J17: =IF('Final Marks Dashboard'!F17>=80,"L3",IF('Final Marks Dashboard'!F17>=60,"L2",IF('Final Marks Dashboard'!F17>=40,"L1","L0"))) -> L2 | K17: =IF('Final Marks Dashboard'!F17>=40,"Pass","Fail") -> Pass
... A55: 50 | B55: 23A01A0550 | C55: Chandra V | D55: =IFERROR('Final Marks Dashboard'!F55*20/100,0) -> 16.82 | E55: =IFERROR('Final Marks Dashboard'!F55*20/100,0) -> 16.82 | F55: =IFERROR('Final Marks Dashboard'!F55*20/100,0) -> 16.82 | G55: =IFERROR('Final Marks Dashboard'!F55*20/100,0) -> 16.82 | H55: =IFERROR('Final Marks Dashboard'!F55*20/100,0) -> 16.82 | I55: ='Final Marks Dashboard'!F55 -> 84.1 | J55: =IF('Final Marks Dashboard'!F55>=80,"L3",IF('Final Marks Dashboard'!F55>=60,"L2",IF('Final Marks Dashboard'!F55>=40,"L1","L0"))) -> L3 | K55: =IF('Final Marks Dashboard'!F55>=40,"Pass","Fail") -> Pass
A57: CLASS AVERAGE | D57: =AVERAGE(D6:D55) -> 16.088 | E57: =AVERAGE(E6:E55) -> 16.088 | F57: =AVERAGE(F6:F55) -> 16.088 | G57: =AVERAGE(G6:G55) -> 16.088 | H57: =AVERAGE(H6:H55) -> 16.088 | I57: =AVERAGE(I6:I55) -> 80.44
A59: STUDENTS ≥ 60% CO TARGET | D59: =COUNTIF(D6:D55,">=12.0") -> 50 | E59: =COUNTIF(E6:E55,">=12.0") -> 50 | F59: =COUNTIF(F6:F55,">=12.0") -> 50 | G59: =COUNTIF(G6:G55,">=12.0") -> 50 | H59: =COUNTIF(H6:H55,">=12.0") -> 50
A60: CO ATT% (Students≥Target/Total×100) | D60: =IFERROR(D59/50*100,0) -> 100 | E60: =IFERROR(E59/50*100,0) -> 100 | F60: =IFERROR(F59/50*100,0) -> 100 | G60: =IFERROR(G59/50*100,0) -> 100 | H60: =IFERROR(H59/50*100,0) -> 100
A61: CO ATT LEVEL | D61: =IF(D60>=80,"L3",IF(D60>=60,"L2",IF(D60>=40,"L1","L0"))) -> L3 | E61: =IF(E60>=80,"L3",IF(E60>=60,"L2",IF(E60>=40,"L1","L0"))) -> L3 | F61: =IF(F60>=80,"L3",IF(F60>=60,"L2",IF(F60>=40,"L1","L0"))) -> L3 | G61: =IF(G60>=80,"L3",IF(G60>=60,"L2",IF(G60>=40,"L1","L0"))) -> L3 | H61: =IF(H60>=80,"L3",IF(H60>=60,"L2",IF(H60>=40,"L1","L0"))) -> L3

Sheet CO & PO Attainment
A1: INTERNSHIP — CO & PO ATTAINMENT SUMMARY (Programme Level)
A2: CO Att% = Students ≥ 60% CO target / Total × 100 | PO Att = SUMPRODUCT(CO_Att × Strength) / SUM(Strength) | Target ≥ 60% | Level: L3≥80% L2=60–79% L1=40–59% L0<40%
A4: LEVELS → | D4: L3: ≥80% Excellent | E4: L2: 60–79% Good | F4: L1: 40–59% Satisfactory | G4: L0: <40% Inadequate
A6: SECTION A — COURSE OUTCOME (CO) ATTAINMENT
A7: # | B7: CO | C7: Description | D7: Bloom's | E7: POs Mapped | F7: PSO | G7: CO Att% | H7: Target | I7: Gap | J7: Level | K7: Status
A8: 1 | B8: CO1 | C8: Apply theoretical knowledge to industrial processes and real-world technical tasks | D8: L3 – Apply | E8: PO1, PO2, PO3 | F8: PSO2 | G8: ='CO Attainment'!D60 -> 100 | H8: 60 | I8: =G8-H8 -> 40 | J8: =IF(G8>=80,"L3",IF(G8>=60,"L2",IF(G8>=40,"L1","L0"))) -> L3 | K8: =IF(G8>=60,"✔ Met","✘ Not Met") -> ✔ Met
A9: 2 | B9: CO2 | C9: Analyse industrial problems and propose technical solutions using engineering principles | D9: L4 – Analyse | E9: PO1, PO2, PO3 | F9: PSO1 | G9: ='CO Attainment'!E60 -> 100 | H9: 60 | I9: =G9-H9 -> 40 | J9: =IF(G9>=80,"L3",IF(G9>=60,"L2",IF(G9>=40,"L1","L0"))) -> L3 | K9: =IF(G9>=60,"✔ Met","✘ Not Met") -> ✔ Met
A10: 3 | B10: CO3 | C10: Use modern tools, technologies and software in industrial environments effectively | D10: L3 – Apply | E10: PO5 | F10: PSO2 | G10: ='CO Attainment'!F60 -> 100 | H10: 60 | I10: =G10-H10 -> 40 | J10: =IF(G10>=80,"L3",IF(G10>=60,"L2",IF(G10>=40,"L1","L0"))) -> L3 | K10: =IF(G10>=60,"✔ Met","✘ Not Met") -> ✔ Met
A11: 4 | B11: CO4 | C11: Communicate technical findings through documentation, reports and presentations | D11: L4 – Analyse | E11: PO10, PO11 | F11: PSO3 | G11: ='CO Attainment'!G60 -> 100 | H11: 60 | I11: =G11-H11 -> 40 | J11: =IF(G11>=80,"L3",IF(G11>=60,"L2",IF(G11>=40,"L1","L0"))) -> L3 | K11: =IF(G11>=60,"✔ Met","✘ Not Met") -> ✔ Met
A12: 5 | B12: CO5 | C12: Demonstrate professional ethics, teamwork, and responsibility in workplace settings | D12: L4 – Analyse | E12: PO8, PO9, PO10, PO11 | F12: PSO3 | G12: ='CO Attainment'!H60 -> 100 | H12: 60 | I12: =G12-H12 -> 40 | J12: =IF(G12>=80,"L3",IF(G12>=60,"L2",IF(G12>=40,"L1","L0"))) -> L3 | K12: =IF(G12>=60,"✔ Met","✘ Not Met") -> ✔ Met
A15: SECTION B — PROGRAMME OUTCOME (PO) ATTAINMENT (Linking Internship → POs/PSOs)
A16: # | B16: PO | C16: Description | D16: Linked COs (Strength) | E16: PO Att% | F16: Target | G16: Gap | H16: Level | I16: Status
A17: 1 | B17: PO1 | C17: Engineering Knowledge | D17: CO1(S3), CO2(S2) | E17: =IFERROR((('CO & PO Attainment'!G8*3)+('CO & PO Attainment'!G9*2))/5,0) -> 100 | F17: 60 | G17: =E17-F17 -> 40 | H17: =IF(E17>=80,"L3",IF(E17>=60,"L2",IF(E17>=40,"L1","L0"))) -> L3 | I17: =IF(E17>=60,"✔ Met","✘ Not Met") -> ✔ Met
A18: 2 | B18: PO2 | C18: Problem Analysis | D18: CO1(S2), CO2(S3) | E18: =IFERROR((('CO & PO Attainment'!G8*2)+('CO & PO Attainment'!G9*3))/5,0) -> 100 | F18: 60 | G18: =E18-F18 -> 40 | H18: =IF(E18>=80,"L3",IF(E18>=60,"L2",IF(E18>=40,"L1","L0"))) -> L3 | I18: =IF(E18>=60,"✔ Met","✘ Not Met") -> ✔ Met
A19: 3 | B19: PO3 | C19: Design/Development of Solutions | D19: CO1(S2), CO2(S2) | E19: =IFERROR((('CO & PO Attainment'!G8*2)+('CO & PO Attainment'!G9*2))/4,0) -> 100 | F19: 60 | G19: =E19-F19 -> 40 | H19: =IF(E19>=80,"L3",IF(E19>=60,"L2",IF(E19>=40,"L1","L0"))) -> L3 | I19: =IF(E19>=60,"✔ Met","✘ Not Met") -> ✔ Met
A20: 4 | B20: PO4 | C20: Conduct Investigations | D20: — | E20: — | F20: — | G20: — | H20: — | I20: —
A21: 5 | B21: PO5 | C21: Modern Tool Usage | D21: CO3(S3) | E21: =IFERROR((('CO & PO Attainment'!G10*3))/3,0) -> 100 | F21: 60 | G21: =E21-F21 -> 40 | H21: =IF(E21>=80,"L3",IF(E21>=60,"L2",IF(E21>=40,"L1","L0"))) -> L3 | I21: =IF(E21>=60,"✔ Met","✘ Not Met") -> ✔ Met
A22: 6 | B22: PO6 | C22: The Engineer and Society | D22: — | E22: — | F22: — | G22: — | H22: — | I22: —
A23: 7 | B23: PO7 | C23: Environment and Sustainability | D23: — | E23: — | F23: — | G23: — | H23: — | I23: —
A24: 8 | B24: PO8 | C24: Ethics | D24: CO5(S3) | E24: =IFERROR((('CO & PO Attainment'!G12*3))/3,0) -> 100 | F24: 60 | G24: =E24-F24 -> 40 | H24: =IF(E24>=80,"L3",IF(E24>=60,"L2",IF(E24>=40,"L1","L0"))) -> L3 | I24: =IF(E24>=60,"✔ Met","✘ Not Met") -> ✔ Met
A25: 9 | B25: PO9 | C25: Individual and Team Work | D25: CO5(S3) | E25: =IFERROR((('CO & PO Attainment'!G12*3))/3,0) -> 100 | F25: 60 | G25: =E25-F25 -> 40 | H25: =IF(E25>=80,"L3",IF(E25>=60,"L2",IF(E25>=40,"L1","L0"))) -> L3 | I25: =IF(E25>=60,"✔ Met","✘ Not Met") -> ✔ Met
A26: 10 | B26: PO10 | C26: Communication | D26: CO4(S3), CO5(S2) | E26: =IFERROR((('CO & PO Attainment'!G11*3)+('CO & PO Attainment'!G12*2))/5,0) -> 100 | F26: 60 | G26: =E26-F26 -> 40 | H26: =IF(E26>=80,"L3",IF(E26>=60,"L2",IF(E26>=40,"L1","L0"))) -> L3 | I26: =IF(E26>=60,"✔ Met","✘ Not Met") -> ✔ Met
A27: 11 | B27: PO11 | C27: Project Management and Finance | D27: CO4(S2), CO5(S2) | E27: =IFERROR((('CO & PO Attainment'!G11*2)+('CO & PO Attainment'!G12*2))/4,0) -> 100 | F27: 60 | G27: =E27-F27 -> 40 | H27: =IF(E27>=80,"L3",IF(E27>=60,"L2",IF(E27>=40,"L1","L0"))) -> L3 | I27: =IF(E27>=60,"✔ Met","✘ Not Met") -> ✔ Met
A28: 12 | B28: PO12 | C28: Life-long Learning | D28: — | E28: — | F28: — | G28: — | H28: — | I28: —
A31: SECTION C — PSO ATTAINMENT (Internship → PSO Linkage)
A32: # | B32: PSO | C32: Description | D32: Linked COs | E32: PSO Att% | F32: Target | G32: Gap | H32: Level | I32: Status
A33: 1 | B33: PSO1 | C33: Apply CS/Engineering knowledge to analyse industrial and research problems | D33: CO2 | E33: =IFERROR(AVERAGE('CO & PO Attainment'!G9),0) -> 100 | F33: 60 | G33: =E33-F33 -> 40 | H33: =IF(E33>=80,"L3",IF(E33>=60,"L2",IF(E33>=40,"L1","L0"))) -> L3 | I33: =IF(E33>=60,"✔ Met","✘ Not Met") -> ✔ Met
A34: 2 | B34: PSO2 | C34: Use modern tools and technologies to implement practical engineering solutions | D34: CO1, CO3 | E34: =IFERROR(AVERAGE('CO & PO Attainment'!G8,'CO & PO Attainment'!G10),0) -> 100 | F34: 60 | G34: =E34-F34 -> 40 | H34: =IF(E34>=80,"L3",IF(E34>=60,"L2",IF(E34>=40,"L1","L0"))) -> L3 | I34: =IF(E34>=60,"✔ Met","✘ Not Met") -> ✔ Met
A35: 3 | B35: PSO3 | C35: Demonstrate professional communication, ethics and team skills in workplace settings | D35: CO4, CO5 | E35: =IFERROR(AVERAGE('CO & PO Attainment'!G11,'CO & PO Attainment'!G12),0) -> 100 | F35: 60 | G35: =E35-F35 -> 40 | H35: =IF(E35>=80,"L3",IF(E35>=60,"L2",IF(E35>=40,"L1","L0"))) -> L3 | I35: =IF(E35>=60,"✔ Met","✘ Not Met") -> ✔ Met

Sheet CO-PO Mapping Matrix
A1: INTERNSHIP — CO–PO / CO–PSO MAPPING MATRIX (Strength: 3=High 2=Medium 1=Low)
A2: From document — Industrial Training / Internship OBE Framework | PO Attainment = SUMPRODUCT(CO_Att × Strength) / SUM(Strength)
A4: CO | B4: Description | C4: Bloom's | D4: PO Coverage | E4: PROGRAMME OUTCOMES (PO1–PO12) | Q4: PSOs
E5: PO1 | F5: PO2 | G5: PO3 | H5: PO4 | I5: PO5 | J5: PO6 | K5: PO7 | L5: PO8 | M5: PO9 | N5: PO10 | O5: PO11 | P5: PO12 | Q5: PSO1 | R5: PSO2 | S5: PSO3
A6: CO1 | B6: Apply theoretical knowledge to industrial processes and real-world technical tasks | C6: L3 – Apply | D6: PO1, PO2, PO3 | E6: 3 | F6: 2 | G6: 2 | H6: — | I6: — | J6: — | K6: — | L6: — | M6: — | N6: — | O6: — | P6: — | Q6: — | R6: 2 | S6: —
A7: CO2 | B7: Analyse industrial problems and propose technical solutions using engineering principles | C7: L4 – Analyse | D7: PO1, PO2, PO3 | E7: 2 | F7: 3 | G7: 2 | H7: — | I7: — | J7: — | K7: — | L7: — | M7: — | N7: — | O7: — | P7: — | Q7: 2 | R7: — | S7: —
A8: CO3 | B8: Use modern tools, technologies and software in industrial environments effectively | C8: L3 – Apply | D8: PO5 | E8: — | F8: — | G8: — | H8: — | I8: 3 | J8: — | K8: — | L8: — | M8: — | N8: — | O8: — | P8: — | Q8: — | R8: 2 | S8: —
A9: CO4 | B9: Communicate technical findings through documentation, reports and presentations | C9: L4 – Analyse | D9: PO10, PO11 | E9: — | F9: — | G9: — | H9: — | I9: — | J9: — | K9: — | L9: — | M9: — | N9: 3 | O9: 2 | P9: — | Q9: — | R9: — | S9: 2
A10: CO5 | B10: Demonstrate professional ethics, teamwork, and responsibility in workplace settings | C10: L4 – Analyse | D10: PO8, PO9, PO10, PO11 | E10: — | F10: — | G10: — | H10: — | I10: — | J10: — | K10: — | L10: 3 | M10: 3 | N10: 2 | O10: 2 | P10: — | Q10: — | R10: — | S10: 2
