Workbook

Sheet Instructions & Rubrics
A1: LABORATORY/WORKSHOP ASSESSMENT RUBRICS SYSTEM
A3: PURPOSE: | B3: Auto-calculated assessment system for laboratory and workshop evaluation with CO-PO/PSO mapping
A5: SHEET STRUCTURE:
A6: Sheet 1: | B6: Instructions and Assessment Rubrics Template
A7: Sheet 2: | B7: Course Information & CO-PO/PSO Mapping Matrix
A8: Sheet 3: | B8: Student Assessment Record (Auto-calculated)
A9: Sheet 4: | B9: CO Attainment Analysis (Auto-calculated)
A10: Sheet 5: | B10: PO/PSO Attainment Analysis (Auto-calculated)
A12: ASSESSMENT COMPONENTS:
A13: Component 1: | B13: Preparation & Pre-lab Work (10%)
A14: Component 2: | B14: Execution & Experimental Skills (30%)
A15: Component 3: | B15: Results & Analysis (30%)
A16: Component 4: | B16: Report & Documentation (20%)
A17: Component 5: | B17: Viva-voce & Understanding (10%)
A20: DETAILED ASSESSMENT RUBRICS
A21: Component | B21: Weight | C21: Level 4 (90-100%) Excellent | D21: Level 3 (70-89%) Good | E21: Level 2 (50-69%) Satisfactory | F21: Level 1 (<50%) Poor
A22: 1. Preparation | B22: 10% | C22: Complete pre-lab, accurate calculations | D22: Good preparation, most correct | E22: Basic preparation | F22: Inadequate preparation
A23: 2. Execution | B23: 30% | C23: Excellent technique, independent | D23: Good skills, minimal help | E23: Basic skills | F23: Poor technique, needs help
A24: 3. Results | B24: 30% | C24: Accurate, comprehensive analysis | D24: Correct results, good analysis | E24: Mostly correct | F24: Inaccurate results
A25: 4. Report | B25: 20% | C25: Excellent documentation, on time | D25: Good documentation | E25: Basic documentation | F25: Poor documentation
A26: 5. Viva | B26: 10% | C26: Excellent understanding | D26: Good understanding | E26: Basic understanding | F26: Poor understanding

Sheet Course Info & Mapping
A1: COURSE INFORMATION & CO-PO/PSO MAPPING MATRIX
A3: Course Code: | B3: EC301L | D3: Course Name: | E3: Analog Electronics Laboratory
A4: Department: | B4: Electronics and Communication Engineering | D4: Semester: | E4: 3
A5: Academic Year: | B5: 2024-25 | D5: Credits: | E5: 1
A8: COURSE OUTCOMES (COs)
A9: CO | B9: Course Outcome Description
A10: CO1 | B10: Design and implement analog circuits using operational amplifiers
A11: CO2 | B11: Analyze and troubleshoot basic analog electronic circuits
A12: CO3 | B12: Use electronic measurement instruments effectively
A13: CO4 | B13: Document experimental procedures and results professionally
A14: CO5 | B14: Apply theoretical concepts to practical circuit implementation
A17: CO-PO/PSO MAPPING MATRIX (1=Low, 2=Medium, 3=High)
A18: CO | B18: PO1 | C18: PO2 | D18: PO3 | E18: PO4 | F18: PO5 | G18: PO6 | H18: PO7 | I18: PO8 | J18: PO9 | K18: PO10 | L18: PO11 | M18: PO12 | N18: PSO1 | O18: PSO2
A19: CO1 | B19: 3 | C19: 2 | D19: 3 | E19: 1 | F19: 1 | G19: 0 | H19: 0 | I19: 0 | J19: 0 | K19: 0 | L19: 1 | M19: 1 | N19: 3 | O19: 2
A20: CO2 | B20: 3 | C20: 3 | D20: 2 | E20: 2 | F20: 2 | G20: 0 | H20: 0 | I20: 0 | J20: 0 | K20: 0 | L20: 1 | M20: 1 | N20: 3 | O20: 2
A21: CO3 | B21: 2 | C21: 2 | D21: 3 | E21: 2 | F21: 1 | G21: 0 | H21: 0 | I21: 0 | J21: 0 | K21: 0 | L21: 2 | M21: 1 | N21: 2 | O21: 3
A22: CO4 | B22: 1 | C22: 1 | D22: 2 | E22: 1 | F22: 2 | G22: 0 | H22: 0 | I22: 1 | J22: 0 | K22: 2 | L22: 2 | M22: 1 | N22: 1 | O22: 1
A23: CO5 | B23: 3 | C23: 3 | D23: 3 | E23: 2 | F23: 2 | G23: 0 | H23: 0 | I23: 0 | J23: 0 | K23: 0 | L23: 1 | M23: 2 | N23: 3 | O23: 3

Sheet Student Assessment
A1: STUDENT LABORATORY ASSESSMENT RECORD
A3: Experiment: Exp 1 - Common Emitter Amplifier
A5: Roll No | B5: Student Name | C5: Prep (10) | D5: Exec (30) | E5: Results (30) | F5: Report (20) | G5: Viva (10) | H5: Total (100) | I5: Grade | J5: CO1 | K5: CO2 | L5: CO3 | M5: CO4 | N5: CO5
A6: 20EC001 | B6: Student 1 | C6: 0 | D6: 0 | E6: 0 | F6: 0 | G6: 0 | H6: =C6+D6+E6+F6+G6 | I6: =IF(H6>=90,"O",IF(H6>=80,"A+",IF(H6>=70,"A",IF(H6>=60,"B+",IF(H6>=50,"B",IF(H6>=40,"C","F")))))) | J6: =H6 | K6: =H6 | L6: =H6 | M6: =H6 | N6: =H6
A7: 20EC002 | B7: Student 2 | C7: 0 | D7: 0 | E7: 0 | F7: 0 | G7: 0 | H7: =C7+D7+E7+F7+G7 | I7: =IF(H7>=90,"O",IF(H7>=80,"A+",IF(H7>=70,"A",IF(H7>=60,"B+",IF(H7>=50,"B",IF(H7>=40,"C","F")))))) | J7: =H7 | K7: =H7 | L7: =H7 | M7: =H7 | N7: =H7
A8: 20EC003 | B8: Student 3 | C8: 0 | D8: 0 | E8: 0 | F8: 0 | G8: 0 | H8: =C8+D8+E8+F8+G8 | I8: =IF(H8>=90,"O",IF(H8>=80,"A+",IF(H8>=70,"A",IF(H8>=60,"B+",IF(H8>=50,"B",IF(H8>=40,"C","F")))))) | J8: =H8 | K8: =H8 | L8: =H8 | M8: =H8 | N8: =H8
A9: 20EC004 | B9: Student 4 | C9: 0 | D9: 0 | E9: 0 | F9: 0 | G9: 0 | H9: =C9+D9+E9+F9+G9 | I9: =IF(H9>=90,"O",IF(H9>=80,"A+",IF(H9>=70,"A",IF(H9>=60,"B+",IF(H9>=50,"B",IF(H9>=40,"C","F")))))) | J9: =H9 | K9: =H9 | L9: =H9 | M9: =H9 | N9: =H9
A10: 20EC005 | B10: Student 5 | C10: 0 | D10: 0 | E10: 0 | F10: 0 | G10: 0 | H10: =C10+D10+E10+F10+G10 | I10: =IF(H10>=90,"O",IF(H10>=80,"A+",IF(H10>=70,"A",IF(H10>=60,"B+",IF(H10>=50,"B",IF(H10>=40,"C","F")))))) | J10: =H10 | K10: =H10 | L10: =H10 | M10: =H10 | N10: =H10
A12: Average | H12: =AVERAGE(H6:H10) | J12: =AVERAGE(J6:J10) | K12: =AVERAGE(K6:K10) | L12: =AVERAGE(L6:L10) | M12: =AVERAGE(M6:M10) | N12: =AVERAGE(N6:N10)

Sheet CO Attainment Analysis
A1: COURSE OUTCOME ATTAINMENT ANALYSIS
A3: CO | B3: Description | C3: Target | D3: Average | E3: Attainment | F3: Status | G3: Action
A4: CO1 | B4: Design and implement analog circuits | C4: 60 | D4: ='Student Assessment'!J12 | E4: =D4 | F4: =IF(E4>=C4,"Achieved","Not Achieved") | G4: =IF(E4<C4,"Review methods","Continue")
A5: CO2 | B5: Analyze and troubleshoot circuits | C5: 60 | D5: ='Student Assessment'!K12 | E5: =D5 | F5: =IF(E5>=C5,"Achieved","Not Achieved") | G5: =IF(E5<C5,"Review methods","Continue")
A6: CO3 | B6: Use measurement instruments | C6: 60 | D6: ='Student Assessment'!L12 | E6: =D6 | F6: =IF(E6>=C6,"Achieved","Not Achieved") | G6: =IF(E6<C6,"Review methods","Continue")
A7: CO4 | B7: Document procedures professionally | C7: 60 | D7: ='Student Assessment'!M12 | E7: =D7 | F7: =IF(E7>=C7,"Achieved","Not Achieved") | G7: =IF(E7<C7,"Review methods","Continue")
A8: CO5 | B8: Apply theoretical concepts | C8: 60 | D8: ='Student Assessment'!N12 | E8: =D8 | F8: =IF(E8>=C8,"Achieved","Not Achieved") | G8: =IF(E8<C8,"Review methods","Continue")

Sheet PO-PSO Attainment
A1: PO & PSO ATTAINMENT ANALYSIS
A3: PO/PSO | B3: Description | C3: Target | D3: Weighted | E3: Attainment | F3: Status
A4: PO1 | B4: Engineering knowledge | C4: 60 | D4: =SUMPRODUCT('CO Attainment Analysis'!$E$4:$E$8,'Course Info & Mapping'!B$21:B$25)/SUMIF('Course Info & Mapping'!B$21:B$25,">0") | E4: =D4 | F4: =IF(E4>=C4,"Achieved","Not Achieved")
A5: PO2 | B5: Problem analysis | C5: 60 | D5: =SUMPRODUCT('CO Attainment Analysis'!$E$4:$E$8,'Course Info & Mapping'!C$21:C$25)/SUMIF('Course Info & Mapping'!C$21:C$25,">0") | E5: =D5 | F5: =IF(E5>=C5,"Achieved","Not Achieved")
A6: PO3 | B6: Design solutions | C6: 60 | D6: =SUMPRODUCT('CO Attainment Analysis'!$E$4:$E$8,'Course Info & Mapping'!D$21:D$25)/SUMIF('Course Info & Mapping'!D$21:D$25,">0") | E6: =D6 | F6: =IF(E6>=C6,"Achieved","Not Achieved")
A7: PO4 | B7: Investigations | C7: 60 | D7: =SUMPRODUCT('CO Attainment Analysis'!$E$4:$E$8,'Course Info & Mapping'!E$21:E$25)/SUMIF('Course Info & Mapping'!E$21:E$25,">0") | E7: =D7 | F7: =IF(E7>=C7,"Achieved","Not Achieved")
A8: PO5 | B8: Modern tools | C8: 60 | D8: =SUMPRODUCT('CO Attainment Analysis'!$E$4:$E$8,'Course Info & Mapping'!F$21:F$25)/SUMIF('Course Info & Mapping'!F$21:F$25,">0") | E8: =D8 | F8: =IF(E8>=C8,"Achieved","Not Achieved")
