Workbook

Sheet Guidelines
A1: CO–PO MAPPING: CONTACT HOURS METHOD (L-T-P-S) — Auto-Calculation Workbook
A2: Based on: NBA OBE Guidelines | Method A: Contact Hours Percentage Method
A4: MAPPING LEVEL CRITERIA (Source: CO-PO Mapping Guidelines Document)
A5: Level | B5: Symbol | C5: Contact Hours % | D5: Meaning | E5: Example
A6: No Mapping | B6: — | C6: < 5% | D6: CO does not contribute to PO | E6: CO coverage < 3.6 hrs in 72 hr course
A7: Low | B7: 1 | C7: 5% – 15% | D7: Small contribution | E7: 3.6 – 10.8 hrs of 72 total
A8: Medium | B8: 2 | C8: 15% – 25% | D8: Moderate contribution | E8: 10.8 – 18 hrs of 72 total (e.g. 20.8% = Level 2)
A9: High | B9: 3 | C9: > 25% | D9: Strong contribution | E9: More than 18 hrs of 72 total
A11: FORMULA USED IN THIS WORKBOOK
A12: Component | B12: Formula / Logic | C12: Notes
A13: Total Course Hours | B13: (L × 15 wks) + (T × 15 wks) + (P × 15 wks × 2) + (S × 15 wks)
A14: CO Total Hours | B14: CO_L + CO_T + (CO_P × 2) + CO_S
A15: CO Percentage | B15: (CO Total Hours / Total Course Hours) × 100 | C15: Key formula for mapping level
A16: Mapping Level | B16: IF(CO%>25, 3, IF(CO%>15, 2, IF(CO%>5, 1, 0))) | C16: 0 = No Mapping, 1=Low, 2=Medium, 3=High
A17: Mapping Symbol | B17: IF(level=0,"—", IF(level=1,"1", IF(level=2,"2","3"))) | C17: Display value in CO-PO matrix
A19: HOW TO USE THIS WORKBOOK — STEPS
A20: 1. Open each Course sheet (CS301–CS305) → Edit Contact Hours per CO in YELLOW cells (L, T, P, S columns)
A21: 2. Edit course-level L-T-P-S structure in Row 6 (yellow) if your institution uses different weekly contact hours
A22: 3. CO Total Hours, CO%, and Mapping Level ALL auto-calculate instantly
A23: 4. Open 'CO-PO Mapping' sheet → Mapping values auto-pulled from all course sheets
A24: 5. 'Course Summary' sheet shows all courses side-by-side with department totals
A25: 6. Change any contact hour → all mapping levels, percentages, and summaries update automatically

Sheet CS301
A1: CONTACT HOURS CO–PO MAPPING — Data Structures & Algorithms (CS301)
A2: Method: CO% = (CO Contact Hours / Total Course Hours) × 100 | Level: <5%=– 5–15%=1 15–25%=2 >25%=3 | Edit YELLOW cells only
A4: Course L-T-P-S Structure | C4: L (lec/wk) | D4: T (tut/wk) | E4: P (prac/wk) | F4: S (skill/wk) | G4: Weeks | H4: Total Hrs
A5: Weekly Hours → | C5: 3 | D5: 1 | E5: 2 | F5: 0 | G5: 15 | H5: =C5*G5+D5*G5+E5*G5*2+F5*G5 -> 120
A7: CO | B7: Topic Description | C7: L hrs | D7: T hrs | E7: P hrs | F7: S hrs | G7: CO Total Hours | H7: CO % of Total | I7: Level (0-3) | J7: Symbol | K7: CO–PO MAPPING LEVEL (Auto from CO%) | W7: CO–PSO MAPPING
K8: PO1 | L8: PO2 | M8: PO3 | N8: PO4 | O8: PO5 | P8: PO6 | Q8: PO7 | R8: PO8 | S8: PO9 | T8: PO10 | U8: PO11 | V8: PO12 | W8: PSO1 | X8: PSO2 | Y8: PSO3
A9: CO1 | B9: Arrays, Linked Lists, Stacks | C9: 10 | D9: 2 | E9: 4 | F9: 0 | G9: =C9+D9+E9*2+F9 -> 20 | H9: =IFERROR(G9/H$5*100,0) -> 16.666667 | I9: =IFERROR(IF(H9>25,3,IF(H9>15,2,IF(H9>5,1,0))),0) -> 2 | J9: =IF(I9=0,"—",IF(I9=1,"1",IF(I9=2,"2","3"))) -> 2 | K9: =IF(I9=0,"—",I9) -> 2 | L9: =IF(I9=0,"—",I9) -> 2 | M9: =IF(I9=0,"—",I9) -> 2 | N9: =IF(I9=0,"—",I9) -> 2 | O9: =IF(I9=0,"—",I9) -> 2 | P9: =IF(I9=0,"—",I9) -> 2 | Q9: =IF(I9=0,"—",I9) -> 2 | R9: =IF(I9=0,"—",I9) -> 2 | S9: =IF(I9=0,"—",I9) -> 2 | T9: =IF(I9=0,"—",I9) -> 2 | U9: =IF(I9=0,"—",I9) -> 2 | V9: =IF(I9=0,"—",I9) -> 2 | W9: =IF(I9=0,"—",I9) -> 2 | X9: =IF(I9=0,"—",I9) -> 2 | Y9: =IF(I9=0,"—",I9) -> 2
A10: CO2 | B10: Trees, Binary Search | C10: 8 | D10: 2 | E10: 4 | F10: 0 | G10: =C10+D10+E10*2+F10 -> 18 | H10: =IFERROR(G10/H$5*100,0) -> 15 | I10: =IFERROR(IF(H10>25,3,IF(H10>15,2,IF(H10>5,1,0))),0) -> 1 | J10: =IF(I10=0,"—",IF(I10=1,"1",IF(I10=2,"2","3"))) -> 1 | K10: =IF(I10=0,"—",I10) -> 1 | L10: =IF(I10=0,"—",I10) -> 1 | M10: =IF(I10=0,"—",I10) -> 1 | N10: =IF(I10=0,"—",I10) -> 1 | O10: =IF(I10=0,"—",I10) -> 1 | P10: =IF(I10=0,"—",I10) -> 1 | Q10: =IF(I10=0,"—",I10) -> 1 | R10: =IF(I10=0,"—",I10) -> 1 | S10: =IF(I10=0,"—",I10) -> 1 | T10: =IF(I10=0,"—",I10) -> 1 | U10: =IF(I10=0,"—",I10) -> 1 | V10: =IF(I10=0,"—",I10) -> 1 | W10: =IF(I10=0,"—",I10) -> 1 | X10: =IF(I10=0,"—",I10) -> 1 | Y10: =IF(I10=0,"—",I10) -> 1
A11: CO3 | B11: Graphs, BFS, DFS | C11: 7 | D11: 1 | E11: 4 | F11: 0 | G11: =C11+D11+E11*2+F11 -> 16 | H11: =IFERROR(G11/H$5*100,0) -> 13.333333 | I11: =IFERROR(IF(H11>25,3,IF(H11>15,2,IF(H11>5,1,0))),0) -> 1 | J11: =IF(I11=0,"—",IF(I11=1,"1",IF(I11=2,"2","3"))) -> 1 | K11: =IF(I11=0,"—",I11) -> 1 | L11: =IF(I11=0,"—",I11) -> 1 | M11: =IF(I11=0,"—",I11) -> 1 | N11: =IF(I11=0,"—",I11) -> 1 | O11: =IF(I11=0,"—",I11) -> 1 | P11: =IF(I11=0,"—",I11) -> 1 | Q11: =IF(I11=0,"—",I11) -> 1 | R11: =IF(I11=0,"—",I11) -> 1 | S11: =IF(I11=0,"—",I11) -> 1 | T11: =IF(I11=0,"—",I11) -> 1 | U11: =IF(I11=0,"—",I11) -> 1 | V11: =IF(I11=0,"—",I11) -> 1 | W11: =IF(I11=0,"—",I11) -> 1 | X11: =IF(I11=0,"—",I11) -> 1 | Y11: =IF(I11=0,"—",I11) -> 1
A12: CO4 | B12: Sorting & Searching | C12: 8 | D12: 1 | E12: 2 | F12: 0 | G12: =C12+D12+E12*2+F12 -> 13 | H12: =IFERROR(G12/H$5*100,0) -> 10.833333 | I12: =IFERROR(IF(H12>25,3,IF(H12>15,2,IF(H12>5,1,0))),0) -> 1 | J12: =IF(I12=0,"—",IF(I12=1,"1",IF(I12=2,"2","3"))) -> 1 | K12: =IF(I12=0,"—",I12) -> 1 | L12: =IF(I12=0,"—",I12) -> 1 | M12: =IF(I12=0,"—",I12) -> 1 | N12: =IF(I12=0,"—",I12) -> 1 | O12: =IF(I12=0,"—",I12) -> 1 | P12: =IF(I12=0,"—",I12) -> 1 | Q12: =IF(I12=0,"—",I12) -> 1 | R12: =IF(I12=0,"—",I12) -> 1 | S12: =IF(I12=0,"—",I12) -> 1 | T12: =IF(I12=0,"—",I12) -> 1 | U12: =IF(I12=0,"—",I12) -> 1 | V12: =IF(I12=0,"—",I12) -> 1 | W12: =IF(I12=0,"—",I12) -> 1 | X12: =IF(I12=0,"—",I12) -> 1 | Y12: =IF(I12=0,"—",I12) -> 1
A13: CO5 | B13: Hashing, Complexity | C13: 7 | D13: 2 | E13: 2 | F13: 0 | G13: =C13+D13+E13*2+F13 -> 13 | H13: =IFERROR(G13/H$5*100,0) -> 10.833333 | I13: =IFERROR(IF(H13>25,3,IF(H13>15,2,IF(H13>5,1,0))),0) -> 1 | J13: =IF(I13=0,"—",IF(I13=1,"1",IF(I13=2,"2","3"))) -> 1 | K13: =IF(I13=0,"—",I13) -> 1 | L13: =IF(I13=0,"—",I13) -> 1 | M13: =IF(I13=0,"—",I13) -> 1 | N13: =IF(I13=0,"—",I13) -> 1 | O13: =IF(I13=0,"—",I13) -> 1 | P13: =IF(I13=0,"—",I13) -> 1 | Q13: =IF(I13=0,"—",I13) -> 1 | R13: =IF(I13=0,"—",I13) -> 1 | S13: =IF(I13=0,"—",I13) -> 1 | T13: =IF(I13=0,"—",I13) -> 1 | U13: =IF(I13=0,"—",I13) -> 1 | V13: =IF(I13=0,"—",I13) -> 1 | W13: =IF(I13=0,"—",I13) -> 1 | X13: =IF(I13=0,"—",I13) -> 1 | Y13: =IF(I13=0,"—",I13) -> 1
A15: COURSE TOTALS | C15: =SUM(C9:C13) -> 40 | D15: =SUM(D9:D13) -> 8 | E15: =SUM(E9:E13) -> 16 | F15: =SUM(F9:F13) -> 0 | G15: =SUM(G9:G13) -> 80 | H15: =SUM(H9:H13) -> 66.666667
A17: Verification: Total CO hrs vs Course total hrs | G17: =G15 -> 80 | H17: =H5 -> 120 | I17: =IF(ABS(G17-H17)<0.5,"OK","Check Hours") -> Check Hours | J17: Sum of CO hours should equal Total Course Hours. Adjust CO L/T/P/S if not matching.
A19: NOTE: The PO mapping columns (K–Z) show the same level for all POs by default (based on CO%). Faculty should override specific PO columns to 0 (or —) where the CO has no logical connection to that PO. The CO-PO Mapping summary sheet reads from this sheet automatically.

Sheet CS302
A1: CONTACT HOURS CO–PO MAPPING — Database Management Systems (CS302)
A2: Method: CO% = (CO Contact Hours / Total Course Hours) × 100 | Level: <5%=– 5–15%=1 15–25%=2 >25%=3 | Edit YELLOW cells only
A4: Course L-T-P-S Structure | C4: L (lec/wk) | D4: T (tut/wk) | E4: P (prac/wk) | F4: S (skill/wk) | G4: Weeks | H4: Total Hrs
A5: Weekly Hours → | C5: 3 | D5: 1 | E5: 2 | F5: 0 | G5: 15 | H5: =C5*G5+D5*G5+E5*G5*2+F5*G5 -> 120
A7: CO | B7: Topic Description | C7: L hrs | D7: T hrs | E7: P hrs | F7: S hrs | G7: CO Total Hours | H7: CO % of Total | I7: Level (0-3) | J7: Symbol | K7: CO–PO MAPPING LEVEL (Auto from CO%) | W7: CO–PSO MAPPING
K8: PO1 | L8: PO2 | M8: PO3 | N8: PO4 | O8: PO5 | P8: PO6 | Q8: PO7 | R8: PO8 | S8: PO9 | T8: PO10 | U8: PO11 | V8: PO12 | W8: PSO1 | X8: PSO2 | Y8: PSO3
A9: CO1 | B9: ER Model, Relational Algebra | C9: 9 | D9: 2 | E9: 2 | F9: 0 | G9: =C9+D9+E9*2+F9 -> 15 | H9: =IFERROR(G9/H$5*100,0) -> 12.5 | I9: =IFERROR(IF(H9>25,3,IF(H9>15,2,IF(H9>5,1,0))),0) -> 1 | J9: =IF(I9=0,"—",IF(I9=1,"1",IF(I9=2,"2","3"))) -> 1 | K9: =IF(I9=0,"—",I9) -> 1 | L9: =IF(I9=0,"—",I9) -> 1 | M9: =IF(I9=0,"—",I9) -> 1 | N9: =IF(I9=0,"—",I9) -> 1 | O9: =IF(I9=0,"—",I9) -> 1 | P9: =IF(I9=0,"—",I9) -> 1 | Q9: =IF(I9=0,"—",I9) -> 1 | R9: =IF(I9=0,"—",I9) -> 1 | S9: =IF(I9=0,"—",I9) -> 1 | T9: =IF(I9=0,"—",I9) -> 1 | U9: =IF(I9=0,"—",I9) -> 1 | V9: =IF(I9=0,"—",I9) -> 1 | W9: =IF(I9=0,"—",I9) -> 1 | X9: =IF(I9=0,"—",I9) -> 1 | Y9: =IF(I9=0,"—",I9) -> 1
A10: CO2 | B10: SQL, DDL, DML | C10: 8 | D10: 2 | E10: 6 | F10: 0 | G10: =C10+D10+E10*2+F10 -> 22 | H10: =IFERROR(G10/H$5*100,0) -> 18.333333 | I10: =IFERROR(IF(H10>25,3,IF(H10>15,2,IF(H10>5,1,0))),0) -> 2 | J10: =IF(I10=0,"—",IF(I10=1,"1",IF(I10=2,"2","3"))) -> 2 | K10: =IF(I10=0,"—",I10) -> 2 | L10: =IF(I10=0,"—",I10) -> 2 | M10: =IF(I10=0,"—",I10) -> 2 | N10: =IF(I10=0,"—",I10) -> 2 | O10: =IF(I10=0,"—",I10) -> 2 | P10: =IF(I10=0,"—",I10) -> 2 | Q10: =IF(I10=0,"—",I10) -> 2 | R10: =IF(I10=0,"—",I10) -> 2 | S10: =IF(I10=0,"—",I10) -> 2 | T10: =IF(I10=0,"—",I10) -> 2 | U10: =IF(I10=0,"—",I10) -> 2 | V10: =IF(I10=0,"—",I10) -> 2 | W10: =IF(I10=0,"—",I10) -> 2 | X10: =IF(I10=0,"—",I10) -> 2 | Y10: =IF(I10=0,"—",I10) -> 2
A11: CO3 | B11: Normalization | C11: 8 | D11: 2 | E11: 2 | F11: 0 | G11: =C11+D11+E11*2+F11 -> 14 | H11: =IFERROR(G11/H$5*100,0) -> 11.666667 | I11: =IFERROR(IF(H11>25,3,IF(H11>15,2,IF(H11>5,1,0))),0) -> 1 | J11: =IF(I11=0,"—",IF(I11=1,"1",IF(I11=2,"2","3"))) -> 1 | K11: =IF(I11=0,"—",I11) -> 1 | L11: =IF(I11=0,"—",I11) -> 1 | M11: =IF(I11=0,"—",I11) -> 1 | N11: =IF(I11=0,"—",I11) -> 1 | O11: =IF(I11=0,"—",I11) -> 1 | P11: =IF(I11=0,"—",I11) -> 1 | Q11: =IF(I11=0,"—",I11) -> 1 | R11: =IF(I11=0,"—",I11) -> 1 | S11: =IF(I11=0,"—",I11) -> 1 | T11: =IF(I11=0,"—",I11) -> 1 | U11: =IF(I11=0,"—",I11) -> 1 | V11: =IF(I11=0,"—",I11) -> 1 | W11: =IF(I11=0,"—",I11) -> 1 | X11: =IF(I11=0,"—",I11) -> 1 | Y11: =IF(I11=0,"—",I11) -> 1
A12: CO4 | B12: Transaction Management | C12: 7 | D12: 1 | E12: 2 | F12: 0 | G12: =C12+D12+E12*2+F12 -> 12 | H12: =IFERROR(G12/H$5*100,0) -> 10 | I12: =IFERROR(IF(H12>25,3,IF(H12>15,2,IF(H12>5,1,0))),0) -> 1 | J12: =IF(I12=0,"—",IF(I12=1,"1",IF(I12=2,"2","3"))) -> 1 | K12: =IF(I12=0,"—",I12) -> 1 | L12: =IF(I12=0,"—",I12) -> 1 | M12: =IF(I12=0,"—",I12) -> 1 | N12: =IF(I12=0,"—",I12) -> 1 | O12: =IF(I12=0,"—",I12) -> 1 | P12: =IF(I12=0,"—",I12) -> 1 | Q12: =IF(I12=0,"—",I12) -> 1 | R12: =IF(I12=0,"—",I12) -> 1 | S12: =IF(I12=0,"—",I12) -> 1 | T12: =IF(I12=0,"—",I12) -> 1 | U12: =IF(I12=0,"—",I12) -> 1 | V12: =IF(I12=0,"—",I12) -> 1 | W12: =IF(I12=0,"—",I12) -> 1 | X12: =IF(I12=0,"—",I12) -> 1 | Y12: =IF(I12=0,"—",I12) -> 1
A13: CO5 | B13: Indexing, Query Optimization | C13: 8 | D13: 1 | E13: 2 | F13: 0 | G13: =C13+D13+E13*2+F13 -> 13 | H13: =IFERROR(G13/H$5*100,0) -> 10.833333 | I13: =IFERROR(IF(H13>25,3,IF(H13>15,2,IF(H13>5,1,0))),0) -> 1 | J13: =IF(I13=0,"—",IF(I13=1,"1",IF(I13=2,"2","3"))) -> 1 | K13: =IF(I13=0,"—",I13) -> 1 | L13: =IF(I13=0,"—",I13) -> 1 | M13: =IF(I13=0,"—",I13) -> 1 | N13: =IF(I13=0,"—",I13) -> 1 | O13: =IF(I13=0,"—",I13) -> 1 | P13: =IF(I13=0,"—",I13) -> 1 | Q13: =IF(I13=0,"—",I13) -> 1 | R13: =IF(I13=0,"—",I13) -> 1 | S13: =IF(I13=0,"—",I13) -> 1 | T13: =IF(I13=0,"—",I13) -> 1 | U13: =IF(I13=0,"—",I13) -> 1 | V13: =IF(I13=0,"—",I13) -> 1 | W13: =IF(I13=0,"—",I13) -> 1 | X13: =IF(I13=0,"—",I13) -> 1 | Y13: =IF(I13=0,"—",I13) -> 1
A15: COURSE TOTALS | C15: =SUM(C9:C13) -> 40 | D15: =SUM(D9:D13) -> 8 | E15: =SUM(E9:E13) -> 14 | F15: =SUM(F9:F13) -> 0 | G15: =SUM(G9:G13) -> 76 | H15: =SUM(H9:H13) -> 63.333333
A17: Verification: Total CO hrs vs Course total hrs | G17: =G15 -> 76 | H17: =H5 -> 120 | I17: =IF(ABS(G17-H17)<0.5,"OK","Check Hours") -> Check Hours | J17: Sum of CO hours should equal Total Course Hours. Adjust CO L/T/P/S if not matching.
A19: NOTE: The PO mapping columns (K–Z) show the same level for all POs by default (based on CO%). Faculty should override specific PO columns to 0 (or —) where the CO has no logical connection to that PO. The CO-PO Mapping summary sheet reads from this sheet automatically.

Sheet Course Summary
A1: CONTACT HOURS SUMMARY — ALL COURSES (L-T-P-S Method)
A2: All values auto-calculated from course sheets. Edit hours in individual course sheets — this summary updates instantly.
A4: # | B4: Course Name | C4: Code | D4: Credits | E4: L | F4: T | G4: P | H4: S | I4: Weeks | J4: Total Hrs | K4: CS301 | M4: CS302 | O4: CS303 | Q4: CS304 | S4: CS305
A5: 1 | B5: Data Structures & Algorithms | C5: CS301 | D5: 4 | E5: =CS301!C5 -> 3 | F5: =CS301!D5 -> 1 | G5: =CS301!E5 -> 2 | H5: =CS301!F5 -> 0 | I5: =CS301!G5 -> 15 | J5: =CS301!H5 -> 120
A6: 2 | B6: Database Management Systems | C6: CS302 | D6: 4 | E6: =CS302!C5 -> 3 | F6: =CS302!D5 -> 1 | G6: =CS302!E5 -> 2 | H6: =CS302!F5 -> 0 | I6: =CS302!G5 -> 15 | J6: =CS302!H5 -> 120
A7: 3 | B7: Computer Networks | C7: CS303 | D7: 4 | E7: =CS303!C5 -> 3 | F7: =CS303!D5 -> 1 | G7: =CS303!E5 -> 2 | H7: =CS303!F5 -> 0 | I7: =CS303!G5 -> 15 | J7: =CS303!H5 -> 120
A8: 4 | B8: Operating Systems | C8: CS304 | D8: 4 | E8: =CS304!C5 -> 3 | F8: =CS304!D5 -> 1 | G8: =CS304!E5 -> 2 | H8: =CS304!F5 -> 0 | I8: =CS304!G5 -> 15 | J8: =CS304!H5 -> 120
A9: 5 | B9: Machine Learning | C9: CS305 | D9: 4 | E9: =CS305!C5 -> 3 | F9: =CS305!D5 -> 1 | G9: =CS305!E5 -> 2 | H9: =CS305!F5 -> 1 | I9: =CS305!G5 -> 15 | J9: =CS305!H5 -> 135
A11: CO-LEVEL CONTACT HOURS BREAKDOWN
A12: # | B12: CO | C12: Topic | D12: CS301 L-T-P-S | E12: CO% | F12: CS302 L-T-P-S | G12: CO% | H12: CS303 L-T-P-S | I12: CO% | J12: CS304 L-T-P-S | K12: CO% | L12: CS305 L-T-P-S | M12: CO%
A13: 1 | B13: CO1 | C13: See course sheet | D13: =CS301!C9&"-"&CS301!D9&"-"&CS301!E9&"-"&CS301!F9 -> 10-2-4-0 | E13: =CS301!H9 -> 16.666667 | F13: =CS302!C9&"-"&CS302!D9&"-"&CS302!E9&"-"&CS302!F9 -> 9-2-2-0 | G13: =CS302!H9 -> 12.5 | H13: =CS303!C9&"-"&CS303!D9&"-"&CS303!E9&"-"&CS303!F9 -> 9-2-2-0 | I13: =CS303!H9 -> 12.5 | J13: =CS304!C9&"-"&CS304!D9&"-"&CS304!E9&"-"&CS304!F9 -> 10-2-2-0 | K13: =CS304!H9 -> 13.333333 | L13: =CS305!C9&"-"&CS305!D9&"-"&CS305!E9&"-"&CS305!F9 -> 8-1-2-2 | M13: =CS305!H9 -> 11.111111
A14: 2 | B14: CO2 | C14: See course sheet | D14: =CS301!C10&"-"&CS301!D10&"-"&CS301!E10&"-"&CS301!F10 -> 8-2-4-0 | E14: =CS301!H10 -> 15 | F14: =CS302!C10&"-"&CS302!D10&"-"&CS302!E10&"-"&CS302!F10 -> 8-2-6-0 | G14: =CS302!H10 -> 18.333333 | H14: =CS303!C10&"-"&CS303!D10&"-"&CS303!E10&"-"&CS303!F10 -> 8-1-4-0 | I14: =CS303!H10 -> 14.166667 | J14: =CS304!C10&"-"&CS304!D10&"-"&CS304!E10&"-"&CS304!F10 -> 9-2-4-0 | K14: =CS304!H10 -> 15.833333 | L14: =CS305!C10&"-"&CS305!D10&"-"&CS305!E10&"-"&CS305!F10 -> 8-1-4-2 | M14: =CS305!H10 -> 14.074074
A15: 3 | B15: CO3 | C15: See course sheet | D15: =CS301!C11&"-"&CS301!D11&"-"&CS301!E11&"-"&CS301!F11 -> 7-1-4-0 | E15: =CS301!H11 -> 13.333333 | F15: =CS302!C11&"-"&CS302!D11&"-"&CS302!E11&"-"&CS302!F11 -> 8-2-2-0 | G15: =CS302!H11 -> 11.666667 | H15: =CS303!C11&"-"&CS303!D11&"-"&CS303!E11&"-"&CS303!F11 -> 8-2-4-0 | I15: =CS303!H11 -> 15 | J15: =CS304!C11&"-"&CS304!D11&"-"&CS304!E11&"-"&CS304!F11 -> 8-1-2-0 | K15: =CS304!H11 -> 10.833333 | L15: =CS305!C11&"-"&CS305!D11&"-"&CS305!E11&"-"&CS305!F11 -> 8-1-4-2 | M15: =CS305!H11 -> 14.074074
A16: 4 | B16: CO4 | C16: See course sheet | D16: =CS301!C12&"-"&CS301!D12&"-"&CS301!E12&"-"&CS301!F12 -> 8-1-2-0 | E16: =CS301!H12 -> 10.833333 | F16: =CS302!C12&"-"&CS302!D12&"-"&CS302!E12&"-"&CS302!F12 -> 7-1-2-0 | G16: =CS302!H12 -> 10 | H16: =CS303!C12&"-"&CS303!D12&"-"&CS303!E12&"-"&CS303!F12 -> 7-1-2-0 | I16: =CS303!H12 -> 10 | J16: =CS304!C12&"-"&CS304!D12&"-"&CS304!E12&"-"&CS304!F12 -> 7-1-2-0 | K16: =CS304!H12 -> 10 | L16: =CS305!C12&"-"&CS305!D12&"-"&CS305!E12&"-"&CS305!F12 -> 7-1-2-2 | M16: =CS305!H12 -> 10.37037
A17: 5 | B17: CO5 | C17: See course sheet | D17: =CS301!C13&"-"&CS301!D13&"-"&CS301!E13&"-"&CS301!F13 -> 7-2-2-0 | E17: =CS301!H13 -> 10.833333 | F17: =CS302!C13&"-"&CS302!D13&"-"&CS302!E13&"-"&CS302!F13 -> 8-1-2-0 | G17: =CS302!H13 -> 10.833333 | H17: =CS303!C13&"-"&CS303!D13&"-"&CS303!E13&"-"&CS303!F13 -> 8-2-2-0 | I17: =CS303!H13 -> 11.666667 | J17: =CS304!C13&"-"&CS304!D13&"-"&CS304!E13&"-"&CS304!F13 -> 6-2-2-0 | K17: =CS304!H13 -> 10 | L17: =CS305!C13&"-"&CS305!D13&"-"&CS305!E13&"-"&CS305!F13 -> 7-1-2-2 | M17: =CS305!H13 -> 10.37037
A18: 6 | B18: CO6 | C18: See course sheet | D18: — | E18: — | F18: — | G18: — | H18: — | I18: — | J18: — | K18: — | L18: =CS305!C14&"-"&CS305!D14&"-"&CS305!E14&"-"&CS305!F14 -> 2-1-4-6 | M18: =CS305!H14 -> 12.592593
A20: TOTAL COURSE HOURS | D20: =CS301!H5 -> 120 | E20: 100% | F20: =CS302!H5 -> 120 | G20: 100% | H20: =CS303!H5 -> 120 | I20: 100% | J20: =CS304!H5 -> 120 | K20: 100% | L20: =CS305!H5 -> 135 | M20: 100%

Sheet CS303
A1: CONTACT HOURS CO–PO MAPPING — Computer Networks (CS303)
A2: Method: CO% = (CO Contact Hours / Total Course Hours) × 100 | Level: <5%=– 5–15%=1 15–25%=2 >25%=3 | Edit YELLOW cells only
A4: Course L-T-P-S Structure | C4: L (lec/wk) | D4: T (tut/wk) | E4: P (prac/wk) | F4: S (skill/wk) | G4: Weeks | H4: Total Hrs
A5: Weekly Hours → | C5: 3 | D5: 1 | E5: 2 | F5: 0 | G5: 15 | H5: =C5*G5+D5*G5+E5*G5*2+F5*G5 -> 120
A7: CO | B7: Topic Description | C7: L hrs | D7: T hrs | E7: P hrs | F7: S hrs | G7: CO Total Hours | H7: CO % of Total | I7: Level (0-3) | J7: Symbol | K7: CO–PO MAPPING LEVEL (Auto from CO%) | W7: CO–PSO MAPPING
K8: PO1 | L8: PO2 | M8: PO3 | N8: PO4 | O8: PO5 | P8: PO6 | Q8: PO7 | R8: PO8 | S8: PO9 | T8: PO10 | U8: PO11 | V8: PO12 | W8: PSO1 | X8: PSO2 | Y8: PSO3
A9: CO1 | B9: OSI & TCP/IP Model | C9: 9 | D9: 2 | E9: 2 | F9: 0 | G9: =C9+D9+E9*2+F9 -> 15 | H9: =IFERROR(G9/H$5*100,0) -> 12.5 | I9: =IFERROR(IF(H9>25,3,IF(H9>15,2,IF(H9>5,1,0))),0) -> 1 | J9: =IF(I9=0,"—",IF(I9=1,"1",IF(I9=2,"2","3"))) -> 1 | K9: =IF(I9=0,"—",I9) -> 1 | L9: =IF(I9=0,"—",I9) -> 1 | M9: =IF(I9=0,"—",I9) -> 1 | N9: =IF(I9=0,"—",I9) -> 1 | O9: =IF(I9=0,"—",I9) -> 1 | P9: =IF(I9=0,"—",I9) -> 1 | Q9: =IF(I9=0,"—",I9) -> 1 | R9: =IF(I9=0,"—",I9) -> 1 | S9: =IF(I9=0,"—",I9) -> 1 | T9: =IF(I9=0,"—",I9) -> 1 | U9: =IF(I9=0,"—",I9) -> 1 | V9: =IF(I9=0,"—",I9) -> 1 | W9: =IF(I9=0,"—",I9) -> 1 | X9: =IF(I9=0,"—",I9) -> 1 | Y9: =IF(I9=0,"—",I9) -> 1
A10: CO2 | B10: Data Link & MAC Protocols | C10: 8 | D10: 1 | E10: 4 | F10: 0 | G10: =C10+D10+E10*2+F10 -> 17 | H10: =IFERROR(G10/H$5*100,0) -> 14.166667 | I10: =IFERROR(IF(H10>25,3,IF(H10>15,2,IF(H10>5,1,0))),0) -> 1 | J10: =IF(I10=0,"—",IF(I10=1,"1",IF(I10=2,"2","3"))) -> 1 | K10: =IF(I10=0,"—",I10) -> 1 | L10: =IF(I10=0,"—",I10) -> 1 | M10: =IF(I10=0,"—",I10) -> 1 | N10: =IF(I10=0,"—",I10) -> 1 | O10: =IF(I10=0,"—",I10) -> 1 | P10: =IF(I10=0,"—",I10) -> 1 | Q10: =IF(I10=0,"—",I10) -> 1 | R10: =IF(I10=0,"—",I10) -> 1 | S10: =IF(I10=0,"—",I10) -> 1 | T10: =IF(I10=0,"—",I10) -> 1 | U10: =IF(I10=0,"—",I10) -> 1 | V10: =IF(I10=0,"—",I10) -> 1 | W10: =IF(I10=0,"—",I10) -> 1 | X10: =IF(I10=0,"—",I10) -> 1 | Y10: =IF(I10=0,"—",I10) -> 1
A11: CO3 | B11: Network Layer, IP, Routing | C11: 8 | D11: 2 | E11: 4 | F11: 0 | G11: =C11+D11+E11*2+F11 -> 18 | H11: =IFERROR(G11/H$5*100,0) -> 15 | I11: =IFERROR(IF(H11>25,3,IF(H11>15,2,IF(H11>5,1,0))),0) -> 1 | J11: =IF(I11=0,"—",IF(I11=1,"1",IF(I11=2,"2","3"))) -> 1 | K11: =IF(I11=0,"—",I11) -> 1 | L11: =IF(I11=0,"—",I11) -> 1 | M11: =IF(I11=0,"—",I11) -> 1 | N11: =IF(I11=0,"—",I11) -> 1 | O11: =IF(I11=0,"—",I11) -> 1 | P11: =IF(I11=0,"—",I11) -> 1 | Q11: =IF(I11=0,"—",I11) -> 1 | R11: =IF(I11=0,"—",I11) -> 1 | S11: =IF(I11=0,"—",I11) -> 1 | T11: =IF(I11=0,"—",I11) -> 1 | U11: =IF(I11=0,"—",I11) -> 1 | V11: =IF(I11=0,"—",I11) -> 1 | W11: =IF(I11=0,"—",I11) -> 1 | X11: =IF(I11=0,"—",I11) -> 1 | Y11: =IF(I11=0,"—",I11) -> 1
A12: CO4 | B12: Transport Layer, TCP/UDP | C12: 7 | D12: 1 | E12: 2 | F12: 0 | G12: =C12+D12+E12*2+F12 -> 12 | H12: =IFERROR(G12/H$5*100,0) -> 10 | I12: =IFERROR(IF(H12>25,3,IF(H12>15,2,IF(H12>5,1,0))),0) -> 1 | J12: =IF(I12=0,"—",IF(I12=1,"1",IF(I12=2,"2","3"))) -> 1 | K12: =IF(I12=0,"—",I12) -> 1 | L12: =IF(I12=0,"—",I12) -> 1 | M12: =IF(I12=0,"—",I12) -> 1 | N12: =IF(I12=0,"—",I12) -> 1 | O12: =IF(I12=0,"—",I12) -> 1 | P12: =IF(I12=0,"—",I12) -> 1 | Q12: =IF(I12=0,"—",I12) -> 1 | R12: =IF(I12=0,"—",I12) -> 1 | S12: =IF(I12=0,"—",I12) -> 1 | T12: =IF(I12=0,"—",I12) -> 1 | U12: =IF(I12=0,"—",I12) -> 1 | V12: =IF(I12=0,"—",I12) -> 1 | W12: =IF(I12=0,"—",I12) -> 1 | X12: =IF(I12=0,"—",I12) -> 1 | Y12: =IF(I12=0,"—",I12) -> 1
A13: CO5 | B13: Application Layer, DNS/HTTP | C13: 8 | D13: 2 | E13: 2 | F13: 0 | G13: =C13+D13+E13*2+F13 -> 14 | H13: =IFERROR(G13/H$5*100,0) -> 11.666667 | I13: =IFERROR(IF(H13>25,3,IF(H13>15,2,IF(H13>5,1,0))),0) -> 1 | J13: =IF(I13=0,"—",IF(I13=1,"1",IF(I13=2,"2","3"))) -> 1 | K13: =IF(I13=0,"—",I13) -> 1 | L13: =IF(I13=0,"—",I13) -> 1 | M13: =IF(I13=0,"—",I13) -> 1 | N13: =IF(I13=0,"—",I13) -> 1 | O13: =IF(I13=0,"—",I13) -> 1 | P13: =IF(I13=0,"—",I13) -> 1 | Q13: =IF(I13=0,"—",I13) -> 1 | R13: =IF(I13=0,"—",I13) -> 1 | S13: =IF(I13=0,"—",I13) -> 1 | T13: =IF(I13=0,"—",I13) -> 1 | U13: =IF(I13=0,"—",I13) -> 1 | V13: =IF(I13=0,"—",I13) -> 1 | W13: =IF(I13=0,"—",I13) -> 1 | X13: =IF(I13=0,"—",I13) -> 1 | Y13: =IF(I13=0,"—",I13) -> 1
A15: COURSE TOTALS | C15: =SUM(C9:C13) -> 40 | D15: =SUM(D9:D13) -> 8 | E15: =SUM(E9:E13) -> 14 | F15: =SUM(F9:F13) -> 0 | G15: =SUM(G9:G13) -> 76 | H15: =SUM(H9:H13) -> 63.333333
A17: Verification: Total CO hrs vs Course total hrs | G17: =G15 -> 76 | H17: =H5 -> 120 | I17: =IF(ABS(G17-H17)<0.5,"OK","Check Hours") -> Check Hours | J17: Sum of CO hours should equal Total Course Hours. Adjust CO L/T/P/S if not matching.
A19: NOTE: The PO mapping columns (K–Z) show the same level for all POs by default (based on CO%). Faculty should override specific PO columns to 0 (or —) where the CO has no logical connection to that PO. The CO-PO Mapping summary sheet reads from this sheet automatically.

Sheet CO-PO Mapping
A1: CO–PO MAPPING MATRIX (Contact Hours Method) — All values auto-linked from course sheets
A2: Level: — = No Mapping | 1 = Low (5–15%) | 2 = Medium (15–25%) | 3 = High (>25%) | Edit contact hours in course sheets — this matrix updates automatically
A4: MAPPING CRITERIA → | F4: — No Mapping (<5%) | G4: 1 Low (5–15%) | H4: 2 Medium (15–25%) | I4: 3 High (>25%)
A5: # | B5: Course | C5: Code | D5: CO | E5: CO % of Total Hrs | F5: PROGRAMME OUTCOMES | R5: PROGRAMME SPECIFIC OUTCOMES
F6: PO1 | G6: PO2 | H6: PO3 | I6: PO4 | J6: PO5 | K6: PO6 | L6: PO7 | M6: PO8 | N6: PO9 | O6: PO10 | P6: PO11 | Q6: PO12 | R6: PSO1 | S6: PSO2 | T6: PSO3
A7: 1 | B7: Data Structures & Algorithms | C7: CS301 | D7: CO1 | E7: =CS301!H9 -> 16.666667 | F7: =CS301!J9 -> 2 | G7: =CS301!J9 -> 2 | H7: =CS301!J9 -> 2 | I7: =CS301!J9 -> 2 | J7: =CS301!J9 -> 2 | K7: =CS301!J9 -> 2 | L7: =CS301!J9 -> 2 | M7: =CS301!J9 -> 2 | N7: =CS301!J9 -> 2 | O7: =CS301!J9 -> 2 | P7: =CS301!J9 -> 2 | Q7: =CS301!J9 -> 2 | R7: =CS301!J9 -> 2 | S7: =CS301!J9 -> 2 | T7: =CS301!J9 -> 2
D8: CO2 | E8: =CS301!H10 -> 15 | F8: =CS301!J10 -> 1 | G8: =CS301!J10 -> 1 | H8: =CS301!J10 -> 1 | I8: =CS301!J10 -> 1 | J8: =CS301!J10 -> 1 | K8: =CS301!J10 -> 1 | L8: =CS301!J10 -> 1 | M8: =CS301!J10 -> 1 | N8: =CS301!J10 -> 1 | O8: =CS301!J10 -> 1 | P8: =CS301!J10 -> 1 | Q8: =CS301!J10 -> 1 | R8: =CS301!J10 -> 1 | S8: =CS301!J10 -> 1 | T8: =CS301!J10 -> 1
D9: CO3 | E9: =CS301!H11 -> 13.333333 | F9: =CS301!J11 -> 1 | G9: =CS301!J11 -> 1 | H9: =CS301!J11 -> 1 | I9: =CS301!J11 -> 1 | J9: =CS301!J11 -> 1 | K9: =CS301!J11 -> 1 | L9: =CS301!J11 -> 1 | M9: =CS301!J11 -> 1 | N9: =CS301!J11 -> 1 | O9: =CS301!J11 -> 1 | P9: =CS301!J11 -> 1 | Q9: =CS301!J11 -> 1 | R9: =CS301!J11 -> 1 | S9: =CS301!J11 -> 1 | T9: =CS301!J11 -> 1
D10: CO4 | E10: =CS301!H12 -> 10.833333 | F10: =CS301!J12 -> 1 | G10: =CS301!J12 -> 1 | H10: =CS301!J12 -> 1 | I10: =CS301!J12 -> 1 | J10: =CS301!J12 -> 1 | K10: =CS301!J12 -> 1 | L10: =CS301!J12 -> 1 | M10: =CS301!J12 -> 1 | N10: =CS301!J12 -> 1 | O10: =CS301!J12 -> 1 | P10: =CS301!J12 -> 1 | Q10: =CS301!J12 -> 1 | R10: =CS301!J12 -> 1 | S10: =CS301!J12 -> 1 | T10: =CS301!J12 -> 1
D11: CO5 | E11: =CS301!H13 -> 10.833333 | F11: =CS301!J13 -> 1 | G11: =CS301!J13 -> 1 | H11: =CS301!J13 -> 1 | I11: =CS301!J13 -> 1 | J11: =CS301!J13 -> 1 | K11: =CS301!J13 -> 1 | L11: =CS301!J13 -> 1 | M11: =CS301!J13 -> 1 | N11: =CS301!J13 -> 1 | O11: =CS301!J13 -> 1 | P11: =CS301!J13 -> 1 | Q11: =CS301!J13 -> 1 | R11: =CS301!J13 -> 1 | S11: =CS301!J13 -> 1 | T11: =CS301!J13 -> 1
A12: 2 | B12: Database Management Systems | C12: CS302 | D12: CO1 | E12: =CS302!H9 -> 12.5 | F12: =CS302!J9 -> 1 | G12: =CS302!J9 -> 1 | H12: =CS302!J9 -> 1 | I12: =CS302!J9 -> 1 | J12: =CS302!J9 -> 1 | K12: =CS302!J9 -> 1 | L12: =CS302!J9 -> 1 | M12: =CS302!J9 -> 1 | N12: =CS302!J9 -> 1 | O12: =CS302!J9 -> 1 | P12: =CS302!J9 -> 1 | Q12: =CS302!J9 -> 1 | R12: =CS302!J9 -> 1 | S12: =CS302!J9 -> 1 | T12: =CS302!J9 -> 1
D13: CO2 | E13: =CS302!H10 -> 18.333333 | F13: =CS302!J10 -> 2 | G13: =CS302!J10 -> 2 | H13: =CS302!J10 -> 2 | I13: =CS302!J10 -> 2 | J13: =CS302!J10 -> 2 | K13: =CS302!J10 -> 2 | L13: =CS302!J10 -> 2 | M13: =CS302!J10 -> 2 | N13: =CS302!J10 -> 2 | O13: =CS302!J10 -> 2 | P13: =CS302!J10 -> 2 | Q13: =CS302!J10 -> 2 | R13: =CS302!J10 -> 2 | S13: =CS302!J10 -> 2 | T13: =CS302!J10 -> 2
D14: CO3 | E14: =CS302!H11 -> 11.666667 | F14: =CS302!J11 -> 1 | G14: =CS302!J11 -> 1 | H14: =CS302!J11 -> 1 | I14: =CS302!J11 -> 1 | J14: =CS302!J11 -> 1 | K14: =CS302!J11 -> 1 | L14: =CS302!J11 -> 1 | M14: =CS302!J11 -> 1 | N14: =CS302!J11 -> 1 | O14: =CS302!J11 -> 1 | P14: =CS302!J11 -> 1 | Q14: =CS302!J11 -> 1 | R14: =CS302!J11 -> 1 | S14: =CS302!J11 -> 1 | T14: =CS302!J11 -> 1
D15: CO4 | E15: =CS302!H12 -> 10 | F15: =CS302!J12 -> 1 | G15: =CS302!J12 -> 1 | H15: =CS302!J12 -> 1 | I15: =CS302!J12 -> 1 | J15: =CS302!J12 -> 1 | K15: =CS302!J12 -> 1 | L15: =CS302!J12 -> 1 | M15: =CS302!J12 -> 1 | N15: =CS302!J12 -> 1 | O15: =CS302!J12 -> 1 | P15: =CS302!J12 -> 1 | Q15: =CS302!J12 -> 1 | R15: =CS302!J12 -> 1 | S15: =CS302!J12 -> 1 | T15: =CS302!J12 -> 1
D16: CO5 | E16: =CS302!H13 -> 10.833333 | F16: =CS302!J13 -> 1 | G16: =CS302!J13 -> 1 | H16: =CS302!J13 -> 1 | I16: =CS302!J13 -> 1 | J16: =CS302!J13 -> 1 | K16: =CS302!J13 -> 1 | L16: =CS302!J13 -> 1 | M16: =CS302!J13 -> 1 | N16: =CS302!J13 -> 1 | O16: =CS302!J13 -> 1 | P16: =CS302!J13 -> 1 | Q16: =CS302!J13 -> 1 | R16: =CS302!J13 -> 1 | S16: =CS302!J13 -> 1 | T16: =CS302!J13 -> 1
A17: 3 | B17: Computer Networks | C17: CS303 | D17: CO1 | E17: =CS303!H9 -> 12.5 | F17: =CS303!J9 -> 1 | G17: =CS303!J9 -> 1 | H17: =CS303!J9 -> 1 | I17: =CS303!J9 -> 1 | J17: =CS303!J9 -> 1 | K17: =CS303!J9 -> 1 | L17: =CS303!J9 -> 1 | M17: =CS303!J9 -> 1 | N17: =CS303!J9 -> 1 | O17: =CS303!J9 -> 1 | P17: =CS303!J9 -> 1 | Q17: =CS303!J9 -> 1 | R17: =CS303!J9 -> 1 | S17: =CS303!J9 -> 1 | T17: =CS303!J9 -> 1
D18: CO2 | E18: =CS303!H10 -> 14.166667 | F18: =CS303!J10 -> 1 | G18: =CS303!J10 -> 1 | H18: =CS303!J10 -> 1 | I18: =CS303!J10 -> 1 | J18: =CS303!J10 -> 1 | K18: =CS303!J10 -> 1 | L18: =CS303!J10 -> 1 | M18: =CS303!J10 -> 1 | N18: =CS303!J10 -> 1 | O18: =CS303!J10 -> 1 | P18: =CS303!J10 -> 1 | Q18: =CS303!J10 -> 1 | R18: =CS303!J10 -> 1 | S18: =CS303!J10 -> 1 | T18: =CS303!J10 -> 1
D19: CO3 | E19: =CS303!H11 -> 15 | F19: =CS303!J11 -> 1 | G19: =CS303!J11 -> 1 | H19: =CS303!J11 -> 1 | I19: =CS303!J11 -> 1 | J19: =CS303!J11 -> 1 | K19: =CS303!J11 -> 1 | L19: =CS303!J11 -> 1 | M19: =CS303!J11 -> 1 | N19: =CS303!J11 -> 1 | O19: =CS303!J11 -> 1 | P19: =CS303!J11 -> 1 | Q19: =CS303!J11 -> 1 | R19: =CS303!J11 -> 1 | S19: =CS303!J11 -> 1 | T19: =CS303!J11 -> 1
D20: CO4 | E20: =CS303!H12 -> 10 | F20: =CS303!J12 -> 1 | G20: =CS303!J12 -> 1 | H20: =CS303!J12 -> 1 | I20: =CS303!J12 -> 1 | J20: =CS303!J12 -> 1 | K20: =CS303!J12 -> 1 | L20: =CS303!J12 -> 1 | M20: =CS303!J12 -> 1 | N20: =CS303!J12 -> 1 | O20: =CS303!J12 -> 1 | P20: =CS303!J12 -> 1 | Q20: =CS303!J12 -> 1 | R20: =CS303!J12 -> 1 | S20: =CS303!J12 -> 1 | T20: =CS303!J12 -> 1
D21: CO5 | E21: =CS303!H13 -> 11.666667 | F21: =CS303!J13 -> 1 | G21: =CS303!J13 -> 1 | H21: =CS303!J13 -> 1 | I21: =CS303!J13 -> 1 | J21: =CS303!J13 -> 1 | K21: =CS303!J13 -> 1 | L21: =CS303!J13 -> 1 | M21: =CS303!J13 -> 1 | N21: =CS303!J13 -> 1 | O21: =CS303!J13 -> 1 | P21: =CS303!J13 -> 1 | Q21: =CS303!J13 -> 1 | R21: =CS303!J13 -> 1 | S21: =CS303!J13 -> 1 | T21: =CS303!J13 -> 1
A22: 4 | B22: Operating Systems | C22: CS304 | D22: CO1 | E22: =CS304!H9 -> 13.333333 | F22: =CS304!J9 -> 1 | G22: =CS304!J9 -> 1 | H22: =CS304!J9 -> 1 | I22: =CS304!J9 -> 1 | J22: =CS304!J9 -> 1 | K22: =CS304!J9 -> 1 | L22: =CS304!J9 -> 1 | M22: =CS304!J9 -> 1 | N22: =CS304!J9 -> 1 | O22: =CS304!J9 -> 1 | P22: =CS304!J9 -> 1 | Q22: =CS304!J9 -> 1 | R22: =CS304!J9 -> 1 | S22: =CS304!J9 -> 1 | T22: =CS304!J9 -> 1
D23: CO2 | E23: =CS304!H10 -> 15.833333 | F23: =CS304!J10 -> 2 | G23: =CS304!J10 -> 2 | H23: =CS304!J10 -> 2 | I23: =CS304!J10 -> 2 | J23: =CS304!J10 -> 2 | K23: =CS304!J10 -> 2 | L23: =CS304!J10 -> 2 | M23: =CS304!J10 -> 2 | N23: =CS304!J10 -> 2 | O23: =CS304!J10 -> 2 | P23: =CS304!J10 -> 2 | Q23: =CS304!J10 -> 2 | R23: =CS304!J10 -> 2 | S23: =CS304!J10 -> 2 | T23: =CS304!J10 -> 2
D24: CO3 | E24: =CS304!H11 -> 10.833333 | F24: =CS304!J11 -> 1 | G24: =CS304!J11 -> 1 | H24: =CS304!J11 -> 1 | I24: =CS304!J11 -> 1 | J24: =CS304!J11 -> 1 | K24: =CS304!J11 -> 1 | L24: =CS304!J11 -> 1 | M24: =CS304!J11 -> 1 | N24: =CS304!J11 -> 1 | O24: =CS304!J11 -> 1 | P24: =CS304!J11 -> 1 | Q24: =CS304!J11 -> 1 | R24: =CS304!J11 -> 1 | S24: =CS304!J11 -> 1 | T24: =CS304!J11 -> 1
D25: CO4 | E25: =CS304!H12 -> 10 | F25: =CS304!J12 -> 1 | G25: =CS304!J12 -> 1 | H25: =CS304!J12 -> 1 | I25: =CS304!J12 -> 1 | J25: =CS304!J12 -> 1 | K25: =CS304!J12 -> 1 | L25: =CS304!J12 -> 1 | M25: =CS304!J12 -> 1 | N25: =CS304!J12 -> 1 | O25: =CS304!J12 -> 1 | P25: =CS304!J12 -> 1 | Q25: =CS304!J12 -> 1 | R25: =CS304!J12 -> 1 | S25: =CS304!J12 -> 1 | T25: =CS304!J12 -> 1
D26: CO5 | E26: =CS304!H13 -> 10 | F26: =CS304!J13 -> 1 | G26: =CS304!J13 -> 1 | H26: =CS304!J13 -> 1 | I26: =CS304!J13 -> 1 | J26: =CS304!J13 -> 1 | K26: =CS304!J13 -> 1 | L26: =CS304!J13 -> 1 | M26: =CS304!J13 -> 1 | N26: =CS304!J13 -> 1 | O26: =CS304!J13 -> 1 | P26: =CS304!J13 -> 1 | Q26: =CS304!J13 -> 1 | R26: =CS304!J13 -> 1 | S26: =CS304!J13 -> 1 | T26: =CS304!J13 -> 1
A27: 5 | B27: Machine Learning | C27: CS305 | D27: CO1 | E27: =CS305!H9 -> 11.111111 | F27: =CS305!J9 -> 1 | G27: =CS305!J9 -> 1 | H27: =CS305!J9 -> 1 | I27: =CS305!J9 -> 1 | J27: =CS305!J9 -> 1 | K27: =CS305!J9 -> 1 | L27: =CS305!J9 -> 1 | M27: =CS305!J9 -> 1 | N27: =CS305!J9 -> 1 | O27: =CS305!J9 -> 1 | P27: =CS305!J9 -> 1 | Q27: =CS305!J9 -> 1 | R27: =CS305!J9 -> 1 | S27: =CS305!J9 -> 1 | T27: =CS305!J9 -> 1
D28: CO2 | E28: =CS305!H10 -> 14.074074 | F28: =CS305!J10 -> 1 | G28: =CS305!J10 -> 1 | H28: =CS305!J10 -> 1 | I28: =CS305!J10 -> 1 | J28: =CS305!J10 -> 1 | K28: =CS305!J10 -> 1 | L28: =CS305!J10 -> 1 | M28: =CS305!J10 -> 1 | N28: =CS305!J10 -> 1 | O28: =CS305!J10 -> 1 | P28: =CS305!J10 -> 1 | Q28: =CS305!J10 -> 1 | R28: =CS305!J10 -> 1 | S28: =CS305!J10 -> 1 | T28: =CS305!J10 -> 1
D29: CO3 | E29: =CS305!H11 -> 14.074074 | F29: =CS305!J11 -> 1 | G29: =CS305!J11 -> 1 | H29: =CS305!J11 -> 1 | I29: =CS305!J11 -> 1 | J29: =CS305!J11 -> 1 | K29: =CS305!J11 -> 1 | L29: =CS305!J11 -> 1 | M29: =CS305!J11 -> 1 | N29: =CS305!J11 -> 1 | O29: =CS305!J11 -> 1 | P29: =CS305!J11 -> 1 | Q29: =CS305!J11 -> 1 | R29: =CS305!J11 -> 1 | S29: =CS305!J11 -> 1 | T29: =CS305!J11 -> 1
D30: CO4 | E30: =CS305!H12 -> 10.37037 | F30: =CS305!J12 -> 1 | G30: =CS305!J12 -> 1 | H30: =CS305!J12 -> 1 | I30: =CS305!J12 -> 1 | J30: =CS305!J12 -> 1 | K30: =CS305!J12 -> 1 | L30: =CS305!J12 -> 1 | M30: =CS305!J12 -> 1 | N30: =CS305!J12 -> 1 | O30: =CS305!J12 -> 1 | P30: =CS305!J12 -> 1 | Q30: =CS305!J12 -> 1 | R30: =CS305!J12 -> 1 | S30: =CS305!J12 -> 1 | T30: =CS305!J12 -> 1
D31: CO5 | E31: =CS305!H13 -> 10.37037 | F31: =CS305!J13 -> 1 | G31: =CS305!J13 -> 1 | H31: =CS305!J13 -> 1 | I31: =CS305!J13 -> 1 | J31: =CS305!J13 -> 1 | K31: =CS305!J13 -> 1 | L31: =CS305!J13 -> 1 | M31: =CS305!J13 -> 1 | N31: =CS305!J13 -> 1 | O31: =CS305!J13 -> 1 | P31: =CS305!J13 -> 1 | Q31: =CS305!J13 -> 1 | R31: =CS305!J13 -> 1 | S31: =CS305!J13 -> 1 | T31: =CS305!J13 -> 1
D32: CO6 | E32: =CS305!H14 -> 12.592593 | F32: =CS305!J14 -> 1 | G32: =CS305!J14 -> 1 | H32: =CS305!J14 -> 1 | I32: =CS305!J14 -> 1 | J32: =CS305!J14 -> 1 | K32: =CS305!J14 -> 1 | L32: =CS305!J14 -> 1 | M32: =CS305!J14 -> 1 | N32: =CS305!J14 -> 1 | O32: =CS305!J14 -> 1 | P32: =CS305!J14 -> 1 | Q32: =CS305!J14 -> 1 | R32: =CS305!J14 -> 1 | S32: =CS305!J14 -> 1 | T32: =CS305!J14 -> 1
A34: PROGRAMME-LEVEL AVERAGE CO% | E34: =AVERAGE(E7:E32) -> 12.535613 | F34: =IFERROR(IF(AVERAGE(IF(ISNUMBER(VALUE(F7:F32)),VALUE(F7:F32)))>2.5,"3",IF(AVERAGE(IF(ISNUMBER(VALUE(F7:F32)),VALUE(F7:F32)))>1.5,"2","1")),"—") -> 1 | G34: =IFERROR(IF(AVERAGE(IF(ISNUMBER(VALUE(G7:G32)),VALUE(G7:G32)))>2.5,"3",IF(AVERAGE(IF(ISNUMBER(VALUE(G7:G32)),VALUE(G7:G32)))>1.5,"2","1")),"—") -> 1 | H34: =IFERROR(IF(AVERAGE(IF(ISNUMBER(VALUE(H7:H32)),VALUE(H7:H32)))>2.5,"3",IF(AVERAGE(IF(ISNUMBER(VALUE(H7:H32)),VALUE(H7:H32)))>1.5,"2","1")),"—") -> 1 | I34: =IFERROR(IF(AVERAGE(IF(ISNUMBER(VALUE(I7:I32)),VALUE(I7:I32)))>2.5,"3",IF(AVERAGE(IF(ISNUMBER(VALUE(I7:I32)),VALUE(I7:I32)))>1.5,"2","1")),"—") -> 1 | J34: =IFERROR(IF(AVERAGE(IF(ISNUMBER(VALUE(J7:J32)),VALUE(J7:J32)))>2.5,"3",IF(AVERAGE(IF(ISNUMBER(VALUE(J7:J32)),VALUE(J7:J32)))>1.5,"2","1")),"—") -> 1 | K34: =IFERROR(IF(AVERAGE(IF(ISNUMBER(VALUE(K7:K32)),VALUE(K7:K32)))>2.5,"3",IF(AVERAGE(IF(ISNUMBER(VALUE(K7:K32)),VALUE(K7:K32)))>1.5,"2","1")),"—") -> 1 | L34: =IFERROR(IF(AVERAGE(IF(ISNUMBER(VALUE(L7:L32)),VALUE(L7:L32)))>2.5,"3",IF(AVERAGE(IF(ISNUMBER(VALUE(L7:L32)),VALUE(L7:L32)))>1.5,"2","1")),"—") -> 1 | M34: =IFERROR(IF(AVERAGE(IF(ISNUMBER(VALUE(M7:M32)),VALUE(M7:M32)))>2.5,"3",IF(AVERAGE(IF(ISNUMBER(VALUE(M7:M32)),VALUE(M7:M32)))>1.5,"2","1")),"—") -> 1 | ... T34: =IFERROR(IF(AVERAGE(IF(ISNUMBER(VALUE(T7:T32)),VALUE(T7:T32)))>2.5,"3",IF(AVERAGE(IF(ISNUMBER(VALUE(T7:T32)),VALUE(T7:T32)))>1.5,"2","1")),"—") -> 1

Sheet CS304
A1: CONTACT HOURS CO–PO MAPPING — Operating Systems (CS304)
A2: Method: CO% = (CO Contact Hours / Total Course Hours) × 100 | Level: <5%=– 5–15%=1 15–25%=2 >25%=3 | Edit YELLOW cells only
A4: Course L-T-P-S Structure | C4: L (lec/wk) | D4: T (tut/wk) | E4: P (prac/wk) | F4: S (skill/wk) | G4: Weeks | H4: Total Hrs
A5: Weekly Hours → | C5: 3 | D5: 1 | E5: 2 | F5: 0 | G5: 15 | H5: =C5*G5+D5*G5+E5*G5*2+F5*G5 -> 120
A7: CO | B7: Topic Description | C7: L hrs | D7: T hrs | E7: P hrs | F7: S hrs | G7: CO Total Hours | H7: CO % of Total | I7: Level (0-3) | J7: Symbol | K7: CO–PO MAPPING LEVEL (Auto from CO%) | W7: CO–PSO MAPPING
K8: PO1 | L8: PO2 | M8: PO3 | N8: PO4 | O8: PO5 | P8: PO6 | Q8: PO7 | R8: PO8 | S8: PO9 | T8: PO10 | U8: PO11 | V8: PO12 | W8: PSO1 | X8: PSO2 | Y8: PSO3
A9: CO1 | B9: Processes, Threads, Scheduling | C9: 10 | D9: 2 | E9: 2 | F9: 0 | G9: =C9+D9+E9*2+F9 -> 16 | H9: =IFERROR(G9/H$5*100,0) -> 13.333333 | I9: =IFERROR(IF(H9>25,3,IF(H9>15,2,IF(H9>5,1,0))),0) -> 1 | J9: =IF(I9=0,"—",IF(I9=1,"1",IF(I9=2,"2","3"))) -> 1 | K9: =IF(I9=0,"—",I9) -> 1 | L9: =IF(I9=0,"—",I9) -> 1 | M9: =IF(I9=0,"—",I9) -> 1 | N9: =IF(I9=0,"—",I9) -> 1 | O9: =IF(I9=0,"—",I9) -> 1 | P9: =IF(I9=0,"—",I9) -> 1 | Q9: =IF(I9=0,"—",I9) -> 1 | R9: =IF(I9=0,"—",I9) -> 1 | S9: =IF(I9=0,"—",I9) -> 1 | T9: =IF(I9=0,"—",I9) -> 1 | U9: =IF(I9=0,"—",I9) -> 1 | V9: =IF(I9=0,"—",I9) -> 1 | W9: =IF(I9=0,"—",I9) -> 1 | X9: =IF(I9=0,"—",I9) -> 1 | Y9: =IF(I9=0,"—",I9) -> 1
A10: CO2 | B10: Synchronization, Deadlocks | C10: 9 | D10: 2 | E10: 4 | F10: 0 | G10: =C10+D10+E10*2+F10 -> 19 | H10: =IFERROR(G10/H$5*100,0) -> 15.833333 | I10: =IFERROR(IF(H10>25,3,IF(H10>15,2,IF(H10>5,1,0))),0) -> 2 | J10: =IF(I10=0,"—",IF(I10=1,"1",IF(I10=2,"2","3"))) -> 2 | K10: =IF(I10=0,"—",I10) -> 2 | L10: =IF(I10=0,"—",I10) -> 2 | M10: =IF(I10=0,"—",I10) -> 2 | N10: =IF(I10=0,"—",I10) -> 2 | O10: =IF(I10=0,"—",I10) -> 2 | P10: =IF(I10=0,"—",I10) -> 2 | Q10: =IF(I10=0,"—",I10) -> 2 | R10: =IF(I10=0,"—",I10) -> 2 | S10: =IF(I10=0,"—",I10) -> 2 | T10: =IF(I10=0,"—",I10) -> 2 | U10: =IF(I10=0,"—",I10) -> 2 | V10: =IF(I10=0,"—",I10) -> 2 | W10: =IF(I10=0,"—",I10) -> 2 | X10: =IF(I10=0,"—",I10) -> 2 | Y10: =IF(I10=0,"—",I10) -> 2
A11: CO3 | B11: Memory Management, Paging | C11: 8 | D11: 1 | E11: 2 | F11: 0 | G11: =C11+D11+E11*2+F11 -> 13 | H11: =IFERROR(G11/H$5*100,0) -> 10.833333 | I11: =IFERROR(IF(H11>25,3,IF(H11>15,2,IF(H11>5,1,0))),0) -> 1 | J11: =IF(I11=0,"—",IF(I11=1,"1",IF(I11=2,"2","3"))) -> 1 | K11: =IF(I11=0,"—",I11) -> 1 | L11: =IF(I11=0,"—",I11) -> 1 | M11: =IF(I11=0,"—",I11) -> 1 | N11: =IF(I11=0,"—",I11) -> 1 | O11: =IF(I11=0,"—",I11) -> 1 | P11: =IF(I11=0,"—",I11) -> 1 | Q11: =IF(I11=0,"—",I11) -> 1 | R11: =IF(I11=0,"—",I11) -> 1 | S11: =IF(I11=0,"—",I11) -> 1 | T11: =IF(I11=0,"—",I11) -> 1 | U11: =IF(I11=0,"—",I11) -> 1 | V11: =IF(I11=0,"—",I11) -> 1 | W11: =IF(I11=0,"—",I11) -> 1 | X11: =IF(I11=0,"—",I11) -> 1 | Y11: =IF(I11=0,"—",I11) -> 1
A12: CO4 | B12: File Systems | C12: 7 | D12: 1 | E12: 2 | F12: 0 | G12: =C12+D12+E12*2+F12 -> 12 | H12: =IFERROR(G12/H$5*100,0) -> 10 | I12: =IFERROR(IF(H12>25,3,IF(H12>15,2,IF(H12>5,1,0))),0) -> 1 | J12: =IF(I12=0,"—",IF(I12=1,"1",IF(I12=2,"2","3"))) -> 1 | K12: =IF(I12=0,"—",I12) -> 1 | L12: =IF(I12=0,"—",I12) -> 1 | M12: =IF(I12=0,"—",I12) -> 1 | N12: =IF(I12=0,"—",I12) -> 1 | O12: =IF(I12=0,"—",I12) -> 1 | P12: =IF(I12=0,"—",I12) -> 1 | Q12: =IF(I12=0,"—",I12) -> 1 | R12: =IF(I12=0,"—",I12) -> 1 | S12: =IF(I12=0,"—",I12) -> 1 | T12: =IF(I12=0,"—",I12) -> 1 | U12: =IF(I12=0,"—",I12) -> 1 | V12: =IF(I12=0,"—",I12) -> 1 | W12: =IF(I12=0,"—",I12) -> 1 | X12: =IF(I12=0,"—",I12) -> 1 | Y12: =IF(I12=0,"—",I12) -> 1
A13: CO5 | B13: I/O Management | C13: 6 | D13: 2 | E13: 2 | F13: 0 | G13: =C13+D13+E13*2+F13 -> 12 | H13: =IFERROR(G13/H$5*100,0) -> 10 | I13: =IFERROR(IF(H13>25,3,IF(H13>15,2,IF(H13>5,1,0))),0) -> 1 | J13: =IF(I13=0,"—",IF(I13=1,"1",IF(I13=2,"2","3"))) -> 1 | K13: =IF(I13=0,"—",I13) -> 1 | L13: =IF(I13=0,"—",I13) -> 1 | M13: =IF(I13=0,"—",I13) -> 1 | N13: =IF(I13=0,"—",I13) -> 1 | O13: =IF(I13=0,"—",I13) -> 1 | P13: =IF(I13=0,"—",I13) -> 1 | Q13: =IF(I13=0,"—",I13) -> 1 | R13: =IF(I13=0,"—",I13) -> 1 | S13: =IF(I13=0,"—",I13) -> 1 | T13: =IF(I13=0,"—",I13) -> 1 | U13: =IF(I13=0,"—",I13) -> 1 | V13: =IF(I13=0,"—",I13) -> 1 | W13: =IF(I13=0,"—",I13) -> 1 | X13: =IF(I13=0,"—",I13) -> 1 | Y13: =IF(I13=0,"—",I13) -> 1
A15: COURSE TOTALS | C15: =SUM(C9:C13) -> 40 | D15: =SUM(D9:D13) -> 8 | E15: =SUM(E9:E13) -> 12 | F15: =SUM(F9:F13) -> 0 | G15: =SUM(G9:G13) -> 72 | H15: =SUM(H9:H13) -> 60
A17: Verification: Total CO hrs vs Course total hrs | G17: =G15 -> 72 | H17: =H5 -> 120 | I17: =IF(ABS(G17-H17)<0.5,"OK","Check Hours") -> Check Hours | J17: Sum of CO hours should equal Total Course Hours. Adjust CO L/T/P/S if not matching.
A19: NOTE: The PO mapping columns (K–Z) show the same level for all POs by default (based on CO%). Faculty should override specific PO columns to 0 (or —) where the CO has no logical connection to that PO. The CO-PO Mapping summary sheet reads from this sheet automatically.

Sheet CS305
A1: CONTACT HOURS CO–PO MAPPING — Machine Learning (CS305)
A2: Method: CO% = (CO Contact Hours / Total Course Hours) × 100 | Level: <5%=– 5–15%=1 15–25%=2 >25%=3 | Edit YELLOW cells only
A4: Course L-T-P-S Structure | C4: L (lec/wk) | D4: T (tut/wk) | E4: P (prac/wk) | F4: S (skill/wk) | G4: Weeks | H4: Total Hrs
A5: Weekly Hours → | C5: 3 | D5: 1 | E5: 2 | F5: 1 | G5: 15 | H5: =C5*G5+D5*G5+E5*G5*2+F5*G5 -> 135
A7: CO | B7: Topic Description | C7: L hrs | D7: T hrs | E7: P hrs | F7: S hrs | G7: CO Total Hours | H7: CO % of Total | I7: Level (0-3) | J7: Symbol | K7: CO–PO MAPPING LEVEL (Auto from CO%) | W7: CO–PSO MAPPING
K8: PO1 | L8: PO2 | M8: PO3 | N8: PO4 | O8: PO5 | P8: PO6 | Q8: PO7 | R8: PO8 | S8: PO9 | T8: PO10 | U8: PO11 | V8: PO12 | W8: PSO1 | X8: PSO2 | Y8: PSO3
A9: CO1 | B9: Supervised Learning Basics | C9: 8 | D9: 1 | E9: 2 | F9: 2 | G9: =C9+D9+E9*2+F9 -> 15 | H9: =IFERROR(G9/H$5*100,0) -> 11.111111 | I9: =IFERROR(IF(H9>25,3,IF(H9>15,2,IF(H9>5,1,0))),0) -> 1 | J9: =IF(I9=0,"—",IF(I9=1,"1",IF(I9=2,"2","3"))) -> 1 | K9: =IF(I9=0,"—",I9) -> 1 | L9: =IF(I9=0,"—",I9) -> 1 | M9: =IF(I9=0,"—",I9) -> 1 | N9: =IF(I9=0,"—",I9) -> 1 | O9: =IF(I9=0,"—",I9) -> 1 | P9: =IF(I9=0,"—",I9) -> 1 | Q9: =IF(I9=0,"—",I9) -> 1 | R9: =IF(I9=0,"—",I9) -> 1 | S9: =IF(I9=0,"—",I9) -> 1 | T9: =IF(I9=0,"—",I9) -> 1 | U9: =IF(I9=0,"—",I9) -> 1 | V9: =IF(I9=0,"—",I9) -> 1 | W9: =IF(I9=0,"—",I9) -> 1 | X9: =IF(I9=0,"—",I9) -> 1 | Y9: =IF(I9=0,"—",I9) -> 1
A10: CO2 | B10: Regression & Classification | C10: 8 | D10: 1 | E10: 4 | F10: 2 | G10: =C10+D10+E10*2+F10 -> 19 | H10: =IFERROR(G10/H$5*100,0) -> 14.074074 | I10: =IFERROR(IF(H10>25,3,IF(H10>15,2,IF(H10>5,1,0))),0) -> 1 | J10: =IF(I10=0,"—",IF(I10=1,"1",IF(I10=2,"2","3"))) -> 1 | K10: =IF(I10=0,"—",I10) -> 1 | L10: =IF(I10=0,"—",I10) -> 1 | M10: =IF(I10=0,"—",I10) -> 1 | N10: =IF(I10=0,"—",I10) -> 1 | O10: =IF(I10=0,"—",I10) -> 1 | P10: =IF(I10=0,"—",I10) -> 1 | Q10: =IF(I10=0,"—",I10) -> 1 | R10: =IF(I10=0,"—",I10) -> 1 | S10: =IF(I10=0,"—",I10) -> 1 | T10: =IF(I10=0,"—",I10) -> 1 | U10: =IF(I10=0,"—",I10) -> 1 | V10: =IF(I10=0,"—",I10) -> 1 | W10: =IF(I10=0,"—",I10) -> 1 | X10: =IF(I10=0,"—",I10) -> 1 | Y10: =IF(I10=0,"—",I10) -> 1
A11: CO3 | B11: Neural Networks, Deep Learning | C11: 8 | D11: 1 | E11: 4 | F11: 2 | G11: =C11+D11+E11*2+F11 -> 19 | H11: =IFERROR(G11/H$5*100,0) -> 14.074074 | I11: =IFERROR(IF(H11>25,3,IF(H11>15,2,IF(H11>5,1,0))),0) -> 1 | J11: =IF(I11=0,"—",IF(I11=1,"1",IF(I11=2,"2","3"))) -> 1 | K11: =IF(I11=0,"—",I11) -> 1 | L11: =IF(I11=0,"—",I11) -> 1 | M11: =IF(I11=0,"—",I11) -> 1 | N11: =IF(I11=0,"—",I11) -> 1 | O11: =IF(I11=0,"—",I11) -> 1 | P11: =IF(I11=0,"—",I11) -> 1 | Q11: =IF(I11=0,"—",I11) -> 1 | R11: =IF(I11=0,"—",I11) -> 1 | S11: =IF(I11=0,"—",I11) -> 1 | T11: =IF(I11=0,"—",I11) -> 1 | U11: =IF(I11=0,"—",I11) -> 1 | V11: =IF(I11=0,"—",I11) -> 1 | W11: =IF(I11=0,"—",I11) -> 1 | X11: =IF(I11=0,"—",I11) -> 1 | Y11: =IF(I11=0,"—",I11) -> 1
A12: CO4 | B12: Unsupervised Learning, Clustering | C12: 7 | D12: 1 | E12: 2 | F12: 2 | G12: =C12+D12+E12*2+F12 -> 14 | H12: =IFERROR(G12/H$5*100,0) -> 10.37037 | I12: =IFERROR(IF(H12>25,3,IF(H12>15,2,IF(H12>5,1,0))),0) -> 1 | J12: =IF(I12=0,"—",IF(I12=1,"1",IF(I12=2,"2","3"))) -> 1 | K12: =IF(I12=0,"—",I12) -> 1 | L12: =IF(I12=0,"—",I12) -> 1 | M12: =IF(I12=0,"—",I12) -> 1 | N12: =IF(I12=0,"—",I12) -> 1 | O12: =IF(I12=0,"—",I12) -> 1 | P12: =IF(I12=0,"—",I12) -> 1 | Q12: =IF(I12=0,"—",I12) -> 1 | R12: =IF(I12=0,"—",I12) -> 1 | S12: =IF(I12=0,"—",I12) -> 1 | T12: =IF(I12=0,"—",I12) -> 1 | U12: =IF(I12=0,"—",I12) -> 1 | V12: =IF(I12=0,"—",I12) -> 1 | W12: =IF(I12=0,"—",I12) -> 1 | X12: =IF(I12=0,"—",I12) -> 1 | Y12: =IF(I12=0,"—",I12) -> 1
A13: CO5 | B13: Model Evaluation & Optimization | C13: 7 | D13: 1 | E13: 2 | F13: 2 | G13: =C13+D13+E13*2+F13 -> 14 | H13: =IFERROR(G13/H$5*100,0) -> 10.37037 | I13: =IFERROR(IF(H13>25,3,IF(H13>15,2,IF(H13>5,1,0))),0) -> 1 | J13: =IF(I13=0,"—",IF(I13=1,"1",IF(I13=2,"2","3"))) -> 1 | K13: =IF(I13=0,"—",I13) -> 1 | L13: =IF(I13=0,"—",I13) -> 1 | M13: =IF(I13=0,"—",I13) -> 1 | N13: =IF(I13=0,"—",I13) -> 1 | O13: =IF(I13=0,"—",I13) -> 1 | P13: =IF(I13=0,"—",I13) -> 1 | Q13: =IF(I13=0,"—",I13) -> 1 | R13: =IF(I13=0,"—",I13) -> 1 | S13: =IF(I13=0,"—",I13) -> 1 | T13: =IF(I13=0,"—",I13) -> 1 | U13: =IF(I13=0,"—",I13) -> 1 | V13: =IF(I13=0,"—",I13) -> 1 | W13: =IF(I13=0,"—",I13) -> 1 | X13: =IF(I13=0,"—",I13) -> 1 | Y13: =IF(I13=0,"—",I13) -> 1
A14: CO6 | B14: Applied ML Projects | C14: 2 | D14: 1 | E14: 4 | F14: 6 | G14: =C14+D14+E14*2+F14 -> 17 | H14: =IFERROR(G14/H$5*100,0) -> 12.592593 | I14: =IFERROR(IF(H14>25,3,IF(H14>15,2,IF(H14>5,1,0))),0) -> 1 | J14: =IF(I14=0,"—",IF(I14=1,"1",IF(I14=2,"2","3"))) -> 1 | K14: =IF(I14=0,"—",I14) -> 1 | L14: =IF(I14=0,"—",I14) -> 1 | M14: =IF(I14=0,"—",I14) -> 1 | N14: =IF(I14=0,"—",I14) -> 1 | O14: =IF(I14=0,"—",I14) -> 1 | P14: =IF(I14=0,"—",I14) -> 1 | Q14: =IF(I14=0,"—",I14) -> 1 | R14: =IF(I14=0,"—",I14) -> 1 | S14: =IF(I14=0,"—",I14) -> 1 | T14: =IF(I14=0,"—",I14) -> 1 | U14: =IF(I14=0,"—",I14) -> 1 | V14: =IF(I14=0,"—",I14) -> 1 | W14: =IF(I14=0,"—",I14) -> 1 | X14: =IF(I14=0,"—",I14) -> 1 | Y14: =IF(I14=0,"—",I14) -> 1
A16: COURSE TOTALS | C16: =SUM(C9:C14) -> 40 | D16: =SUM(D9:D14) -> 6 | E16: =SUM(E9:E14) -> 18 | F16: =SUM(F9:F14) -> 16 | G16: =SUM(G9:G14) -> 98 | H16: =SUM(H9:H14) -> 72.592593
A18: Verification: Total CO hrs vs Course total hrs | G18: =G16 -> 98 | H18: =H5 -> 135 | I18: =IF(ABS(G18-H18)<0.5,"OK","Check Hours") -> Check Hours | J18: Sum of CO hours should equal Total Course Hours. Adjust CO L/T/P/S if not matching.
A20: NOTE: The PO mapping columns (K–Z) show the same level for all POs by default (based on CO%). Faculty should override specific PO columns to 0 (or —) where the CO has no logical connection to that PO. The CO-PO Mapping summary sheet reads from this sheet automatically.
