Workbook

Sheet Rubric Framework
A1: MINI-PROJECT RUBRIC — COMPLETE EVALUATION FRAMEWORK
A2: Department of Computer Science & Engineering | Academic Year 2024-25 | Reference: Rubrics Guidelines Document — Section 4: Mini-Project Rubrics
A4: INTRODUCTION (From Document Section 4)
A5: ✦ Mini projects are smaller academic projects designed to encourage → Independent learning, Practical application, Team collaboration, Problem-solving skills
A6: ✦ Skills Assessed → Application skills, Innovation, Team coordination, Practical implementation
A7: ✦ CO-PO Alignment → Each criterion is mapped to specific COs and POs for NBA OBE compliance
A9: SCORING SCALE | C9: 4 — Excellent | D9: 3 — Good | E9: 2 — Fair | F9: 1 — Poor | G9: Weighted Mark = Score / 4 × Criterion Max Marks | Total = Σ Weighted Marks | Max = 100 | Document marks: Planning 5 + Technical 10 + Creativity 5 + Teamwork 5 + Implementation 10 + Presentation 5 = 40M → scaled to 100M
A11: # | B11: Criterion | C11: Doc Mks | D11: Wt% | E11: Max /100 | F11: Bloom's | G11: Excellent (4) | H11: Good (3) | I11: Fair (2) | J11: Poor (1) | K11: Skill Category | L11: CO | M11: PO Link
A12: 1 | B12: Project Planning | C12: 5 | D12: 0.15 | E12: 15 | F12: L2 – Understand / L3 – Apply | G12: Complete and detailed project plan with clear goals, milestones, timeline and resource allocation; all objectives precisely defined | H12: Good project plan with most milestones defined; minor gaps in scheduling or resource identification | I12: Partial planning; objectives vague; some milestones missing; limited scheduling detail | J12: No meaningful project plan; objectives absent or irrelevant; no task scheduling | K12: Planning & Organisation | L12: CO4 | M12: PO11 (Project Management), PO1 (Engineering Knowledge)
A13: 2 | B13: Technical Knowledge | C13: 10 | D13: 0.2 | E13: 20 | F13: L3 – Apply / L4 – Analyse | G13: Deep technical understanding of concepts; accurately applies theory; demonstrates strong domain knowledge throughout | H13: Good technical knowledge; applies theory correctly with minor gaps in advanced concepts | I13: Partial technical understanding; applies theory with noticeable gaps; some incorrect applications | J13: Weak technical knowledge; incorrect application of concepts; major domain knowledge gaps | K13: Technical / Cognitive | L13: CO1 | M13: PO1 (Engineering Knowledge), PO2 (Problem Analysis)
A14: 3 | B14: Creativity & Innovation | C14: 5 | D14: 0.15 | E14: 15 | F14: L5 – Evaluate / L6 – Create | G14: Highly innovative solution; unique problem-solving approach; significant original contribution or novel implementation | H14: Good creative effort; some innovative elements; mostly follows known approaches with personal adaptation | I14: Moderate creativity; standard approach with limited innovation; solution is conventional | J14: No creativity; solution is copied or completely standard with no original thought | K14: Creativity & Innovation | L14: CO3 | M14: PO3 (Design/Development), PO12 (Lifelong Learning)
A15: 4 | B15: Teamwork & Collaboration | C15: 5 | D15: 0.1 | E15: 10 | F15: L3 – Apply | G15: Excellent team coordination; equal contribution; clearly defined roles; effective communication within team | H15: Good teamwork; mostly equal contributions; minor coordination issues | I15: Partial teamwork; some members contribute significantly less; coordination needs improvement | J15: Poor teamwork; one member dominates; unequal contributions; dysfunctional team dynamics | K15: Teamwork & Leadership | L15: CO5 | M15: PO9 (Individual & Team Work)
A16: 5 | B16: Working Model / Implementation | C16: 10 | D16: 0.25 | E16: 25 | F16: L3 – Apply / L4 – Analyse | G16: Fully functional and reliable working model; correctly implements all project objectives; excellent system performance | H16: Functional model with minor issues; most objectives implemented; minor performance gaps | I16: Partially functional; several features missing or broken; significant implementation gaps | J16: Non-functional model; implementation largely incorrect or incomplete | K16: Technical / Practical Implementation | L16: CO2 | M16: PO3 (Design), PO4 (Investigation), PO5 (Modern Tool Usage)
A17: 6 | B17: Documentation & Presentation | C17: 5 | D17: 0.15 | E17: 15 | F17: L4 – Analyse / L5 – Evaluate | G17: Excellent report: well-structured, comprehensive, plagiarism-free; confident presentation with outstanding Q&A handling | H17: Good report and presentation; minor structural or communication issues | I17: Adequate documentation; some incomplete sections; moderate presentation clarity | J17: Poor or missing documentation; disorganised presentation; unable to answer questions | K17: Communication & Documentation | L17: CO6 | M17: PO10 (Communication), PO4 (Investigation)
A18: TOTAL | C18: 40 | D18: 100% | E18: 100
A20: MINI-PROJECT COURSE OUTCOMES (COs) — CO–PO MAPPING
A21: CO | B21: Description | C21: Bloom's | D21: Mapped POs | E21: Assessed By | F21: Assessed By
A22: CO1 | B22: Demonstrate technical knowledge and apply engineering concepts to mini-project problems | C22: L3 | D22: PO1, PO2 | E22: Technical Knowledge
A23: CO2 | B23: Implement and validate a functional solution using appropriate tools and techniques | C23: L3-L4 | D23: PO3, PO4, PO5 | E23: Working Model / Implementation
A24: CO3 | B24: Design an innovative and creative solution with originality and design thinking | C24: L5-L6 | D24: PO3, PO12 | E24: Creativity & Innovation
A25: CO4 | B25: Plan, schedule and manage project activities with clear objectives and milestones | C25: L2-L3 | D25: PO1, PO11 | E25: Project Planning
A26: CO5 | B26: Collaborate effectively as a team member with defined roles and equal contribution | C26: L3 | D26: PO9 | E26: Teamwork & Collaboration
A27: CO6 | B27: Prepare quality documentation and communicate project findings professionally | C27: L4-L5 | D27: PO10, PO4 | E27: Documentation & Presentation

Sheet Team Register
A1: MINI-PROJECT — TEAM REGISTER & GUIDE ALLOCATION
A2: B.Tech CSE | Academic Year 2024-25 | 20 Teams | 3–4 Members per Team | Total = 100 Marks
A4: # | B4: Team ID | C4: Project Title | D4: Domain | E4: Guide | F4: Members (IDs & Names)
A5: 1 | B5: T01 | C5: Smart Attendance System using Face Recognition | D5: AI/CV | E5: Dr. A. Kumar | F5: S001: Aarav Sharma | S002: Priya Patel | S003: Rohan Mehta
A6: 2 | B6: T02 | C6: IoT-Based Smart Plant Watering System | D6: IoT | E6: Ms. R. Patel | F6: S004: Sneha Reddy | S005: Vikram Singh | S006: Anjali Nair | S007: Kiran Kumar
A7: 3 | B7: T03 | C7: Library Book Management System Using QR Codes | D7: Web/Mobile | E7: Mr. S. Rao | F7: S008: Divya Rao | S009: Arjun Gupta | S010: Pooja Iyer
A8: 4 | B8: T04 | C8: Automated Exam Timetable Generator | D8: Algorithms | E8: Dr. A. Kumar | F8: S011: Rahul Verma | S012: Meera Joshi | S013: Suresh Pillai | S014: Kavya Menon
A9: 5 | B9: T05 | C9: Student Grievance Portal with Chatbot | D9: NLP/Web | E9: Ms. R. Patel | F9: S015: Aditya Bhat | S016: Lakshmi Das | S017: Nikhil Tiwari
A10: 6 | B10: T06 | C10: Smart Traffic Light Control Simulation | D10: Simulation | E10: Mr. S. Rao | F10: S018: Riya Shah | S019: Manish Yadav | S020: Deepa Nambiar | S021: Siddharth Roy
A11: 7 | B11: T07 | C11: Expense Tracker App with Data Analytics | D11: Mobile/Analytics | E11: Dr. A. Kumar | F11: S022: Revathi Kumar | S023: Aakash Jain | S024: Bhavana Singh
A12: 8 | B12: T08 | C12: Online Voting System with OTP Verification | D12: Web Security | E12: Dr. L. Mehta | F12: S025: Chetan Rao | S026: Divya Nair | S027: Eshan Mehta | S028: Farah Khan
A13: 9 | B13: T09 | C13: Voice-Controlled Home Appliance Automation | D13: IoT/NLP | E13: Ms. R. Patel | F13: S029: Ganesh Iyer | S030: Hema Pillai | S031: Ishaan Dubey
A14: 10 | B14: T10 | C14: Plagiarism Detector for Student Assignments | D14: NLP/Text | E14: Mr. S. Rao | F14: S032: Jaya Menon | S033: Karthik Rao | S034: Lalitha S | S035: Manoj Kumar
A15: 11 | B15: T11 | C15: AR Navigation App for Campus | D15: AR/Mobile | E15: Dr. A. Kumar | F15: S036: Nandini G | S037: Om Prakash | S038: Preeti Shah
A16: 12 | B16: T12 | C16: Real-Time Stock Market Dashboard | D16: Finance/Data | E16: Dr. L. Mehta | F16: S039: Qasim Ali | S040: Ranjani P | S041: Sagar Rao | S042: Thilaga M
... A24: 20 | B24: T20 | C24: Gamified Learning Platform for School Students | D24: EdTech/Gamification | E24: Dr. L. Mehta | F24: S067: Tara B | S068: Uma K | S069: Velan M | S070: Wini C

Sheet Score Entry
A1: MINI-PROJECT RUBRIC — FACULTY SCORE ENTRY SHEET
A2: Enter Score (4=Excellent / 3=Good / 2=Fair / 1=Poor) in YELLOW cells per criterion per team | Weighted Marks, Total, Grade, CO Attainment %, Level and Feedback auto-calculate
A4: Course: | B4: Mini-Project | C4: Semester:
A5: Department: | B5: CSE | C5: Academic Year: | D5: 2024-25
A7: Score Guide → | D7: 4 = Excellent | E7: 3 = Good | F7: 2 = Fair | G7: 1 = Poor | H7: Weighted Mark = Score / 4 × Max Marks | Total = Σ Weighted (Max 100) | Grade: O≥90 A+≥75 A≥60 B+≥50 B≥40 F<40
A9: Project Team Information | D9: C1: Project Planning (15% Max:15M CO4) | F9: C2: Technical Knowledge (20% Max:20M CO1) | H9: C3: Creativity & Innovation (15% Max:15M CO3) | J9: C4: Teamwork & Collaboration (10% Max:10M CO5) | L9: C5: Working Model / Implementation (25% Max:25M CO2) | N9: C6: Documentation & Presentation (15% Max:15M CO6) | P9: Total (/100M) | Q9: Grade | R9: CO Att% | S9: Level (L0-L3) | T9: Result | U9: Auto Feedback
D10: Score (1–4) | E10: Wtd Mks | F10: Score (1–4) | G10: Wtd Mks | H10: Score (1–4) | I10: Wtd Mks | J10: Score (1–4) | K10: Wtd Mks | L10: Score (1–4) | M10: Wtd Mks | N10: Score (1–4) | O10: Wtd Mks
D11: /5M | E11: Max:15 | F11: /10M | G11: Max:20 | H11: /5M | I11: Max:15 | J11: /5M | K11: Max:10 | L11: /10M | M11: Max:25 | N11: /5M | O11: Max:15
A12: 1 | B12: T01 | C12: Smart Attendance System using Face Recognition | D12: 1 | E12: =IFERROR(D12/4*15,0) -> 3.75 | F12: 4 | G12: =IFERROR(F12/4*20,0) -> 20 | H12: 2 | I12: =IFERROR(H12/4*15,0) -> 7.5 | J12: 1 | K12: =IFERROR(J12/4*10,0) -> 2.5 | L12: 3 | M12: =IFERROR(L12/4*25,0) -> 18.75 | N12: 4 | O12: =IFERROR(N12/4*15,0) -> 15 | P12: =SUM(E12,G12,I12,K12,M12,O12) -> 67.5 | Q12: =IF(P12>=90,"O",IF(P12>=75,"A+",IF(P12>=60,"A",IF(P12>=50,"B+",IF(P12>=40,"B","F"))))) -> A | R12: =P12/100 -> 0.675 | S12: =IF(P12>=75,"L3-High",IF(P12>=60,"L2-Medium",IF(P12>=40,"L1-Low","L0-Below"))) -> L2-Medium | T12: =IF(P12>=40,"Pass","Fail") -> Pass | U12: =IF(P12>=90,"Outstanding mini-project — innovative, fully functional, exceptional documentation and presentation",IF(P12>=75,"Excellent project — strong technical quality, good teamwork; minor refinements needed",IF(P12>=60,"Good project — meets objectives; improve implementation depth and documentation quality",IF(P12>=40,"Satisfactory — basic objectives met; significant improvement needed in innovation, technical depth and presentation","Needs major improvement — revisit project planning, technical execution and documentation")))) -> Good project — meets objectives; improve implementation depth and documentation quality
A13: 2 | B13: T02 | C13: IoT-Based Smart Plant Watering System | D13: 2 | E13: =IFERROR(D13/4*15,0) -> 7.5 | F13: 1 | G13: =IFERROR(F13/4*20,0) -> 5 | H13: 4 | I13: =IFERROR(H13/4*15,0) -> 15 | J13: 4 | K13: =IFERROR(J13/4*10,0) -> 10 | L13: 1 | M13: =IFERROR(L13/4*25,0) -> 6.25 | N13: 1 | O13: =IFERROR(N13/4*15,0) -> 3.75 | P13: =SUM(E13,G13,I13,K13,M13,O13) -> 47.5 | Q13: =IF(P13>=90,"O",IF(P13>=75,"A+",IF(P13>=60,"A",IF(P13>=50,"B+",IF(P13>=40,"B","F"))))) -> B | R13: =P13/100 -> 0.475 | S13: =IF(P13>=75,"L3-High",IF(P13>=60,"L2-Medium",IF(P13>=40,"L1-Low","L0-Below"))) -> L1-Low | T13: =IF(P13>=40,"Pass","Fail") -> Pass | U13: =IF(P13>=90,"Outstanding mini-project — innovative, fully functional, exceptional documentation and presentation",IF(P13>=75,"Excellent project — strong technical quality, good teamwork; minor refinements needed",IF(P13>=60,"Good project — meets objectives; improve implementation depth and documentation quality",IF(P13>=40,"Satisfactory — basic objectives met; significant improvement needed in innovation, technical depth and presentation","Needs major improvement — revisit project planning, technical execution and documentation")))) -> Satisfactory — basic objectives met; significant improvement needed in innovation, technical depth and presentation
A14: 3 | B14: T03 | C14: Library Book Management System Using QR Codes | D14: 1 | E14: =IFERROR(D14/4*15,0) -> 3.75 | F14: 2 | G14: =IFERROR(F14/4*20,0) -> 10 | H14: 4 | I14: =IFERROR(H14/4*15,0) -> 15 | J14: 1 | K14: =IFERROR(J14/4*10,0) -> 2.5 | L14: 4 | M14: =IFERROR(L14/4*25,0) -> 25 | N14: 1 | O14: =IFERROR(N14/4*15,0) -> 3.75 | P14: =SUM(E14,G14,I14,K14,M14,O14) -> 60 | Q14: =IF(P14>=90,"O",IF(P14>=75,"A+",IF(P14>=60,"A",IF(P14>=50,"B+",IF(P14>=40,"B","F"))))) -> A | R14: =P14/100 -> 0.6 | S14: =IF(P14>=75,"L3-High",IF(P14>=60,"L2-Medium",IF(P14>=40,"L1-Low","L0-Below"))) -> L2-Medium | T14: =IF(P14>=40,"Pass","Fail") -> Pass | U14: =IF(P14>=90,"Outstanding mini-project — innovative, fully functional, exceptional documentation and presentation",IF(P14>=75,"Excellent project — strong technical quality, good teamwork; minor refinements needed",IF(P14>=60,"Good project — meets objectives; improve implementation depth and documentation quality",IF(P14>=40,"Satisfactory — basic objectives met; significant improvement needed in innovation, technical depth and presentation","Needs major improvement — revisit project planning, technical execution and documentation")))) -> Good project — meets objectives; improve implementation depth and documentation quality
A15: 4 | B15: T04 | C15: Automated Exam Timetable Generator | D15: 1 | E15: =IFERROR(D15/4*15,0) -> 3.75 | F15: 1 | G15: =IFERROR(F15/4*20,0) -> 5 | H15: 2 | I15: =IFERROR(H15/4*15,0) -> 7.5 | J15: 2 | K15: =IFERROR(J15/4*10,0) -> 5 | L15: 1 | M15: =IFERROR(L15/4*25,0) -> 6.25 | N15: 2 | O15: =IFERROR(N15/4*15,0) -> 7.5 | P15: =SUM(E15,G15,I15,K15,M15,O15) -> 35 | Q15: =IF(P15>=90,"O",IF(P15>=75,"A+",IF(P15>=60,"A",IF(P15>=50,"B+",IF(P15>=40,"B","F"))))) -> F | R15: =P15/100 -> 0.35 | S15: =IF(P15>=75,"L3-High",IF(P15>=60,"L2-Medium",IF(P15>=40,"L1-Low","L0-Below"))) -> L0-Below | T15: =IF(P15>=40,"Pass","Fail") -> Fail | U15: =IF(P15>=90,"Outstanding mini-project — innovative, fully functional, exceptional documentation and presentation",IF(P15>=75,"Excellent project — strong technical quality, good teamwork; minor refinements needed",IF(P15>=60,"Good project — meets objectives; improve implementation depth and documentation quality",IF(P15>=40,"Satisfactory — basic objectives met; significant improvement needed in innovation, technical depth and presentation","Needs major improvement — revisit project planning, technical execution and documentation")))) -> Needs major improvement — revisit project planning, technical execution and documentation
A16: 5 | B16: T05 | C16: Student Grievance Portal with Chatbot | D16: 4 | E16: =IFERROR(D16/4*15,0) -> 15 | F16: 4 | G16: =IFERROR(F16/4*20,0) -> 20 | H16: 3 | I16: =IFERROR(H16/4*15,0) -> 11.25 | J16: 1 | K16: =IFERROR(J16/4*10,0) -> 2.5 | L16: 1 | M16: =IFERROR(L16/4*25,0) -> 6.25 | N16: 2 | O16: =IFERROR(N16/4*15,0) -> 7.5 | P16: =SUM(E16,G16,I16,K16,M16,O16) -> 62.5 | Q16: =IF(P16>=90,"O",IF(P16>=75,"A+",IF(P16>=60,"A",IF(P16>=50,"B+",IF(P16>=40,"B","F"))))) -> A | R16: =P16/100 -> 0.625 | S16: =IF(P16>=75,"L3-High",IF(P16>=60,"L2-Medium",IF(P16>=40,"L1-Low","L0-Below"))) -> L2-Medium | T16: =IF(P16>=40,"Pass","Fail") -> Pass | U16: =IF(P16>=90,"Outstanding mini-project — innovative, fully functional, exceptional documentation and presentation",IF(P16>=75,"Excellent project — strong technical quality, good teamwork; minor refinements needed",IF(P16>=60,"Good project — meets objectives; improve implementation depth and documentation quality",IF(P16>=40,"Satisfactory — basic objectives met; significant improvement needed in innovation, technical depth and presentation","Needs major improvement — revisit project planning, technical execution and documentation")))) -> Good project — meets objectives; improve implementation depth and documentation quality
A17: 6 | B17: T06 | C17: Smart Traffic Light Control Simulation | D17: 2 | E17: =IFERROR(D17/4*15,0) -> 7.5 | F17: 1 | G17: =IFERROR(F17/4*20,0) -> 5 | H17: 2 | I17: =IFERROR(H17/4*15,0) -> 7.5 | J17: 1 | K17: =IFERROR(J17/4*10,0) -> 2.5 | L17: 1 | M17: =IFERROR(L17/4*25,0) -> 6.25 | N17: 2 | O17: =IFERROR(N17/4*15,0) -> 7.5 | P17: =SUM(E17,G17,I17,K17,M17,O17) -> 36.25 | Q17: =IF(P17>=90,"O",IF(P17>=75,"A+",IF(P17>=60,"A",IF(P17>=50,"B+",IF(P17>=40,"B","F"))))) -> F | R17: =P17/100 -> 0.3625 | S17: =IF(P17>=75,"L3-High",IF(P17>=60,"L2-Medium",IF(P17>=40,"L1-Low","L0-Below"))) -> L0-Below | T17: =IF(P17>=40,"Pass","Fail") -> Fail | U17: =IF(P17>=90,"Outstanding mini-project — innovative, fully functional, exceptional documentation and presentation",IF(P17>=75,"Excellent project — strong technical quality, good teamwork; minor refinements needed",IF(P17>=60,"Good project — meets objectives; improve implementation depth and documentation quality",IF(P17>=40,"Satisfactory — basic objectives met; significant improvement needed in innovation, technical depth and presentation","Needs major improvement — revisit project planning, technical execution and documentation")))) -> Needs major improvement — revisit project planning, technical execution and documentation
A18: 7 | B18: T07 | C18: Expense Tracker App with Data Analytics | D18: 3 | E18: =IFERROR(D18/4*15,0) -> 11.25 | F18: 1 | G18: =IFERROR(F18/4*20,0) -> 5 | H18: 4 | I18: =IFERROR(H18/4*15,0) -> 15 | J18: 3 | K18: =IFERROR(J18/4*10,0) -> 7.5 | L18: 4 | M18: =IFERROR(L18/4*25,0) -> 25 | N18: 2 | O18: =IFERROR(N18/4*15,0) -> 7.5 | P18: =SUM(E18,G18,I18,K18,M18,O18) -> 71.25 | Q18: =IF(P18>=90,"O",IF(P18>=75,"A+",IF(P18>=60,"A",IF(P18>=50,"B+",IF(P18>=40,"B","F"))))) -> A | R18: =P18/100 -> 0.7125 | S18: =IF(P18>=75,"L3-High",IF(P18>=60,"L2-Medium",IF(P18>=40,"L1-Low","L0-Below"))) -> L2-Medium | T18: =IF(P18>=40,"Pass","Fail") -> Pass | U18: =IF(P18>=90,"Outstanding mini-project — innovative, fully functional, exceptional documentation and presentation",IF(P18>=75,"Excellent project — strong technical quality, good teamwork; minor refinements needed",IF(P18>=60,"Good project — meets objectives; improve implementation depth and documentation quality",IF(P18>=40,"Satisfactory — basic objectives met; significant improvement needed in innovation, technical depth and presentation","Needs major improvement — revisit project planning, technical execution and documentation")))) -> Good project — meets objectives; improve implementation depth and documentation quality
A19: 8 | B19: T08 | C19: Online Voting System with OTP Verification | D19: 3 | E19: =IFERROR(D19/4*15,0) -> 11.25 | F19: 4 | G19: =IFERROR(F19/4*20,0) -> 20 | H19: 4 | I19: =IFERROR(H19/4*15,0) -> 15 | J19: 4 | K19: =IFERROR(J19/4*10,0) -> 10 | L19: 1 | M19: =IFERROR(L19/4*25,0) -> 6.25 | N19: 4 | O19: =IFERROR(N19/4*15,0) -> 15 | P19: =SUM(E19,G19,I19,K19,M19,O19) -> 77.5 | Q19: =IF(P19>=90,"O",IF(P19>=75,"A+",IF(P19>=60,"A",IF(P19>=50,"B+",IF(P19>=40,"B","F"))))) -> A+ | R19: =P19/100 -> 0.775 | S19: =IF(P19>=75,"L3-High",IF(P19>=60,"L2-Medium",IF(P19>=40,"L1-Low","L0-Below"))) -> L3-High | T19: =IF(P19>=40,"Pass","Fail") -> Pass | U19: =IF(P19>=90,"Outstanding mini-project — innovative, fully functional, exceptional documentation and presentation",IF(P19>=75,"Excellent project — strong technical quality, good teamwork; minor refinements needed",IF(P19>=60,"Good project — meets objectives; improve implementation depth and documentation quality",IF(P19>=40,"Satisfactory — basic objectives met; significant improvement needed in innovation, technical depth and presentation","Needs major improvement — revisit project planning, technical execution and documentation")))) -> Excellent project — strong technical quality, good teamwork; minor refinements needed
A20: 9 | B20: T09 | C20: Voice-Controlled Home Appliance Automation | D20: 1 | E20: =IFERROR(D20/4*15,0) -> 3.75 | F20: 3 | G20: =IFERROR(F20/4*20,0) -> 15 | H20: 2 | I20: =IFERROR(H20/4*15,0) -> 7.5 | J20: 3 | K20: =IFERROR(J20/4*10,0) -> 7.5 | L20: 2 | M20: =IFERROR(L20/4*25,0) -> 12.5 | N20: 3 | O20: =IFERROR(N20/4*15,0) -> 11.25 | P20: =SUM(E20,G20,I20,K20,M20,O20) -> 57.5 | Q20: =IF(P20>=90,"O",IF(P20>=75,"A+",IF(P20>=60,"A",IF(P20>=50,"B+",IF(P20>=40,"B","F"))))) -> B+ | R20: =P20/100 -> 0.575 | S20: =IF(P20>=75,"L3-High",IF(P20>=60,"L2-Medium",IF(P20>=40,"L1-Low","L0-Below"))) -> L1-Low | T20: =IF(P20>=40,"Pass","Fail") -> Pass | U20: =IF(P20>=90,"Outstanding mini-project — innovative, fully functional, exceptional documentation and presentation",IF(P20>=75,"Excellent project — strong technical quality, good teamwork; minor refinements needed",IF(P20>=60,"Good project — meets objectives; improve implementation depth and documentation quality",IF(P20>=40,"Satisfactory — basic objectives met; significant improvement needed in innovation, technical depth and presentation","Needs major improvement — revisit project planning, technical execution and documentation")))) -> Satisfactory — basic objectives met; significant improvement needed in innovation, technical depth and presentation
A21: 10 | B21: T10 | C21: Plagiarism Detector for Student Assignments | D21: 2 | E21: =IFERROR(D21/4*15,0) -> 7.5 | F21: 3 | G21: =IFERROR(F21/4*20,0) -> 15 | H21: 3 | I21: =IFERROR(H21/4*15,0) -> 11.25 | J21: 3 | K21: =IFERROR(J21/4*10,0) -> 7.5 | L21: 3 | M21: =IFERROR(L21/4*25,0) -> 18.75 | N21: 1 | O21: =IFERROR(N21/4*15,0) -> 3.75 | P21: =SUM(E21,G21,I21,K21,M21,O21) -> 63.75 | Q21: =IF(P21>=90,"O",IF(P21>=75,"A+",IF(P21>=60,"A",IF(P21>=50,"B+",IF(P21>=40,"B","F"))))) -> A | R21: =P21/100 -> 0.6375 | S21: =IF(P21>=75,"L3-High",IF(P21>=60,"L2-Medium",IF(P21>=40,"L1-Low","L0-Below"))) -> L2-Medium | T21: =IF(P21>=40,"Pass","Fail") -> Pass | U21: =IF(P21>=90,"Outstanding mini-project — innovative, fully functional, exceptional documentation and presentation",IF(P21>=75,"Excellent project — strong technical quality, good teamwork; minor refinements needed",IF(P21>=60,"Good project — meets objectives; improve implementation depth and documentation quality",IF(P21>=40,"Satisfactory — basic objectives met; significant improvement needed in innovation, technical depth and presentation","Needs major improvement — revisit project planning, technical execution and documentation")))) -> Good project — meets objectives; improve implementation depth and documentation quality
A22: 11 | B22: T11 | C22: AR Navigation App for Campus | D22: 2 | E22: =IFERROR(D22/4*15,0) -> 7.5 | F22: 3 | G22: =IFERROR(F22/4*20,0) -> 15 | H22: 3 | I22: =IFERROR(H22/4*15,0) -> 11.25 | J22: 2 | K22: =IFERROR(J22/4*10,0) -> 5 | L22: 1 | M22: =IFERROR(L22/4*25,0) -> 6.25 | N22: 3 | O22: =IFERROR(N22/4*15,0) -> 11.25 | P22: =SUM(E22,G22,I22,K22,M22,O22) -> 56.25 | Q22: =IF(P22>=90,"O",IF(P22>=75,"A+",IF(P22>=60,"A",IF(P22>=50,"B+",IF(P22>=40,"B","F"))))) -> B+ | R22: =P22/100 -> 0.5625 | S22: =IF(P22>=75,"L3-High",IF(P22>=60,"L2-Medium",IF(P22>=40,"L1-Low","L0-Below"))) -> L1-Low | T22: =IF(P22>=40,"Pass","Fail") -> Pass | U22: =IF(P22>=90,"Outstanding mini-project — innovative, fully functional, exceptional documentation and presentation",IF(P22>=75,"Excellent project — strong technical quality, good teamwork; minor refinements needed",IF(P22>=60,"Good project — meets objectives; improve implementation depth and documentation quality",IF(P22>=40,"Satisfactory — basic objectives met; significant improvement needed in innovation, technical depth and presentation","Needs major improvement — revisit project planning, technical execution and documentation")))) -> Satisfactory — basic objectives met; significant improvement needed in innovation, technical depth and presentation
A23: 12 | B23: T12 | C23: Real-Time Stock Market Dashboard | D23: 2 | E23: =IFERROR(D23/4*15,0) -> 7.5 | F23: 4 | G23: =IFERROR(F23/4*20,0) -> 20 | H23: 3 | I23: =IFERROR(H23/4*15,0) -> 11.25 | J23: 2 | K23: =IFERROR(J23/4*10,0) -> 5 | L23: 3 | M23: =IFERROR(L23/4*25,0) -> 18.75 | N23: 1 | O23: =IFERROR(N23/4*15,0) -> 3.75 | P23: =SUM(E23,G23,I23,K23,M23,O23) -> 66.25 | Q23: =IF(P23>=90,"O",IF(P23>=75,"A+",IF(P23>=60,"A",IF(P23>=50,"B+",IF(P23>=40,"B","F"))))) -> A | R23: =P23/100 -> 0.6625 | S23: =IF(P23>=75,"L3-High",IF(P23>=60,"L2-Medium",IF(P23>=40,"L1-Low","L0-Below"))) -> L2-Medium | T23: =IF(P23>=40,"Pass","Fail") -> Pass | U23: =IF(P23>=90,"Outstanding mini-project — innovative, fully functional, exceptional documentation and presentation",IF(P23>=75,"Excellent project — strong technical quality, good teamwork; minor refinements needed",IF(P23>=60,"Good project — meets objectives; improve implementation depth and documentation quality",IF(P23>=40,"Satisfactory — basic objectives met; significant improvement needed in innovation, technical depth and presentation","Needs major improvement — revisit project planning, technical execution and documentation")))) -> Good project — meets objectives; improve implementation depth and documentation quality
... A31: 20 | B31: T20 | C31: Gamified Learning Platform for School Students | D31: 3 | E31: =IFERROR(D31/4*15,0) -> 11.25 | F31: 4 | G31: =IFERROR(F31/4*20,0) -> 20 | H31: 4 | I31: =IFERROR(H31/4*15,0) -> 15 | J31: 4 | K31: =IFERROR(J31/4*10,0) -> 10 | L31: 3 | M31: =IFERROR(L31/4*25,0) -> 18.75 | N31: 3 | O31: =IFERROR(N31/4*15,0) -> 11.25 | P31: =SUM(E31,G31,I31,K31,M31,O31) -> 86.25 | Q31: =IF(P31>=90,"O",IF(P31>=75,"A+",IF(P31>=60,"A",IF(P31>=50,"B+",IF(P31>=40,"B","F"))))) -> A+ | R31: =P31/100 -> 0.8625 | S31: =IF(P31>=75,"L3-High",IF(P31>=60,"L2-Medium",IF(P31>=40,"L1-Low","L0-Below"))) -> L3-High | T31: =IF(P31>=40,"Pass","Fail") -> Pass | U31: =IF(P31>=90,"Outstanding mini-project — innovative, fully functional, exceptional documentation and presentation",IF(P31>=75,"Excellent project — strong technical quality, good teamwork; minor refinements needed",IF(P31>=60,"Good project — meets objectives; improve implementation depth and documentation quality",IF(P31>=40,"Satisfactory — basic objectives met; significant improvement needed in innovation, technical depth and presentation","Needs major improvement — revisit project planning, technical execution and documentation")))) -> Excellent project — strong technical quality, good teamwork; minor refinements needed
A33: DEPT AVERAGE | D33: =AVERAGE(D12:D31) -> 2.45 | E33: =AVERAGE(E12:E31) -> 9.1875 | F33: =AVERAGE(F12:F31) -> 2.75 | G33: =AVERAGE(G12:G31) -> 13.75 | H33: =AVERAGE(H12:H31) -> 2.8 | I33: =AVERAGE(I12:I31) -> 10.5 | J33: =AVERAGE(J12:J31) -> 2.3 | K33: =AVERAGE(K12:K31) -> 5.75 | ... P33: =AVERAGE(P12:P31) -> 60.625
A34: HIGHEST SCORE | P34: =MAX(P12:P31) -> 86.25
A35: LOWEST SCORE | P35: =MIN(P12:P31) -> 35
A36: PASS COUNT | P36: =COUNTIF(P12:P31,">=40") -> 18
A37: FAIL COUNT | P37: =COUNTIF(P12:P31,"<40") -> 2
A38: L3 COUNT (≥75%) | P38: =COUNTIF(P12:P31,">=75") -> 2
A39: CO ATTAINMENT | P39: =AVERAGE(R12:R31) -> 0.60625
A41: GRADE DISTRIBUTION | D41: O(≥90) | E41: =COUNTIF(P12:P31,">=90") -> 0 | F41: A+(≥75) | G41: =COUNTIF(P12:P31,">=75") -> 2 | H41: A(≥60) | I41: =COUNTIF(P12:P31,">=60") -> 12 | J41: B+(≥50) | K41: =COUNTIF(P12:P31,">=50") -> 17 | L41: B(≥40) | M41: =COUNTIF(P12:P31,">=40") -> 18 | N41: F(<40) | O41: =COUNTIF(P12:P31,"<40") -> 2

Sheet Team Dashboard
A1: MINI-PROJECT RUBRIC — TEAM PERFORMANCE DASHBOARD
A2: All values auto-linked from Score Entry. Per-criterion scores, totals, grades, CO attainment and level for every team.
A4: GRADE/LEVEL → | D4: O ≥90 | E4: A+ ≥75 | F4: A ≥60 | G4: B+ ≥50 | H4: B ≥40 | I4: F <40 | J4: L3 ≥75% | K4: L2 ≥60% | L4: L1 ≥40%
A6: # | B6: Team ID | C6: Project Title | D6: C1 | E6: C2 | F6: C3 | G6: C4 | H6: C5 | I6: C6 | J6: Total /100 | K6: Grade | L6: CO Att% | M6: Level | N6: Result
A7: 1 | B7: T01 | C7: Smart Attendance System using Face Recognition | D7: ='Score Entry'!D12 -> 1 | E7: ='Score Entry'!F12 -> 4 | F7: ='Score Entry'!H12 -> 2 | G7: ='Score Entry'!J12 -> 1 | H7: ='Score Entry'!L12 -> 3 | I7: ='Score Entry'!N12 -> 4 | J7: ='Score Entry'!P12 -> 67.5 | K7: ='Score Entry'!Q12 -> A | L7: ='Score Entry'!R12 -> 0.675 | M7: ='Score Entry'!S12 -> L2-Medium | N7: ='Score Entry'!T12 -> Pass
A8: 2 | B8: T02 | C8: IoT-Based Smart Plant Watering System | D8: ='Score Entry'!D13 -> 2 | E8: ='Score Entry'!F13 -> 1 | F8: ='Score Entry'!H13 -> 4 | G8: ='Score Entry'!J13 -> 4 | H8: ='Score Entry'!L13 -> 1 | I8: ='Score Entry'!N13 -> 1 | J8: ='Score Entry'!P13 -> 47.5 | K8: ='Score Entry'!Q13 -> B | L8: ='Score Entry'!R13 -> 0.475 | M8: ='Score Entry'!S13 -> L1-Low | N8: ='Score Entry'!T13 -> Pass
A9: 3 | B9: T03 | C9: Library Book Management System Using QR Codes | D9: ='Score Entry'!D14 -> 1 | E9: ='Score Entry'!F14 -> 2 | F9: ='Score Entry'!H14 -> 4 | G9: ='Score Entry'!J14 -> 1 | H9: ='Score Entry'!L14 -> 4 | I9: ='Score Entry'!N14 -> 1 | J9: ='Score Entry'!P14 -> 60 | K9: ='Score Entry'!Q14 -> A | L9: ='Score Entry'!R14 -> 0.6 | M9: ='Score Entry'!S14 -> L2-Medium | N9: ='Score Entry'!T14 -> Pass
A10: 4 | B10: T04 | C10: Automated Exam Timetable Generator | D10: ='Score Entry'!D15 -> 1 | E10: ='Score Entry'!F15 -> 1 | F10: ='Score Entry'!H15 -> 2 | G10: ='Score Entry'!J15 -> 2 | H10: ='Score Entry'!L15 -> 1 | I10: ='Score Entry'!N15 -> 2 | J10: ='Score Entry'!P15 -> 35 | K10: ='Score Entry'!Q15 -> F | L10: ='Score Entry'!R15 -> 0.35 | M10: ='Score Entry'!S15 -> L0-Below | N10: ='Score Entry'!T15 -> Fail
A11: 5 | B11: T05 | C11: Student Grievance Portal with Chatbot | D11: ='Score Entry'!D16 -> 4 | E11: ='Score Entry'!F16 -> 4 | F11: ='Score Entry'!H16 -> 3 | G11: ='Score Entry'!J16 -> 1 | H11: ='Score Entry'!L16 -> 1 | I11: ='Score Entry'!N16 -> 2 | J11: ='Score Entry'!P16 -> 62.5 | K11: ='Score Entry'!Q16 -> A | L11: ='Score Entry'!R16 -> 0.625 | M11: ='Score Entry'!S16 -> L2-Medium | N11: ='Score Entry'!T16 -> Pass
A12: 6 | B12: T06 | C12: Smart Traffic Light Control Simulation | D12: ='Score Entry'!D17 -> 2 | E12: ='Score Entry'!F17 -> 1 | F12: ='Score Entry'!H17 -> 2 | G12: ='Score Entry'!J17 -> 1 | H12: ='Score Entry'!L17 -> 1 | I12: ='Score Entry'!N17 -> 2 | J12: ='Score Entry'!P17 -> 36.25 | K12: ='Score Entry'!Q17 -> F | L12: ='Score Entry'!R17 -> 0.3625 | M12: ='Score Entry'!S17 -> L0-Below | N12: ='Score Entry'!T17 -> Fail
A13: 7 | B13: T07 | C13: Expense Tracker App with Data Analytics | D13: ='Score Entry'!D18 -> 3 | E13: ='Score Entry'!F18 -> 1 | F13: ='Score Entry'!H18 -> 4 | G13: ='Score Entry'!J18 -> 3 | H13: ='Score Entry'!L18 -> 4 | I13: ='Score Entry'!N18 -> 2 | J13: ='Score Entry'!P18 -> 71.25 | K13: ='Score Entry'!Q18 -> A | L13: ='Score Entry'!R18 -> 0.7125 | M13: ='Score Entry'!S18 -> L2-Medium | N13: ='Score Entry'!T18 -> Pass
A14: 8 | B14: T08 | C14: Online Voting System with OTP Verification | D14: ='Score Entry'!D19 -> 3 | E14: ='Score Entry'!F19 -> 4 | F14: ='Score Entry'!H19 -> 4 | G14: ='Score Entry'!J19 -> 4 | H14: ='Score Entry'!L19 -> 1 | I14: ='Score Entry'!N19 -> 4 | J14: ='Score Entry'!P19 -> 77.5 | K14: ='Score Entry'!Q19 -> A+ | L14: ='Score Entry'!R19 -> 0.775 | M14: ='Score Entry'!S19 -> L3-High | N14: ='Score Entry'!T19 -> Pass
A15: 9 | B15: T09 | C15: Voice-Controlled Home Appliance Automation | D15: ='Score Entry'!D20 -> 1 | E15: ='Score Entry'!F20 -> 3 | F15: ='Score Entry'!H20 -> 2 | G15: ='Score Entry'!J20 -> 3 | H15: ='Score Entry'!L20 -> 2 | I15: ='Score Entry'!N20 -> 3 | J15: ='Score Entry'!P20 -> 57.5 | K15: ='Score Entry'!Q20 -> B+ | L15: ='Score Entry'!R20 -> 0.575 | M15: ='Score Entry'!S20 -> L1-Low | N15: ='Score Entry'!T20 -> Pass
A16: 10 | B16: T10 | C16: Plagiarism Detector for Student Assignments | D16: ='Score Entry'!D21 -> 2 | E16: ='Score Entry'!F21 -> 3 | F16: ='Score Entry'!H21 -> 3 | G16: ='Score Entry'!J21 -> 3 | H16: ='Score Entry'!L21 -> 3 | I16: ='Score Entry'!N21 -> 1 | J16: ='Score Entry'!P21 -> 63.75 | K16: ='Score Entry'!Q21 -> A | L16: ='Score Entry'!R21 -> 0.6375 | M16: ='Score Entry'!S21 -> L2-Medium | N16: ='Score Entry'!T21 -> Pass
A17: 11 | B17: T11 | C17: AR Navigation App for Campus | D17: ='Score Entry'!D22 -> 2 | E17: ='Score Entry'!F22 -> 3 | F17: ='Score Entry'!H22 -> 3 | G17: ='Score Entry'!J22 -> 2 | H17: ='Score Entry'!L22 -> 1 | I17: ='Score Entry'!N22 -> 3 | J17: ='Score Entry'!P22 -> 56.25 | K17: ='Score Entry'!Q22 -> B+ | L17: ='Score Entry'!R22 -> 0.5625 | M17: ='Score Entry'!S22 -> L1-Low | N17: ='Score Entry'!T22 -> Pass
A18: 12 | B18: T12 | C18: Real-Time Stock Market Dashboard | D18: ='Score Entry'!D23 -> 2 | E18: ='Score Entry'!F23 -> 4 | F18: ='Score Entry'!H23 -> 3 | G18: ='Score Entry'!J23 -> 2 | H18: ='Score Entry'!L23 -> 3 | I18: ='Score Entry'!N23 -> 1 | J18: ='Score Entry'!P23 -> 66.25 | K18: ='Score Entry'!Q23 -> A | L18: ='Score Entry'!R23 -> 0.6625 | M18: ='Score Entry'!S23 -> L2-Medium | N18: ='Score Entry'!T23 -> Pass
... A26: 20 | B26: T20 | C26: Gamified Learning Platform for School Students | D26: ='Score Entry'!D31 -> 3 | E26: ='Score Entry'!F31 -> 4 | F26: ='Score Entry'!H31 -> 4 | G26: ='Score Entry'!J31 -> 4 | H26: ='Score Entry'!L31 -> 3 | I26: ='Score Entry'!N31 -> 3 | J26: ='Score Entry'!P31 -> 86.25 | K26: ='Score Entry'!Q31 -> A+ | L26: ='Score Entry'!R31 -> 0.8625 | M26: ='Score Entry'!S31 -> L3-High | N26: ='Score Entry'!T31 -> Pass
A28: DEPT AVERAGE | D28: =AVERAGE(D7:D26) -> 2.45 | E28: =AVERAGE(E7:E26) -> 2.75 | F28: =AVERAGE(F7:F26) -> 2.8 | G28: =AVERAGE(G7:G26) -> 2.3 | H28: =AVERAGE(H7:H26) -> 2.05 | I28: =AVERAGE(I7:I26) -> 2.3 | J28: =AVERAGE(J7:J26) -> 60.625

Sheet Criterion Analysis
A1: MINI-PROJECT RUBRIC — CRITERION-WISE ANALYSIS
A2: Statistical breakdown per criterion. All values auto-linked from Score Entry sheet.
A4: Metric | B4: C1: Project Planning (Doc:5M Max:15M CO4) | C4: C2: Technical Knowledge (Doc:10M Max:20M CO1) | D4: C3: Creativity & Innovation (Doc:5M Max:15M CO3) | E4: C4: Teamwork & Collaboration (Doc:5M Max:10M CO5) | F4: C5: Working Model / Implementation (Doc:10M Max:25M CO2) | G4: C6: Documentation & Presentation (Doc:5M Max:15M CO6) | H4: Overall Dept Avg | I4: Crit Att%
A6: Average Score (1–4) | B6: =IFERROR(AVERAGE('Score Entry'!D12:D31),0) -> 2.45 | C6: =IFERROR(AVERAGE('Score Entry'!F12:F31),0) -> 2.75 | D6: =IFERROR(AVERAGE('Score Entry'!H12:H31),0) -> 2.8 | E6: =IFERROR(AVERAGE('Score Entry'!J12:J31),0) -> 2.3 | F6: =IFERROR(AVERAGE('Score Entry'!L12:L31),0) -> 2.05 | G6: =IFERROR(AVERAGE('Score Entry'!N12:N31),0) -> 2.3 | H6: =IFERROR(AVERAGE(B6,C6,D6,E6,F6,G6),0) -> 2.4416667
A7: Average Weighted Marks | B7: =IFERROR(AVERAGE('Score Entry'!E12:E31),0) -> 9.1875 | C7: =IFERROR(AVERAGE('Score Entry'!G12:G31),0) -> 13.75 | D7: =IFERROR(AVERAGE('Score Entry'!I12:I31),0) -> 10.5 | E7: =IFERROR(AVERAGE('Score Entry'!K12:K31),0) -> 5.75 | F7: =IFERROR(AVERAGE('Score Entry'!M12:M31),0) -> 12.8125 | G7: =IFERROR(AVERAGE('Score Entry'!O12:O31),0) -> 8.625 | H7: =IFERROR(AVERAGE(B7,C7,D7,E7,F7,G7),0) -> 10.104167
A8: Max Score in Class | B8: =MAX('Score Entry'!D12:D31) -> 4 | C8: =MAX('Score Entry'!F12:F31) -> 4 | D8: =MAX('Score Entry'!H12:H31) -> 4 | E8: =MAX('Score Entry'!J12:J31) -> 4 | F8: =MAX('Score Entry'!L12:L31) -> 4 | G8: =MAX('Score Entry'!N12:N31) -> 4 | H8: =IFERROR(AVERAGE(B8,C8,D8,E8,F8,G8),0) -> 4
A9: Min Score in Class | B9: =MIN('Score Entry'!D12:D31) -> 1 | C9: =MIN('Score Entry'!F12:F31) -> 1 | D9: =MIN('Score Entry'!H12:H31) -> 2 | E9: =MIN('Score Entry'!J12:J31) -> 1 | F9: =MIN('Score Entry'!L12:L31) -> 1 | G9: =MIN('Score Entry'!N12:N31) -> 1 | H9: =IFERROR(AVERAGE(B9,C9,D9,E9,F9,G9),0) -> 1.1666667
A10: Excellent (4) Count | B10: =COUNTIF('Score Entry'!D12:D31,4) -> 4 | C10: =COUNTIF('Score Entry'!F12:F31,4) -> 8 | D10: =COUNTIF('Score Entry'!H12:H31,4) -> 5 | E10: =COUNTIF('Score Entry'!J12:J31,4) -> 3 | F10: =COUNTIF('Score Entry'!L12:L31,4) -> 2 | G10: =COUNTIF('Score Entry'!N12:N31,4) -> 3 | H10: =IFERROR(AVERAGE(B10,C10,D10,E10,F10,G10),0) -> 4.1666667
A11: Good (3) Count | B11: =COUNTIF('Score Entry'!D12:D31,3) -> 5 | C11: =COUNTIF('Score Entry'!F12:F31,3) -> 4 | D11: =COUNTIF('Score Entry'!H12:H31,3) -> 6 | E11: =COUNTIF('Score Entry'!J12:J31,3) -> 6 | F11: =COUNTIF('Score Entry'!L12:L31,3) -> 5 | G11: =COUNTIF('Score Entry'!N12:N31,3) -> 5 | H11: =IFERROR(AVERAGE(B11,C11,D11,E11,F11,G11),0) -> 5.1666667
A12: Fair (2) Count | B12: =COUNTIF('Score Entry'!D12:D31,2) -> 7 | C12: =COUNTIF('Score Entry'!F12:F31,2) -> 3 | D12: =COUNTIF('Score Entry'!H12:H31,2) -> 9 | E12: =COUNTIF('Score Entry'!J12:J31,2) -> 5 | F12: =COUNTIF('Score Entry'!L12:L31,2) -> 5 | G12: =COUNTIF('Score Entry'!N12:N31,2) -> 7 | H12: =IFERROR(AVERAGE(B12,C12,D12,E12,F12,G12),0) -> 6
A13: Poor (1) Count | B13: =COUNTIF('Score Entry'!D12:D31,1) -> 4 | C13: =COUNTIF('Score Entry'!F12:F31,1) -> 5 | D13: =COUNTIF('Score Entry'!H12:H31,1) -> 0 | E13: =COUNTIF('Score Entry'!J12:J31,1) -> 6 | F13: =COUNTIF('Score Entry'!L12:L31,1) -> 8 | G13: =COUNTIF('Score Entry'!N12:N31,1) -> 5 | H13: =IFERROR(AVERAGE(B13,C13,D13,E13,F13,G13),0) -> 4.6666667
A14: Criterion Attainment % | B14: =IFERROR(AVERAGE('Score Entry'!D12:D31)/4*100,0) -> 61.25 | C14: =IFERROR(AVERAGE('Score Entry'!F12:F31)/4*100,0) -> 68.75 | D14: =IFERROR(AVERAGE('Score Entry'!H12:H31)/4*100,0) -> 70 | E14: =IFERROR(AVERAGE('Score Entry'!J12:J31)/4*100,0) -> 57.5 | F14: =IFERROR(AVERAGE('Score Entry'!L12:L31)/4*100,0) -> 51.25 | G14: =IFERROR(AVERAGE('Score Entry'!N12:N31)/4*100,0) -> 57.5 | H14: =IFERROR(AVERAGE(B14,C14,D14,E14,F14,G14),0) -> 61.041667 | I14: =IFERROR(AVERAGE(B14,C14,D14,E14,F14,G14),0) -> 61.041667
A16: Attainment Level | B16: =IF(B14>=75,"L3-High",IF(B14>=60,"L2-Medium",IF(B14>=40,"L1-Low","L0-Below"))) -> L2-Medium | C16: =IF(C14>=75,"L3-High",IF(C14>=60,"L2-Medium",IF(C14>=40,"L1-Low","L0-Below"))) -> L2-Medium | D16: =IF(D14>=75,"L3-High",IF(D14>=60,"L2-Medium",IF(D14>=40,"L1-Low","L0-Below"))) -> L2-Medium | E16: =IF(E14>=75,"L3-High",IF(E14>=60,"L2-Medium",IF(E14>=40,"L1-Low","L0-Below"))) -> L1-Low | F16: =IF(F14>=75,"L3-High",IF(F14>=60,"L2-Medium",IF(F14>=40,"L1-Low","L0-Below"))) -> L1-Low | G16: =IF(G14>=75,"L3-High",IF(G14>=60,"L2-Medium",IF(G14>=40,"L1-Low","L0-Below"))) -> L1-Low | H16: =IF(H14>=75,"L3-High",IF(H14>=60,"L2-Medium",IF(H14>=40,"L1-Low","L0-Below"))) -> L2-Medium | I16: =I14 -> 61.041667

Sheet CO Attainment
A1: MINI-PROJECT RUBRIC — CO-WISE ATTAINMENT
A2: CO Att% = Criterion Attainment % (from Criterion Analysis) | Target ≥ 60% | Level: L3≥75% L2≥60% L1≥40% L0<40%
A4: # | B4: CO | C4: Description | D4: Bloom's | E4: Mapped Criteria | F4: Criterion Att% | G4: Target (60%) | H4: Gap | I4: Level | J4: Status
A5: 1 | B5: CO1 | C5: Demonstrate technical knowledge and apply engineering concepts to mini-project problems | D5: L3 | E5: Technical Knowledge | F5: =IFERROR(AVERAGE('Criterion Analysis'!C14),0) -> 68.75 | G5: 60 | H5: =F5-G5 -> 8.75 | I5: =IF(F5>=75,"L3-High",IF(F5>=60,"L2-Medium",IF(F5>=40,"L1-Low","L0-Below"))) -> L2-Medium | J5: =IF(F5>=60,"✔ Met","✘ Not Met") -> ✔ Met
A6: 2 | B6: CO2 | C6: Implement and validate a functional solution using appropriate tools and techniques | D6: L3-L4 | E6: Working Model / Implementation | F6: =IFERROR(AVERAGE('Criterion Analysis'!F14),0) -> 51.25 | G6: 60 | H6: =F6-G6 -> -8.75 | I6: =IF(F6>=75,"L3-High",IF(F6>=60,"L2-Medium",IF(F6>=40,"L1-Low","L0-Below"))) -> L1-Low | J6: =IF(F6>=60,"✔ Met","✘ Not Met") -> ✘ Not Met
A7: 3 | B7: CO3 | C7: Design an innovative and creative solution with originality and design thinking | D7: L5-L6 | E7: Creativity & Innovation | F7: =IFERROR(AVERAGE('Criterion Analysis'!D14),0) -> 70 | G7: 60 | H7: =F7-G7 -> 10 | I7: =IF(F7>=75,"L3-High",IF(F7>=60,"L2-Medium",IF(F7>=40,"L1-Low","L0-Below"))) -> L2-Medium | J7: =IF(F7>=60,"✔ Met","✘ Not Met") -> ✔ Met
A8: 4 | B8: CO4 | C8: Plan, schedule and manage project activities with clear objectives and milestones | D8: L2-L3 | E8: Project Planning | F8: =IFERROR(AVERAGE('Criterion Analysis'!B14),0) -> 61.25 | G8: 60 | H8: =F8-G8 -> 1.25 | I8: =IF(F8>=75,"L3-High",IF(F8>=60,"L2-Medium",IF(F8>=40,"L1-Low","L0-Below"))) -> L2-Medium | J8: =IF(F8>=60,"✔ Met","✘ Not Met") -> ✔ Met
A9: 5 | B9: CO5 | C9: Collaborate effectively as a team member with defined roles and equal contribution | D9: L3 | E9: Teamwork & Collaboration | F9: =IFERROR(AVERAGE('Criterion Analysis'!E14),0) -> 57.5 | G9: 60 | H9: =F9-G9 -> -2.5 | I9: =IF(F9>=75,"L3-High",IF(F9>=60,"L2-Medium",IF(F9>=40,"L1-Low","L0-Below"))) -> L1-Low | J9: =IF(F9>=60,"✔ Met","✘ Not Met") -> ✘ Not Met
A10: 6 | B10: CO6 | C10: Prepare quality documentation and communicate project findings professionally | D10: L4-L5 | E10: Documentation & Presentation | F10: =IFERROR(AVERAGE('Criterion Analysis'!G14),0) -> 57.5 | G10: 60 | H10: =F10-G10 -> -2.5 | I10: =IF(F10>=75,"L3-High",IF(F10>=60,"L2-Medium",IF(F10>=40,"L1-Low","L0-Below"))) -> L1-Low | J10: =IF(F10>=60,"✔ Met","✘ Not Met") -> ✘ Not Met

Sheet PO Attainment
A1: MINI-PROJECT RUBRIC — PROGRAMME OUTCOME (PO) ATTAINMENT
A2: PO Att% = SUMPRODUCT(CO_Att × Strength) / SUM(Strength) | Target ≥ 60% | Level: L3≥75% L2≥60% L1≥40% L0<40%
A4: # | B4: PO | C4: Description | D4: Linked COs (Strength) | E4: PO Att% | F4: Target | G4: Gap | H4: Level | I4: Status
A5: 1 | B5: PO1 | C5: Engineering Knowledge | D5: CO1(S3), CO4(S2) | E5: =IFERROR((('CO Attainment'!F5*3)+('CO Attainment'!F8*2))/5,0) -> 65.75 | F5: 60 | G5: =E5-F5 -> 5.75 | H5: =IF(E5>=75,"L3-High",IF(E5>=60,"L2-Medium",IF(E5>=40,"L1-Low","L0-Below"))) -> L2-Medium | I5: =IF(E5>=60,"✔ Met","✘ Not Met") -> ✔ Met
A6: 2 | B6: PO2 | C6: Problem Analysis | D6: CO1(S2) | E6: =IFERROR((('CO Attainment'!F5*2))/2,0) -> 68.75 | F6: 60 | G6: =E6-F6 -> 8.75 | H6: =IF(E6>=75,"L3-High",IF(E6>=60,"L2-Medium",IF(E6>=40,"L1-Low","L0-Below"))) -> L2-Medium | I6: =IF(E6>=60,"✔ Met","✘ Not Met") -> ✔ Met
A7: 3 | B7: PO3 | C7: Design/Development of Solutions | D7: CO2(S3), CO3(S3) | E7: =IFERROR((('CO Attainment'!F6*3)+('CO Attainment'!F7*3))/6,0) -> 60.625 | F7: 60 | G7: =E7-F7 -> 0.625 | H7: =IF(E7>=75,"L3-High",IF(E7>=60,"L2-Medium",IF(E7>=40,"L1-Low","L0-Below"))) -> L2-Medium | I7: =IF(E7>=60,"✔ Met","✘ Not Met") -> ✔ Met
A8: 4 | B8: PO4 | C8: Conduct Investigations | D8: CO2(S2), CO6(S2) | E8: =IFERROR((('CO Attainment'!F6*2)+('CO Attainment'!F10*2))/4,0) -> 54.375 | F8: 60 | G8: =E8-F8 -> -5.625 | H8: =IF(E8>=75,"L3-High",IF(E8>=60,"L2-Medium",IF(E8>=40,"L1-Low","L0-Below"))) -> L1-Low | I8: =IF(E8>=60,"✔ Met","✘ Not Met") -> ✘ Not Met
A9: 5 | B9: PO5 | C9: Modern Tool Usage | D9: CO2(S2) | E9: =IFERROR((('CO Attainment'!F6*2))/2,0) -> 51.25 | F9: 60 | G9: =E9-F9 -> -8.75 | H9: =IF(E9>=75,"L3-High",IF(E9>=60,"L2-Medium",IF(E9>=40,"L1-Low","L0-Below"))) -> L1-Low | I9: =IF(E9>=60,"✔ Met","✘ Not Met") -> ✘ Not Met
A10: 6 | B10: PO6 | C10: The Engineer and Society | D10: — | E10: — | F10: — | G10: — | H10: — | I10: —
A11: 7 | B11: PO7 | C11: Environment and Sustainability | D11: — | E11: — | F11: — | G11: — | H11: — | I11: —
A12: 8 | B12: PO8 | C12: Ethics | D12: — | E12: — | F12: — | G12: — | H12: — | I12: —
A13: 9 | B13: PO9 | C13: Individual and Team Work | D13: CO5(S3) | E13: =IFERROR((('CO Attainment'!F9*3))/3,0) -> 57.5 | F13: 60 | G13: =E13-F13 -> -2.5 | H13: =IF(E13>=75,"L3-High",IF(E13>=60,"L2-Medium",IF(E13>=40,"L1-Low","L0-Below"))) -> L1-Low | I13: =IF(E13>=60,"✔ Met","✘ Not Met") -> ✘ Not Met
A14: 10 | B14: PO10 | C14: Communication | D14: CO6(S3) | E14: =IFERROR((('CO Attainment'!F10*3))/3,0) -> 57.5 | F14: 60 | G14: =E14-F14 -> -2.5 | H14: =IF(E14>=75,"L3-High",IF(E14>=60,"L2-Medium",IF(E14>=40,"L1-Low","L0-Below"))) -> L1-Low | I14: =IF(E14>=60,"✔ Met","✘ Not Met") -> ✘ Not Met
A15: 11 | B15: PO11 | C15: Project Management and Finance | D15: CO4(S3) | E15: =IFERROR((('CO Attainment'!F8*3))/3,0) -> 61.25 | F15: 60 | G15: =E15-F15 -> 1.25 | H15: =IF(E15>=75,"L3-High",IF(E15>=60,"L2-Medium",IF(E15>=40,"L1-Low","L0-Below"))) -> L2-Medium | I15: =IF(E15>=60,"✔ Met","✘ Not Met") -> ✔ Met
A16: 12 | B16: PO12 | C16: Life-long Learning | D16: CO3(S2) | E16: =IFERROR((('CO Attainment'!F7*2))/2,0) -> 70 | F16: 60 | G16: =E16-F16 -> 10 | H16: =IF(E16>=75,"L3-High",IF(E16>=60,"L2-Medium",IF(E16>=40,"L1-Low","L0-Below"))) -> L2-Medium | I16: =IF(E16>=60,"✔ Met","✘ Not Met") -> ✔ Met

Sheet CO-PO Mapping Matrix
A1: MINI-PROJECT — CO–PO MAPPING MATRIX (Strength: 3=High 2=Medium 1=Low)
A2: PO Attainment = SUMPRODUCT(CO_Att × Strength) / SUM(Strength) | CO → Criterion → PO chain ensures complete OBE alignment
A4: CO | B4: Description | C4: Assessed Criterion | D4: Bloom's | E4: PROGRAMME OUTCOMES (PO1–PO12)
E5: PO1 | F5: PO2 | G5: PO3 | H5: PO4 | I5: PO5 | J5: PO6 | K5: PO7 | L5: PO8 | M5: PO9 | N5: PO10 | O5: PO11 | P5: PO12
A6: CO1 | B6: Demonstrate technical knowledge and apply engineering concepts to mini-project problems | C6: Technical Knowledge | D6: L3 | E6: 3 | F6: 2 | G6: — | H6: — | I6: — | J6: — | K6: — | L6: — | M6: — | N6: — | O6: — | P6: —
A7: CO2 | B7: Implement and validate a functional solution using appropriate tools and techniques | C7: Working Model / Implementation | D7: L3-L4 | E7: — | F7: — | G7: 3 | H7: 2 | I7: 2 | J7: — | K7: — | L7: — | M7: — | N7: — | O7: — | P7: —
A8: CO3 | B8: Design an innovative and creative solution with originality and design thinking | C8: Creativity & Innovation | D8: L5-L6 | E8: — | F8: — | G8: 3 | H8: — | I8: — | J8: — | K8: — | L8: — | M8: — | N8: — | O8: — | P8: 2
A9: CO4 | B9: Plan, schedule and manage project activities with clear objectives and milestones | C9: Project Planning | D9: L2-L3 | E9: 2 | F9: — | G9: — | H9: — | I9: — | J9: — | K9: — | L9: — | M9: — | N9: — | O9: 3 | P9: —
A10: CO5 | B10: Collaborate effectively as a team member with defined roles and equal contribution | C10: Teamwork & Collaboration | D10: L3 | E10: — | F10: — | G10: — | H10: — | I10: — | J10: — | K10: — | L10: — | M10: 3 | N10: — | O10: — | P10: —
A11: CO6 | B11: Prepare quality documentation and communicate project findings professionally | C11: Documentation & Presentation | D11: L4-L5 | E11: — | F11: — | G11: — | H11: 2 | I11: — | J11: — | K11: — | L11: — | M11: — | N11: 3 | O11: — | P11: —
