Workbook

Sheet PO Dashboard
A1: PO DIRECT ATTAINMENT DASHBOARD — B.Tech CSE | Academic Year 2024-25
A2: NBA / NAAC Accreditation Report | Direct Attainment through CIE + SEE | All values auto-calculated from CO Attainment × CO-PO Mapping
A4: Programme Outcome | C4: Description | D4: Programme- Level Att% | E4: Target (60%) | F4: Level (3/2/1) | G4: Gap | H4: Status
A6: PO1 | C6: Engineering Knowledge | D6: ='PO Attainment Summary'!E14 -> 0.64109744 | E6: ='PO Attainment Summary'!E16 -> 0.6 | F6: =IF(D6>=0.6,3,IF(D6>=0.4,2,1)) -> 3 | G6: =D6-E6 -> 0.041097436 | H6: =IF(D6>=E6,"✔ Met","✘ Not Met") -> ✔ Met
A7: PO2 | C7: Problem Analysis | D7: ='PO Attainment Summary'!F14 -> 0.64182224 | E7: ='PO Attainment Summary'!F16 -> 0.6 | F7: =IF(D7>=0.6,3,IF(D7>=0.4,2,1)) -> 3 | G7: =D7-E7 -> 0.041822237 | H7: =IF(D7>=E7,"✔ Met","✘ Not Met") -> ✔ Met
A8: PO3 | C8: Design/Development of Solutions | D8: ='PO Attainment Summary'!G14 -> 0.6399021 | E8: ='PO Attainment Summary'!G16 -> 0.6 | F8: =IF(D8>=0.6,3,IF(D8>=0.4,2,1)) -> 3 | G8: =D8-E8 -> 0.039902098 | H8: =IF(D8>=E8,"✔ Met","✘ Not Met") -> ✔ Met
A9: PO4 | C9: Conduct Investigations of Complex Problems | D9: ='PO Attainment Summary'!H14 -> 0.63935714 | E9: ='PO Attainment Summary'!H16 -> 0.6 | F9: =IF(D9>=0.6,3,IF(D9>=0.4,2,1)) -> 3 | G9: =D9-E9 -> 0.039357143 | H9: =IF(D9>=E9,"✔ Met","✘ Not Met") -> ✔ Met
A10: PO5 | C10: Modern Tool Usage | D10: ='PO Attainment Summary'!I14 -> 0.65309037 | E10: ='PO Attainment Summary'!I16 -> 0.6 | F10: =IF(D10>=0.6,3,IF(D10>=0.4,2,1)) -> 3 | G10: =D10-E10 -> 0.053090368 | H10: =IF(D10>=E10,"✔ Met","✘ Not Met") -> ✔ Met
A11: PO6 | C11: The Engineer and Society | D11: ='PO Attainment Summary'!J14 -> 0.27733333 | E11: ='PO Attainment Summary'!J16 -> 0.6 | F11: =IF(D11>=0.6,3,IF(D11>=0.4,2,1)) -> 1 | G11: =D11-E11 -> -0.32266667 | H11: =IF(D11>=E11,"✔ Met","✘ Not Met") -> ✘ Not Met
A12: PO7 | C12: Environment and Sustainability | D12: ='PO Attainment Summary'!K14 -> 0.13 | E12: ='PO Attainment Summary'!K16 -> 0.6 | F12: =IF(D12>=0.6,3,IF(D12>=0.4,2,1)) -> 1 | G12: =D12-E12 -> -0.47 | H12: =IF(D12>=E12,"✔ Met","✘ Not Met") -> ✘ Not Met
A13: PO8 | C13: Ethics | D13: ='PO Attainment Summary'!L14 -> 0 | E13: ='PO Attainment Summary'!L16 -> 0.6 | F13: =IF(D13>=0.6,3,IF(D13>=0.4,2,1)) -> 1 | G13: =D13-E13 -> -0.6 | H13: =IF(D13>=E13,"✔ Met","✘ Not Met") -> ✘ Not Met
A14: PO9 | C14: Individual and Team Work | D14: ='PO Attainment Summary'!M14 -> 0.63333333 | E14: ='PO Attainment Summary'!M16 -> 0.6 | F14: =IF(D14>=0.6,3,IF(D14>=0.4,2,1)) -> 3 | G14: =D14-E14 -> 0.033333333 | H14: =IF(D14>=E14,"✔ Met","✘ Not Met") -> ✔ Met
A15: PO10 | C15: Communication | D15: ='PO Attainment Summary'!N14 -> 0.64733333 | E15: ='PO Attainment Summary'!N16 -> 0.6 | F15: =IF(D15>=0.6,3,IF(D15>=0.4,2,1)) -> 3 | G15: =D15-E15 -> 0.047333333 | H15: =IF(D15>=E15,"✔ Met","✘ Not Met") -> ✔ Met
A16: PO11 | C16: Project Management and Finance | D16: ='PO Attainment Summary'!O14 -> 0.094 | E16: ='PO Attainment Summary'!O16 -> 0.6 | F16: =IF(D16>=0.6,3,IF(D16>=0.4,2,1)) -> 1 | G16: =D16-E16 -> -0.506 | H16: =IF(D16>=E16,"✔ Met","✘ Not Met") -> ✘ Not Met
A17: PO12 | C17: Life-long Learning | D17: ='PO Attainment Summary'!P14 -> 0.64568254 | E17: ='PO Attainment Summary'!P16 -> 0.6 | F17: =IF(D17>=0.6,3,IF(D17>=0.4,2,1)) -> 3 | G17: =D17-E17 -> 0.04568254 | H17: =IF(D17>=E17,"✔ Met","✘ Not Met") -> ✔ Met
A19: PSO1 | C19: Apply core CS concepts to design software systems | D19: ='PO Attainment Summary'!Q14 -> 0.64153333 | E19: ='PO Attainment Summary'!Q16 -> 0.6 | F19: =IF(D19>=0.6,3,IF(D19>=0.4,2,1)) -> 3 | G19: =D19-E19 -> 0.041533333 | H19: =IF(D19>=E19,"✔ Met","✘ Not Met") -> ✔ Met
A20: PSO2 | C20: Use modern tools to solve real-world engineering problems | D20: ='PO Attainment Summary'!R14 -> 0.64707692 | E20: ='PO Attainment Summary'!R16 -> 0.6 | F20: =IF(D20>=0.6,3,IF(D20>=0.4,2,1)) -> 3 | G20: =D20-E20 -> 0.047076923 | H20: =IF(D20>=E20,"✔ Met","✘ Not Met") -> ✔ Met
A21: PSO3 | C21: Demonstrate professional skills for industry/research | D21: ='PO Attainment Summary'!S14 -> 0.64491825 | E21: ='PO Attainment Summary'!S16 -> 0.6 | F21: =IF(D21>=0.6,3,IF(D21>=0.4,2,1)) -> 3 | G21: =D21-E21 -> 0.044918254 | H21: =IF(D21>=E21,"✔ Met","✘ Not Met") -> ✔ Met
A23: PROGRAMME OVERALL DIRECT ATTAINMENT | D23: =AVERAGE(D6:D17,D19:D21) -> 0.50509869 | E23: 0.6 | F23: =IF(D23>=0.6,3,IF(D23>=0.4,2,1)) -> 2 | G23: =D23-E23 -> -0.094901311 | H23: =IF(D23>=E23,"✔ Met","✘ Not Met") -> ✘ Not Met
A25: 📌 HOW TO USE: (1) Enter CO-PO correlation values (0-3) in 'CO-PO Mapping' sheet yellow cells (2) Enter CO Attainment % in column D of 'CO-PO Mapping' sheet (3) All PO attainments, levels, gaps and status update automatically across all sheets.

Sheet PO Attainment Summary
A1: PROGRAMME OUTCOME (PO) DIRECT ATTAINMENT SUMMARY — B.Tech Computer Science & Engineering
A2: PO Attainment = Credit-Weighted Average of Course-wise PO Attainments | Target ≥ 60% (Level 3) | Academic Year 2024-25
A4: ATTAINMENT LEVEL LEGEND → | D4: Level 3 : ≥ 60% → HIGH | E4: Level 2 : 40–59% → MEDIUM | F4: Level 1 : < 40% → LOW
A6: # | B6: Course Name | C6: Code | D6: Credits | E6: PROGRAMME OUTCOMES (PO1–PO12) | Q6: PSOs
E7: PO1 | F7: PO2 | G7: PO3 | H7: PO4 | I7: PO5 | J7: PO6 | K7: PO7 | L7: PO8 | M7: PO9 | N7: PO10 | O7: PO11 | P7: PO12 | Q7: PSO1 | R7: PSO2 | S7: PSO3
A8: 1 | B8: Data Structures & Algorithms | C8: CS301 | D8: 4 | E8: ='PO Direct Attainment'!D6 -> 0.70923077 | F8: ='PO Direct Attainment'!E6 -> 0.71 | G8: ='PO Direct Attainment'!F6 -> 0.71769231 | H8: ='PO Direct Attainment'!G6 -> 0.726 | I8: ='PO Direct Attainment'!H6 -> 0.75571429 | J8: ='PO Direct Attainment'!I6 -> 0 | K8: ='PO Direct Attainment'!J6 -> 0 | L8: ='PO Direct Attainment'!K6 -> 0 | ... S8: ='PO Direct Attainment'!R6 -> 0.73428571
A9: 2 | B9: Database Management Systems | C9: CS302 | D9: 4 | E9: ='PO Direct Attainment'!D7 -> 0.48230769 | F9: ='PO Direct Attainment'!E7 -> 0.48923077 | G9: ='PO Direct Attainment'!F7 -> 0.49181818 | H9: ='PO Direct Attainment'!G7 -> 0.487 | I9: ='PO Direct Attainment'!H7 -> 0.486 | J9: ='PO Direct Attainment'!I7 -> 0 | K9: ='PO Direct Attainment'!J7 -> 0 | L9: ='PO Direct Attainment'!K7 -> 0 | ... S9: ='PO Direct Attainment'!R7 -> 0.48875
A10: 3 | B10: Computer Networks | C10: CS303 | D10: 4 | E10: ='PO Direct Attainment'!D8 -> 0.66692308 | F10: ='PO Direct Attainment'!E8 -> 0.67538462 | G10: ='PO Direct Attainment'!F8 -> 0.67 | H10: ='PO Direct Attainment'!G8 -> 0.667 | I10: ='PO Direct Attainment'!H8 -> 0.67538462 | J10: ='PO Direct Attainment'!I8 -> 0.66666667 | K10: ='PO Direct Attainment'!J8 -> 0.65 | L10: ='PO Direct Attainment'!K8 -> 0 | ... S10: ='PO Direct Attainment'!R8 -> 0.67555556
A11: 4 | B11: Operating Systems | C11: CS304 | D11: 4 | E11: ='PO Direct Attainment'!D9 -> 0.63769231 | F11: ='PO Direct Attainment'!E9 -> 0.63214286 | G11: ='PO Direct Attainment'!F9 -> 0.618 | H11: ='PO Direct Attainment'!G9 -> 0.6175 | I11: ='PO Direct Attainment'!H9 -> 0.636 | J11: ='PO Direct Attainment'!I9 -> 0 | K11: ='PO Direct Attainment'!J9 -> 0 | L11: ='PO Direct Attainment'!K9 -> 0 | ... S11: ='PO Direct Attainment'!R9 -> 0.62
A12: 5 | B12: Machine Learning | C12: CS305 | D12: 4 | E12: ='PO Direct Attainment'!D10 -> 0.70933333 | F12: ='PO Direct Attainment'!E10 -> 0.70235294 | G12: ='PO Direct Attainment'!F10 -> 0.702 | H12: ='PO Direct Attainment'!G10 -> 0.69928571 | I12: ='PO Direct Attainment'!H10 -> 0.71235294 | J12: ='PO Direct Attainment'!I10 -> 0.72 | K12: ='PO Direct Attainment'!J10 -> 0 | L12: ='PO Direct Attainment'!K10 -> 0 | ... S12: ='PO Direct Attainment'!R10 -> 0.706
A14: CREDIT-WEIGHTED PO ATTAINMENT (Programme Level) | E14: =IFERROR(SUMPRODUCT(D8:D12,E8:E12)/SUM(D8:D12),0) -> 0.64109744 | F14: =IFERROR(SUMPRODUCT(D8:D12,F8:F12)/SUM(D8:D12),0) -> 0.64182224 | G14: =IFERROR(SUMPRODUCT(D8:D12,G8:G12)/SUM(D8:D12),0) -> 0.6399021 | H14: =IFERROR(SUMPRODUCT(D8:D12,H8:H12)/SUM(D8:D12),0) -> 0.63935714 | I14: =IFERROR(SUMPRODUCT(D8:D12,I8:I12)/SUM(D8:D12),0) -> 0.65309037 | J14: =IFERROR(SUMPRODUCT(D8:D12,J8:J12)/SUM(D8:D12),0) -> 0.27733333 | K14: =IFERROR(SUMPRODUCT(D8:D12,K8:K12)/SUM(D8:D12),0) -> 0.13 | L14: =IFERROR(SUMPRODUCT(D8:D12,L8:L12)/SUM(D8:D12),0) -> 0 | M14: =IFERROR(SUMPRODUCT(D8:D12,M8:M12)/SUM(D8:D12),0) -> 0.63333333 | N14: =IFERROR(SUMPRODUCT(D8:D12,N8:N12)/SUM(D8:D12),0) -> 0.64733333 | O14: =IFERROR(SUMPRODUCT(D8:D12,O8:O12)/SUM(D8:D12),0) -> 0.094 | P14: =IFERROR(SUMPRODUCT(D8:D12,P8:P12)/SUM(D8:D12),0) -> 0.64568254 | Q14: =IFERROR(SUMPRODUCT(D8:D12,Q8:Q12)/SUM(D8:D12),0) -> 0.64153333 | R14: =IFERROR(SUMPRODUCT(D8:D12,R8:R12)/SUM(D8:D12),0) -> 0.64707692 | S14: =IFERROR(SUMPRODUCT(D8:D12,S8:S12)/SUM(D8:D12),0) -> 0.64491825
A15: ATTAINMENT LEVEL (3/2/1) | E15: =IF(E14>=0.6,3,IF(E14>=0.4,2,1)) -> 3 | F15: =IF(F14>=0.6,3,IF(F14>=0.4,2,1)) -> 3 | G15: =IF(G14>=0.6,3,IF(G14>=0.4,2,1)) -> 3 | H15: =IF(H14>=0.6,3,IF(H14>=0.4,2,1)) -> 3 | I15: =IF(I14>=0.6,3,IF(I14>=0.4,2,1)) -> 3 | J15: =IF(J14>=0.6,3,IF(J14>=0.4,2,1)) -> 1 | K15: =IF(K14>=0.6,3,IF(K14>=0.4,2,1)) -> 1 | L15: =IF(L14>=0.6,3,IF(L14>=0.4,2,1)) -> 1 | ... S15: =IF(S14>=0.6,3,IF(S14>=0.4,2,1)) -> 3
A16: TARGET (%) | E16: 0.6 | F16: 0.6 | G16: 0.6 | H16: 0.6 | I16: 0.6 | J16: 0.6 | K16: 0.6 | L16: 0.6 | M16: 0.6 | N16: 0.6 | O16: 0.6 | P16: 0.6 | Q16: 0.6 | R16: 0.6 | S16: 0.6
A17: GAP (Att – Target) | E17: =E14-E16 -> 0.041097436 | F17: =F14-F16 -> 0.041822237 | G17: =G14-G16 -> 0.039902098 | H17: =H14-H16 -> 0.039357143 | I17: =I14-I16 -> 0.053090368 | J17: =J14-J16 -> -0.32266667 | K17: =K14-K16 -> -0.47 | L17: =L14-L16 -> -0.6 | ... S17: =S14-S16 -> 0.044918254
A18: STATUS | E18: =IF(E14>=E16,"✔","✘") -> ✔ | F18: =IF(F14>=F16,"✔","✘") -> ✔ | G18: =IF(G14>=G16,"✔","✘") -> ✔ | H18: =IF(H14>=H16,"✔","✘") -> ✔ | I18: =IF(I14>=I16,"✔","✘") -> ✔ | J18: =IF(J14>=J16,"✔","✘") -> ✘ | K18: =IF(K14>=K16,"✔","✘") -> ✘ | L18: =IF(L14>=L16,"✔","✘") -> ✘ | ... S18: =IF(S14>=S16,"✔","✘") -> ✔

Sheet PO Direct Attainment
A1: PO / PSO DIRECT ATTAINMENT — COURSE-WISE (via CO–PO Mapping × CO Attainment)
A2: Formula: PO Attainment = Σ(CO_Attainment × CO-PO Correlation) ÷ Σ(CO-PO Correlation) | Level: ≥60%=3 (High) 40-59%=2 (Medium) <40%=1 (Low)
A4: # | B4: Course | C4: Code | D4: PROGRAMME OUTCOMES (PO1 – PO12) | P4: PROGRAMME SPECIFIC OUTCOMES | S4: SUMMARY
D5: PO1 | E5: PO2 | F5: PO3 | G5: PO4 | H5: PO5 | I5: PO6 | J5: PO7 | K5: PO8 | L5: PO9 | M5: PO10 | N5: PO11 | O5: PO12 | P5: PSO1 | Q5: PSO2 | R5: PSO3 | S5: Avg PO Att% | T5: Avg PSO Att% | U5: Overall Att%
A6: 1 | B6: Data Structures & Algorithms | C6: CS301 | D6: =IFERROR(SUMPRODUCT(('CO-PO Mapping'!D5:D9)*('CO-PO Mapping'!E5:E9))/SUMIF('CO-PO Mapping'!E5:E9,">0"),0) -> 0.70923077 | E6: =IFERROR(SUMPRODUCT(('CO-PO Mapping'!D5:D9)*('CO-PO Mapping'!F5:F9))/SUMIF('CO-PO Mapping'!F5:F9,">0"),0) -> 0.71 | F6: =IFERROR(SUMPRODUCT(('CO-PO Mapping'!D5:D9)*('CO-PO Mapping'!G5:G9))/SUMIF('CO-PO Mapping'!G5:G9,">0"),0) -> 0.71769231 | G6: =IFERROR(SUMPRODUCT(('CO-PO Mapping'!D5:D9)*('CO-PO Mapping'!H5:H9))/SUMIF('CO-PO Mapping'!H5:H9,">0"),0) -> 0.726 | H6: =IFERROR(SUMPRODUCT(('CO-PO Mapping'!D5:D9)*('CO-PO Mapping'!I5:I9))/SUMIF('CO-PO Mapping'!I5:I9,">0"),0) -> 0.75571429 | I6: =IFERROR(SUMPRODUCT(('CO-PO Mapping'!D5:D9)*('CO-PO Mapping'!J5:J9))/SUMIF('CO-PO Mapping'!J5:J9,">0"),0) -> 0 | J6: =IFERROR(SUMPRODUCT(('CO-PO Mapping'!D5:D9)*('CO-PO Mapping'!K5:K9))/SUMIF('CO-PO Mapping'!K5:K9,">0"),0) -> 0 | K6: =IFERROR(SUMPRODUCT(('CO-PO Mapping'!D5:D9)*('CO-PO Mapping'!L5:L9))/SUMIF('CO-PO Mapping'!L5:L9,">0"),0) -> 0 | L6: =IFERROR(SUMPRODUCT(('CO-PO Mapping'!D5:D9)*('CO-PO Mapping'!M5:M9))/SUMIF('CO-PO Mapping'!M5:M9,">0"),0) -> 0.70333333 | M6: =IFERROR(SUMPRODUCT(('CO-PO Mapping'!D5:D9)*('CO-PO Mapping'!N5:N9))/SUMIF('CO-PO Mapping'!N5:N9,">0"),0) -> 0.72 | N6: =IFERROR(SUMPRODUCT(('CO-PO Mapping'!D5:D9)*('CO-PO Mapping'!O5:O9))/SUMIF('CO-PO Mapping'!O5:O9,">0"),0) -> 0 | O6: =IFERROR(SUMPRODUCT(('CO-PO Mapping'!D5:D9)*('CO-PO Mapping'!P5:P9))/SUMIF('CO-PO Mapping'!P5:P9,">0"),0) -> 0.71777778 | P6: =IFERROR(SUMPRODUCT(('CO-PO Mapping'!D5:D9)*('CO-PO Mapping'!Q5:Q9))/SUMIF('CO-PO Mapping'!Q5:Q9,">0"),0) -> 0.71 | Q6: =IFERROR(SUMPRODUCT(('CO-PO Mapping'!D5:D9)*('CO-PO Mapping'!R5:R9))/SUMIF('CO-PO Mapping'!R5:R9,">0"),0) -> 0.7275 | R6: =IFERROR(SUMPRODUCT(('CO-PO Mapping'!D5:D9)*('CO-PO Mapping'!S5:S9))/SUMIF('CO-PO Mapping'!S5:S9,">0"),0) -> 0.73428571 | S6: =AVERAGE(D6:O6) -> 0.47997904 | T6: =AVERAGE(P6:R6) -> 0.72392857 | U6: =(S6+T6)/2 -> 0.60195381
A7: 2 | B7: Database Management Systems | C7: CS302 | D7: =IFERROR(SUMPRODUCT(('CO-PO Mapping'!D10:D14)*('CO-PO Mapping'!E10:E14))/SUMIF('CO-PO Mapping'!E10:E14,">0"),0) -> 0.48230769 | E7: =IFERROR(SUMPRODUCT(('CO-PO Mapping'!D10:D14)*('CO-PO Mapping'!F10:F14))/SUMIF('CO-PO Mapping'!F10:F14,">0"),0) -> 0.48923077 | F7: =IFERROR(SUMPRODUCT(('CO-PO Mapping'!D10:D14)*('CO-PO Mapping'!G10:G14))/SUMIF('CO-PO Mapping'!G10:G14,">0"),0) -> 0.49181818 | G7: =IFERROR(SUMPRODUCT(('CO-PO Mapping'!D10:D14)*('CO-PO Mapping'!H10:H14))/SUMIF('CO-PO Mapping'!H10:H14,">0"),0) -> 0.487 | H7: =IFERROR(SUMPRODUCT(('CO-PO Mapping'!D10:D14)*('CO-PO Mapping'!I10:I14))/SUMIF('CO-PO Mapping'!I10:I14,">0"),0) -> 0.486 | I7: =IFERROR(SUMPRODUCT(('CO-PO Mapping'!D10:D14)*('CO-PO Mapping'!J10:J14))/SUMIF('CO-PO Mapping'!J10:J14,">0"),0) -> 0 | J7: =IFERROR(SUMPRODUCT(('CO-PO Mapping'!D10:D14)*('CO-PO Mapping'!K10:K14))/SUMIF('CO-PO Mapping'!K10:K14,">0"),0) -> 0 | K7: =IFERROR(SUMPRODUCT(('CO-PO Mapping'!D10:D14)*('CO-PO Mapping'!L10:L14))/SUMIF('CO-PO Mapping'!L10:L14,">0"),0) -> 0 | L7: =IFERROR(SUMPRODUCT(('CO-PO Mapping'!D10:D14)*('CO-PO Mapping'!M10:M14))/SUMIF('CO-PO Mapping'!M10:M14,">0"),0) -> 0.475 | M7: =IFERROR(SUMPRODUCT(('CO-PO Mapping'!D10:D14)*('CO-PO Mapping'!N10:N14))/SUMIF('CO-PO Mapping'!N10:N14,">0"),0) -> 0.505 | N7: =IFERROR(SUMPRODUCT(('CO-PO Mapping'!D10:D14)*('CO-PO Mapping'!O10:O14))/SUMIF('CO-PO Mapping'!O10:O14,">0"),0) -> 0.47 | O7: =IFERROR(SUMPRODUCT(('CO-PO Mapping'!D10:D14)*('CO-PO Mapping'!P10:P14))/SUMIF('CO-PO Mapping'!P10:P14,">0"),0) -> 0.49285714 | P7: =IFERROR(SUMPRODUCT(('CO-PO Mapping'!D10:D14)*('CO-PO Mapping'!Q10:Q14))/SUMIF('CO-PO Mapping'!Q10:Q14,">0"),0) -> 0.48230769 | Q7: =IFERROR(SUMPRODUCT(('CO-PO Mapping'!D10:D14)*('CO-PO Mapping'!R10:R14))/SUMIF('CO-PO Mapping'!R10:R14,">0"),0) -> 0.49 | R7: =IFERROR(SUMPRODUCT(('CO-PO Mapping'!D10:D14)*('CO-PO Mapping'!S10:S14))/SUMIF('CO-PO Mapping'!S10:S14,">0"),0) -> 0.48875 | S7: =AVERAGE(D7:O7) -> 0.36493448 | T7: =AVERAGE(P7:R7) -> 0.48701923 | U7: =(S7+T7)/2 -> 0.42597686
A8: 3 | B8: Computer Networks | C8: CS303 | D8: =IFERROR(SUMPRODUCT(('CO-PO Mapping'!D15:D19)*('CO-PO Mapping'!E15:E19))/SUMIF('CO-PO Mapping'!E15:E19,">0"),0) -> 0.66692308 | E8: =IFERROR(SUMPRODUCT(('CO-PO Mapping'!D15:D19)*('CO-PO Mapping'!F15:F19))/SUMIF('CO-PO Mapping'!F15:F19,">0"),0) -> 0.67538462 | F8: =IFERROR(SUMPRODUCT(('CO-PO Mapping'!D15:D19)*('CO-PO Mapping'!G15:G19))/SUMIF('CO-PO Mapping'!G15:G19,">0"),0) -> 0.67 | G8: =IFERROR(SUMPRODUCT(('CO-PO Mapping'!D15:D19)*('CO-PO Mapping'!H15:H19))/SUMIF('CO-PO Mapping'!H15:H19,">0"),0) -> 0.667 | H8: =IFERROR(SUMPRODUCT(('CO-PO Mapping'!D15:D19)*('CO-PO Mapping'!I15:I19))/SUMIF('CO-PO Mapping'!I15:I19,">0"),0) -> 0.67538462 | I8: =IFERROR(SUMPRODUCT(('CO-PO Mapping'!D15:D19)*('CO-PO Mapping'!J15:J19))/SUMIF('CO-PO Mapping'!J15:J19,">0"),0) -> 0.66666667 | J8: =IFERROR(SUMPRODUCT(('CO-PO Mapping'!D15:D19)*('CO-PO Mapping'!K15:K19))/SUMIF('CO-PO Mapping'!K15:K19,">0"),0) -> 0.65 | K8: =IFERROR(SUMPRODUCT(('CO-PO Mapping'!D15:D19)*('CO-PO Mapping'!L15:L19))/SUMIF('CO-PO Mapping'!L15:L19,">0"),0) -> 0 | L8: =IFERROR(SUMPRODUCT(('CO-PO Mapping'!D15:D19)*('CO-PO Mapping'!M15:M19))/SUMIF('CO-PO Mapping'!M15:M19,">0"),0) -> 0.66 | M8: =IFERROR(SUMPRODUCT(('CO-PO Mapping'!D15:D19)*('CO-PO Mapping'!N15:N19))/SUMIF('CO-PO Mapping'!N15:N19,">0"),0) -> 0.67666667 | N8: =IFERROR(SUMPRODUCT(('CO-PO Mapping'!D15:D19)*('CO-PO Mapping'!O15:O19))/SUMIF('CO-PO Mapping'!O15:O19,">0"),0) -> 0 | O8: =IFERROR(SUMPRODUCT(('CO-PO Mapping'!D15:D19)*('CO-PO Mapping'!P15:P19))/SUMIF('CO-PO Mapping'!P15:P19,">0"),0) -> 0.67222222 | P8: =IFERROR(SUMPRODUCT(('CO-PO Mapping'!D15:D19)*('CO-PO Mapping'!Q15:Q19))/SUMIF('CO-PO Mapping'!Q15:Q19,">0"),0) -> 0.66833333 | Q8: =IFERROR(SUMPRODUCT(('CO-PO Mapping'!D15:D19)*('CO-PO Mapping'!R15:R19))/SUMIF('CO-PO Mapping'!R15:R19,">0"),0) -> 0.67538462 | R8: =IFERROR(SUMPRODUCT(('CO-PO Mapping'!D15:D19)*('CO-PO Mapping'!S15:S19))/SUMIF('CO-PO Mapping'!S15:S19,">0"),0) -> 0.67555556 | S8: =AVERAGE(D8:O8) -> 0.55668732 | T8: =AVERAGE(P8:R8) -> 0.67309117 | U8: =(S8+T8)/2 -> 0.61488925
A9: 4 | B9: Operating Systems | C9: CS304 | D9: =IFERROR(SUMPRODUCT(('CO-PO Mapping'!D20:D24)*('CO-PO Mapping'!E20:E24))/SUMIF('CO-PO Mapping'!E20:E24,">0"),0) -> 0.63769231 | E9: =IFERROR(SUMPRODUCT(('CO-PO Mapping'!D20:D24)*('CO-PO Mapping'!F20:F24))/SUMIF('CO-PO Mapping'!F20:F24,">0"),0) -> 0.63214286 | F9: =IFERROR(SUMPRODUCT(('CO-PO Mapping'!D20:D24)*('CO-PO Mapping'!G20:G24))/SUMIF('CO-PO Mapping'!G20:G24,">0"),0) -> 0.618 | G9: =IFERROR(SUMPRODUCT(('CO-PO Mapping'!D20:D24)*('CO-PO Mapping'!H20:H24))/SUMIF('CO-PO Mapping'!H20:H24,">0"),0) -> 0.6175 | H9: =IFERROR(SUMPRODUCT(('CO-PO Mapping'!D20:D24)*('CO-PO Mapping'!I20:I24))/SUMIF('CO-PO Mapping'!I20:I24,">0"),0) -> 0.636 | I9: =IFERROR(SUMPRODUCT(('CO-PO Mapping'!D20:D24)*('CO-PO Mapping'!J20:J24))/SUMIF('CO-PO Mapping'!J20:J24,">0"),0) -> 0 | J9: =IFERROR(SUMPRODUCT(('CO-PO Mapping'!D20:D24)*('CO-PO Mapping'!K20:K24))/SUMIF('CO-PO Mapping'!K20:K24,">0"),0) -> 0 | K9: =IFERROR(SUMPRODUCT(('CO-PO Mapping'!D20:D24)*('CO-PO Mapping'!L20:L24))/SUMIF('CO-PO Mapping'!L20:L24,">0"),0) -> 0 | L9: =IFERROR(SUMPRODUCT(('CO-PO Mapping'!D20:D24)*('CO-PO Mapping'!M20:M24))/SUMIF('CO-PO Mapping'!M20:M24,">0"),0) -> 0.635 | M9: =IFERROR(SUMPRODUCT(('CO-PO Mapping'!D20:D24)*('CO-PO Mapping'!N20:N24))/SUMIF('CO-PO Mapping'!N20:N24,">0"),0) -> 0.56 | N9: =IFERROR(SUMPRODUCT(('CO-PO Mapping'!D20:D24)*('CO-PO Mapping'!O20:O24))/SUMIF('CO-PO Mapping'!O20:O24,">0"),0) -> 0 | O9: =IFERROR(SUMPRODUCT(('CO-PO Mapping'!D20:D24)*('CO-PO Mapping'!P20:P24))/SUMIF('CO-PO Mapping'!P20:P24,">0"),0) -> 0.63555556 | P9: =IFERROR(SUMPRODUCT(('CO-PO Mapping'!D20:D24)*('CO-PO Mapping'!Q20:Q24))/SUMIF('CO-PO Mapping'!Q20:Q24,">0"),0) -> 0.63769231 | Q9: =IFERROR(SUMPRODUCT(('CO-PO Mapping'!D20:D24)*('CO-PO Mapping'!R20:R24))/SUMIF('CO-PO Mapping'!R20:R24,">0"),0) -> 0.63583333 | R9: =IFERROR(SUMPRODUCT(('CO-PO Mapping'!D20:D24)*('CO-PO Mapping'!S20:S24))/SUMIF('CO-PO Mapping'!S20:S24,">0"),0) -> 0.62 | S9: =AVERAGE(D9:O9) -> 0.41432423 | T9: =AVERAGE(P9:R9) -> 0.63117521 | U9: =(S9+T9)/2 -> 0.52274972
A10: 5 | B10: Machine Learning | C10: CS305 | D10: =IFERROR(SUMPRODUCT(('CO-PO Mapping'!D25:D30)*('CO-PO Mapping'!E25:E30))/SUMIF('CO-PO Mapping'!E25:E30,">0"),0) -> 0.70933333 | E10: =IFERROR(SUMPRODUCT(('CO-PO Mapping'!D25:D30)*('CO-PO Mapping'!F25:F30))/SUMIF('CO-PO Mapping'!F25:F30,">0"),0) -> 0.70235294 | F10: =IFERROR(SUMPRODUCT(('CO-PO Mapping'!D25:D30)*('CO-PO Mapping'!G25:G30))/SUMIF('CO-PO Mapping'!G25:G30,">0"),0) -> 0.702 | G10: =IFERROR(SUMPRODUCT(('CO-PO Mapping'!D25:D30)*('CO-PO Mapping'!H25:H30))/SUMIF('CO-PO Mapping'!H25:H30,">0"),0) -> 0.69928571 | H10: =IFERROR(SUMPRODUCT(('CO-PO Mapping'!D25:D30)*('CO-PO Mapping'!I25:I30))/SUMIF('CO-PO Mapping'!I25:I30,">0"),0) -> 0.71235294 | I10: =IFERROR(SUMPRODUCT(('CO-PO Mapping'!D25:D30)*('CO-PO Mapping'!J25:J30))/SUMIF('CO-PO Mapping'!J25:J30,">0"),0) -> 0.72 | J10: =IFERROR(SUMPRODUCT(('CO-PO Mapping'!D25:D30)*('CO-PO Mapping'!K25:K30))/SUMIF('CO-PO Mapping'!K25:K30,">0"),0) -> 0 | K10: =IFERROR(SUMPRODUCT(('CO-PO Mapping'!D25:D30)*('CO-PO Mapping'!L25:L30))/SUMIF('CO-PO Mapping'!L25:L30,">0"),0) -> 0 | L10: =IFERROR(SUMPRODUCT(('CO-PO Mapping'!D25:D30)*('CO-PO Mapping'!M25:M30))/SUMIF('CO-PO Mapping'!M25:M30,">0"),0) -> 0.69333333 | M10: =IFERROR(SUMPRODUCT(('CO-PO Mapping'!D25:D30)*('CO-PO Mapping'!N25:N30))/SUMIF('CO-PO Mapping'!N25:N30,">0"),0) -> 0.775 | N10: =IFERROR(SUMPRODUCT(('CO-PO Mapping'!D25:D30)*('CO-PO Mapping'!O25:O30))/SUMIF('CO-PO Mapping'!O25:O30,">0"),0) -> 0 | O10: =IFERROR(SUMPRODUCT(('CO-PO Mapping'!D25:D30)*('CO-PO Mapping'!P25:P30))/SUMIF('CO-PO Mapping'!P25:P30,">0"),0) -> 0.71 | P10: =IFERROR(SUMPRODUCT(('CO-PO Mapping'!D25:D30)*('CO-PO Mapping'!Q25:Q30))/SUMIF('CO-PO Mapping'!Q25:Q30,">0"),0) -> 0.70933333 | Q10: =IFERROR(SUMPRODUCT(('CO-PO Mapping'!D25:D30)*('CO-PO Mapping'!R25:R30))/SUMIF('CO-PO Mapping'!R25:R30,">0"),0) -> 0.70666667 | R10: =IFERROR(SUMPRODUCT(('CO-PO Mapping'!D25:D30)*('CO-PO Mapping'!S25:S30))/SUMIF('CO-PO Mapping'!S25:S30,">0"),0) -> 0.706 | S10: =AVERAGE(D10:O10) -> 0.53530486 | T10: =AVERAGE(P10:R10) -> 0.70733333 | U10: =(S10+T10)/2 -> 0.62131909

Sheet CO-PO Mapping
A1: CO–PO / CO–PSO MAPPING MATRIX (Correlation: 3=High 2=Medium 1=Low 0=No Relation)
A2: Enter correlation values (0-3) in yellow cells. PO Attainment sheet reads these values automatically.
E3: Engineering Knowledge | F3: Problem Analysis | G3: Design/Development of Solutions | H3: Conduct Investigations of Complex Problems | I3: Modern Tool Usage | J3: The Engineer and Society | K3: Environment and Sustainability | L3: Ethics | M3: Individual and Team Work | N3: Communication | O3: Project Management and Finance | P3: Life-long Learning | Q3: Apply core CS concepts to design software systems | R3: Use modern tools to solve real-world engineering problems | S3: Demonstrate professional skills for industry/research
A4: Course | B4: Code | C4: CO | D4: CO Attainment % | E4: PO1 | F4: PO2 | G4: PO3 | H4: PO4 | I4: PO5 | J4: PO6 | K4: PO7 | L4: PO8 | M4: PO9 | N4: PO10 | O4: PO11 | P4: PO12 | Q4: PSO1 | R4: PSO2 | S4: PSO3
A5: Data Structures & Algorithms | B5: CS301 | C5: CO1 | D5: 0.68 | E5: 3 | F5: 3 | G5: 2 | H5: 1 | I5: 0 | J5: 0 | K5: 0 | L5: 0 | M5: 1 | N5: 0 | O5: 0 | P5: 2 | Q5: 3 | R5: 2 | S5: 1
C6: CO2 | D6: 0.6 | E6: 3 | F6: 3 | G6: 3 | H6: 2 | I6: 1 | J6: 0 | K6: 0 | L6: 0 | M6: 1 | N6: 0 | O6: 0 | P6: 2 | Q6: 3 | R6: 2 | S6: 1
C7: CO3 | D7: 0.72 | E7: 2 | F7: 3 | G7: 3 | H7: 2 | I7: 2 | J7: 0 | K7: 0 | L7: 0 | M7: 0 | N7: 1 | O7: 0 | P7: 1 | Q7: 3 | R7: 3 | S7: 2
C8: CO4 | D8: 0.76 | E8: 3 | F8: 3 | G8: 2 | H8: 3 | I8: 1 | J8: 0 | K8: 0 | L8: 0 | M8: 0 | N8: 0 | O8: 0 | P8: 2 | Q8: 3 | R8: 2 | S8: 1
C9: CO5 | D9: 0.83 | E9: 2 | F9: 2 | G9: 3 | H9: 2 | I9: 3 | J9: 0 | K9: 0 | L9: 0 | M9: 1 | N9: 0 | O9: 0 | P9: 2 | Q9: 2 | R9: 3 | S9: 2
A10: Database Management Systems | B10: CS302 | C10: CO1 | D10: 0.46 | E10: 3 | F10: 2 | G10: 2 | H10: 1 | I10: 2 | J10: 0 | K10: 0 | L10: 0 | M10: 0 | N10: 1 | O10: 0 | P10: 1 | Q10: 3 | R10: 2 | S10: 2
C11: CO2 | D11: 0.48 | E11: 3 | F11: 3 | G11: 2 | H11: 2 | I11: 2 | J11: 0 | K11: 0 | L11: 0 | M11: 1 | N11: 0 | O11: 0 | P11: 1 | Q11: 3 | R11: 2 | S11: 1
C12: CO3 | D12: 0.55 | E12: 2 | F12: 3 | G12: 3 | H12: 2 | I12: 2 | J12: 0 | K12: 0 | L12: 0 | M12: 0 | N12: 1 | O12: 0 | P12: 2 | Q12: 2 | R12: 3 | S12: 2
C13: CO4 | D13: 0.47 | E13: 2 | F13: 2 | G13: 2 | H13: 3 | I13: 1 | J13: 0 | K13: 0 | L13: 0 | M13: 1 | N13: 0 | O13: 1 | P13: 1 | Q13: 3 | R13: 2 | S13: 1
C14: CO5 | D14: 0.47 | E14: 3 | F14: 3 | G14: 2 | H14: 2 | I14: 3 | J14: 0 | K14: 0 | L14: 0 | M14: 0 | N14: 0 | O14: 0 | P14: 2 | Q14: 2 | R14: 3 | S14: 2
A15: Computer Networks | B15: CS303 | C15: CO1 | D15: 0.65 | E15: 3 | F15: 2 | G15: 1 | H15: 1 | I15: 3 | J15: 1 | K15: 0 | L15: 0 | M15: 0 | N15: 1 | O15: 0 | P15: 2 | Q15: 2 | R15: 3 | S15: 2
C16: CO2 | D16: 0.7 | E16: 3 | F16: 3 | G16: 2 | H16: 2 | I16: 3 | J16: 1 | K16: 0 | L16: 0 | M16: 1 | N16: 0 | O16: 0 | P16: 2 | Q16: 3 | R16: 3 | S16: 2
C17: CO3 | D17: 0.65 | E17: 2 | F17: 3 | G17: 3 | H17: 2 | I17: 2 | J17: 1 | K17: 1 | L17: 0 | M17: 0 | N17: 1 | O17: 0 | P17: 1 | Q17: 2 | R17: 2 | S17: 2
C18: CO4 | D18: 0.62 | E18: 3 | F18: 2 | G18: 2 | H18: 3 | I18: 2 | J18: 0 | K18: 0 | L18: 0 | M18: 1 | N18: 0 | O18: 0 | P18: 2 | Q18: 3 | R18: 2 | S18: 1
C19: CO5 | D19: 0.73 | E19: 2 | F19: 3 | G19: 2 | H19: 2 | I19: 3 | J19: 0 | K19: 0 | L19: 0 | M19: 0 | N19: 1 | O19: 0 | P19: 2 | Q19: 2 | R19: 3 | S19: 2
A20: Operating Systems | B20: CS304 | C20: CO1 | D20: 0.66 | E20: 3 | F20: 3 | G20: 1 | H20: 2 | I20: 2 | J20: 0 | K20: 0 | L20: 0 | M20: 0 | N20: 0 | O20: 0 | P20: 2 | Q20: 3 | R20: 2 | S20: 2
C21: CO2 | D21: 0.7 | E21: 3 | F21: 3 | G21: 2 | H21: 2 | I21: 2 | J21: 0 | K21: 0 | L21: 0 | M21: 1 | N21: 0 | O21: 0 | P21: 2 | Q21: 3 | R21: 3 | S21: 1
C22: CO3 | D22: 0.56 | E22: 2 | F22: 3 | G22: 3 | H22: 3 | I22: 2 | J22: 0 | K22: 0 | L22: 0 | M22: 0 | N22: 1 | O22: 0 | P22: 1 | Q22: 2 | R22: 2 | S22: 2
C23: CO4 | D23: 0.57 | E23: 2 | F23: 2 | G23: 2 | H23: 3 | I23: 1 | J23: 0 | K23: 0 | L23: 0 | M23: 1 | N23: 0 | O23: 0 | P23: 2 | Q23: 2 | R23: 2 | S23: 2
C24: CO5 | D24: 0.65 | E24: 3 | F24: 3 | G24: 2 | H24: 2 | I24: 3 | J24: 0 | K24: 0 | L24: 0 | M24: 0 | N24: 0 | O24: 0 | P24: 2 | Q24: 3 | R24: 3 | S24: 2
A25: Machine Learning | B25: CS305 | C25: CO1 | D25: 0.77 | E25: 3 | F25: 3 | G25: 2 | H25: 2 | I25: 3 | J25: 0 | K25: 0 | L25: 0 | M25: 0 | N25: 1 | O25: 0 | P25: 3 | Q25: 3 | R25: 3 | S25: 2
C26: CO2 | D26: 0.66 | E26: 2 | F26: 3 | G26: 3 | H26: 2 | I26: 3 | J26: 0 | K26: 0 | L26: 0 | M26: 1 | N26: 0 | O26: 0 | P26: 2 | Q26: 2 | R26: 3 | S26: 2
C27: CO3 | D27: 0.61 | E27: 3 | F27: 3 | G27: 3 | H27: 3 | I27: 2 | J27: 0 | K27: 0 | L27: 0 | M27: 0 | N27: 0 | O27: 0 | P27: 3 | Q27: 3 | R27: 3 | S27: 3
C28: CO4 | D28: 0.7 | E28: 2 | F28: 3 | G28: 2 | H28: 3 | I28: 3 | J28: 0 | K28: 0 | L28: 0 | M28: 1 | N28: 0 | O28: 0 | P28: 2 | Q28: 2 | R28: 3 | S28: 2
C29: CO5 | D29: 0.78 | E29: 3 | F29: 2 | G29: 3 | H29: 2 | I29: 3 | J29: 0 | K29: 0 | L29: 0 | M29: 0 | N29: 1 | O29: 0 | P29: 3 | Q29: 3 | R29: 3 | S29: 3
C30: CO6 | D30: 0.72 | E30: 2 | F30: 3 | G30: 2 | H30: 2 | I30: 3 | J30: 1 | K30: 0 | L30: 0 | M30: 1 | N30: 0 | O30: 0 | P30: 3 | Q30: 2 | R30: 3 | S30: 3
