Workbook

Sheet PO Total Attainment
A1: PO / PSO TOTAL ATTAINMENT = Direct (80%) + Indirect (20%) — B.Tech Computer Science & Engineering
A2: Total PO Attainment = (Direct Attainment × Weight_D) + (Indirect Attainment × Weight_I) | NBA: Direct 80% + Indirect 20% | Target ≥ 60% | Academic Year 2024-25
A4: LEGEND → | D4: Level 3 ≥60% — HIGH | E4: Level 2 40–59% — MEDIUM | F4: Level 1 <40% — LOW | G4: Target Line = 60%
A5: WEIGHTS USED → | D5: ='Input Data'!D5 -> 0.8 | E5: ='Input Data'!E5 -> 0.2 | F5: ← Weights are controlled in 'Input Data' sheet cells D5 & E5
A6: PO / PSO IDENTIFICATION | D6: DIRECT ATTAINMENT (CIE + SEE via CO-PO) | F6: INDIRECT ATTAINMENT (Surveys & Feedback) | H6: TOTAL ATTAINMENT = Direct×Wt + Indirect×Wt
A7: # | B7: PO/PSO | C7: Description | D7: Direct Att% | E7: Direct Level | F7: Indirect Att% | G7: Indirect Level | H7: Total Att% | I7: Total Level | J7: Target (60%) | K7: Gap | L7: Status
A8: 1 | B8: PO1 | C8: Engineering Knowledge | D8: ='Input Data'!D8 -> 0.7058 | E8: =IF(D8>=0.6,3,IF(D8>=0.4,2,1)) -> 3 | F8: ='Input Data'!E8 -> 0.7071 | G8: =IF(F8>=0.6,3,IF(F8>=0.4,2,1)) -> 3 | H8: =D8*'Input Data'!$D$5+F8*'Input Data'!$E$5 -> 0.70606 | I8: =IF(H8>=0.6,3,IF(H8>=0.4,2,1)) -> 3 | J8: ='Input Data'!$G$5 -> 0.6 | K8: =H8-J8 -> 0.10606 | L8: =IF(H8>=J8,"✔ Met","✘ Not Met") -> ✔ Met
A9: 2 | B9: PO2 | C9: Problem Analysis | D9: ='Input Data'!D9 -> 0.46 | E9: =IF(D9>=0.6,3,IF(D9>=0.4,2,1)) -> 2 | F9: ='Input Data'!E9 -> 0.5838 | G9: =IF(F9>=0.6,3,IF(F9>=0.4,2,1)) -> 2 | H9: =D9*'Input Data'!$D$5+F9*'Input Data'!$E$5 -> 0.48476 | I9: =IF(H9>=0.6,3,IF(H9>=0.4,2,1)) -> 2 | J9: ='Input Data'!$G$5 -> 0.6 | K9: =H9-J9 -> -0.11524 | L9: =IF(H9>=J9,"✔ Met","✘ Not Met") -> ✘ Not Met
A10: 3 | B10: PO3 | C10: Design/Development of Solutions | D10: ='Input Data'!D10 -> 0.56 | E10: =IF(D10>=0.6,3,IF(D10>=0.4,2,1)) -> 2 | F10: ='Input Data'!E10 -> 0.7239 | G10: =IF(F10>=0.6,3,IF(F10>=0.4,2,1)) -> 3 | H10: =D10*'Input Data'!$D$5+F10*'Input Data'!$E$5 -> 0.59278 | I10: =IF(H10>=0.6,3,IF(H10>=0.4,2,1)) -> 2 | J10: ='Input Data'!$G$5 -> 0.6 | K10: =H10-J10 -> -0.00722 | L10: =IF(H10>=J10,"✔ Met","✘ Not Met") -> ✘ Not Met
A11: 4 | B11: PO4 | C11: Conduct Investigations of Complex Problems | D11: ='Input Data'!D11 -> 0.5393 | E11: =IF(D11>=0.6,3,IF(D11>=0.4,2,1)) -> 2 | F11: ='Input Data'!E11 -> 0.8076 | G11: =IF(F11>=0.6,3,IF(F11>=0.4,2,1)) -> 3 | H11: =D11*'Input Data'!$D$5+F11*'Input Data'!$E$5 -> 0.59296 | I11: =IF(H11>=0.6,3,IF(H11>=0.4,2,1)) -> 2 | J11: ='Input Data'!$G$5 -> 0.6 | K11: =H11-J11 -> -0.00704 | L11: =IF(H11>=J11,"✔ Met","✘ Not Met") -> ✘ Not Met
A12: 5 | B12: PO5 | C12: Modern Tool Usage | D12: ='Input Data'!D12 -> 0.7446 | E12: =IF(D12>=0.6,3,IF(D12>=0.4,2,1)) -> 3 | F12: ='Input Data'!E12 -> 0.5025 | G12: =IF(F12>=0.6,3,IF(F12>=0.4,2,1)) -> 2 | H12: =D12*'Input Data'!$D$5+F12*'Input Data'!$E$5 -> 0.69618 | I12: =IF(H12>=0.6,3,IF(H12>=0.4,2,1)) -> 3 | J12: ='Input Data'!$G$5 -> 0.6 | K12: =H12-J12 -> 0.09618 | L12: =IF(H12>=J12,"✔ Met","✘ Not Met") -> ✔ Met
A13: 6 | B13: PO6 | C13: The Engineer and Society | D13: ='Input Data'!D13 -> 0.7207 | E13: =IF(D13>=0.6,3,IF(D13>=0.4,2,1)) -> 3 | F13: ='Input Data'!E13 -> 0.8062 | G13: =IF(F13>=0.6,3,IF(F13>=0.4,2,1)) -> 3 | H13: =D13*'Input Data'!$D$5+F13*'Input Data'!$E$5 -> 0.7378 | I13: =IF(H13>=0.6,3,IF(H13>=0.4,2,1)) -> 3 | J13: ='Input Data'!$G$5 -> 0.6 | K13: =H13-J13 -> 0.1378 | L13: =IF(H13>=J13,"✔ Met","✘ Not Met") -> ✔ Met
A14: 7 | B14: PO7 | C14: Environment and Sustainability | D14: ='Input Data'!D14 -> 0.8069 | E14: =IF(D14>=0.6,3,IF(D14>=0.4,2,1)) -> 3 | F14: ='Input Data'!E14 -> 0.7653 | G14: =IF(F14>=0.6,3,IF(F14>=0.4,2,1)) -> 3 | H14: =D14*'Input Data'!$D$5+F14*'Input Data'!$E$5 -> 0.79858 | I14: =IF(H14>=0.6,3,IF(H14>=0.4,2,1)) -> 3 | J14: ='Input Data'!$G$5 -> 0.6 | K14: =H14-J14 -> 0.19858 | L14: =IF(H14>=J14,"✔ Met","✘ Not Met") -> ✔ Met
A15: 8 | B15: PO8 | C15: Ethics | D15: ='Input Data'!D15 -> 0.4848 | E15: =IF(D15>=0.6,3,IF(D15>=0.4,2,1)) -> 2 | F15: ='Input Data'!E15 -> 0.6293 | G15: =IF(F15>=0.6,3,IF(F15>=0.4,2,1)) -> 3 | H15: =D15*'Input Data'!$D$5+F15*'Input Data'!$E$5 -> 0.5137 | I15: =IF(H15>=0.6,3,IF(H15>=0.4,2,1)) -> 2 | J15: ='Input Data'!$G$5 -> 0.6 | K15: =H15-J15 -> -0.0863 | L15: =IF(H15>=J15,"✔ Met","✘ Not Met") -> ✘ Not Met
A16: 9 | B16: PO9 | C16: Individual and Team Work | D16: ='Input Data'!D16 -> 0.6188 | E16: =IF(D16>=0.6,3,IF(D16>=0.4,2,1)) -> 3 | F16: ='Input Data'!E16 -> 0.5591 | G16: =IF(F16>=0.6,3,IF(F16>=0.4,2,1)) -> 2 | H16: =D16*'Input Data'!$D$5+F16*'Input Data'!$E$5 -> 0.60686 | I16: =IF(H16>=0.6,3,IF(H16>=0.4,2,1)) -> 3 | J16: ='Input Data'!$G$5 -> 0.6 | K16: =H16-J16 -> 0.00686 | L16: =IF(H16>=J16,"✔ Met","✘ Not Met") -> ✔ Met
A17: 10 | B17: PO10 | C17: Communication | D17: ='Input Data'!D17 -> 0.4619 | E17: =IF(D17>=0.6,3,IF(D17>=0.4,2,1)) -> 2 | F17: ='Input Data'!E17 -> 0.8637 | G17: =IF(F17>=0.6,3,IF(F17>=0.4,2,1)) -> 3 | H17: =D17*'Input Data'!$D$5+F17*'Input Data'!$E$5 -> 0.54226 | I17: =IF(H17>=0.6,3,IF(H17>=0.4,2,1)) -> 2 | J17: ='Input Data'!$G$5 -> 0.6 | K17: =H17-J17 -> -0.05774 | L17: =IF(H17>=J17,"✔ Met","✘ Not Met") -> ✘ Not Met
A18: 11 | B18: PO11 | C18: Project Management and Finance | D18: ='Input Data'!D18 -> 0.5375 | E18: =IF(D18>=0.6,3,IF(D18>=0.4,2,1)) -> 2 | F18: ='Input Data'!E18 -> 0.6279 | G18: =IF(F18>=0.6,3,IF(F18>=0.4,2,1)) -> 3 | H18: =D18*'Input Data'!$D$5+F18*'Input Data'!$E$5 -> 0.55558 | I18: =IF(H18>=0.6,3,IF(H18>=0.4,2,1)) -> 2 | J18: ='Input Data'!$G$5 -> 0.6 | K18: =H18-J18 -> -0.04442 | L18: =IF(H18>=J18,"✔ Met","✘ Not Met") -> ✘ Not Met
A19: 12 | B19: PO12 | C19: Life-long Learning | D19: ='Input Data'!D19 -> 0.6521 | E19: =IF(D19>=0.6,3,IF(D19>=0.4,2,1)) -> 3 | F19: ='Input Data'!E19 -> 0.5352 | G19: =IF(F19>=0.6,3,IF(F19>=0.4,2,1)) -> 2 | H19: =D19*'Input Data'!$D$5+F19*'Input Data'!$E$5 -> 0.62872 | I19: =IF(H19>=0.6,3,IF(H19>=0.4,2,1)) -> 3 | J19: ='Input Data'!$G$5 -> 0.6 | K19: =H19-J19 -> 0.02872 | L19: =IF(H19>=J19,"✔ Met","✘ Not Met") -> ✔ Met
... A22: 15 | B22: PSO3 | C22: Demonstrate professional skills for industry/research | D22: ='Input Data'!D22 -> 0.71 | E22: =IF(D22>=0.6,3,IF(D22>=0.4,2,1)) -> 3 | F22: ='Input Data'!E22 -> 0.7294 | G22: =IF(F22>=0.6,3,IF(F22>=0.4,2,1)) -> 3 | H22: =D22*'Input Data'!$D$5+F22*'Input Data'!$E$5 -> 0.71388 | I22: =IF(H22>=0.6,3,IF(H22>=0.4,2,1)) -> 3 | J22: ='Input Data'!$G$5 -> 0.6 | K22: =H22-J22 -> 0.11388 | L22: =IF(H22>=J22,"✔ Met","✘ Not Met") -> ✔ Met
A24: PROGRAMME AVERAGE | D24: =AVERAGE(D8:D22) -> 0.5995 | E24: =IF(D24>=0.6,3,IF(D24>=0.4,2,1)) -> 2 | F24: =AVERAGE(F8:F22) -> 0.67998667 | G24: =IF(F24>=0.6,3,IF(F24>=0.4,2,1)) -> 3 | H24: =AVERAGE(H8:H22) -> 0.61559733 | I24: =IF(H24>=0.6,3,IF(H24>=0.4,2,1)) -> 3 | J24: ='Input Data'!$G$5 -> 0.6 | K24: =H24-J24 -> 0.015597333 | L24: =IF(H24>=J24,"✔ Met","✘ Not Met") -> ✔ Met

Sheet Total PO Dashboard
A1: PO / PSO TOTAL ATTAINMENT DASHBOARD — B.Tech CSE | Direct + Indirect | Academic Year 2024-25
A2: Total Attainment = Direct Attainment × 80% + Indirect Attainment × 20% | NBA / NAAC Accreditation Report | Target ≥ 60%
A3: Level 3 (≥60%) = HIGH · Level 2 (40–59%) = MEDIUM · Level 1 (<40%) = LOW
A5: Weights in use: | C5: ='Input Data'!D5 -> 0.8 | D5: ='Input Data'!E5 -> 0.2 | E5: ='Input Data'!$G$5 -> 0.6 | F5: ← Change weights anytime in 'Input Data' sheet cells D5 & E5. All values update instantly.
A7: # | B7: PO / PSO | C7: Programme Outcome / PSO Description | D7: Direct Att% | E7: Direct Level | F7: Indirect Att% | G7: Indirect Level | H7: Total Att% | I7: Total Level | J7: Target | K7: Gap | L7: Status | M7: Action Needed
A8: 1 | B8: PO1 | C8: Engineering Knowledge | D8: ='PO Total Attainment'!D8 -> 0.7058 | E8: =IF(D8>=0.6,3,IF(D8>=0.4,2,1)) -> 3 | F8: ='PO Total Attainment'!F8 -> 0.7071 | G8: =IF(F8>=0.6,3,IF(F8>=0.4,2,1)) -> 3 | H8: ='PO Total Attainment'!H8 -> 0.70606 | I8: =IF(H8>=0.6,3,IF(H8>=0.4,2,1)) -> 3 | J8: ='Input Data'!$G$5 -> 0.6 | K8: =H8-J8 -> 0.10606 | L8: =IF(H8>=J8,"✔ Met","✘ Not Met") -> ✔ Met | M8: =IF(H8>=0.6,"Sustain",IF(H8>=0.4,"Improve","Urgent Action")) -> Sustain
A9: 2 | B9: PO2 | C9: Problem Analysis | D9: ='PO Total Attainment'!D9 -> 0.46 | E9: =IF(D9>=0.6,3,IF(D9>=0.4,2,1)) -> 2 | F9: ='PO Total Attainment'!F9 -> 0.5838 | G9: =IF(F9>=0.6,3,IF(F9>=0.4,2,1)) -> 2 | H9: ='PO Total Attainment'!H9 -> 0.48476 | I9: =IF(H9>=0.6,3,IF(H9>=0.4,2,1)) -> 2 | J9: ='Input Data'!$G$5 -> 0.6 | K9: =H9-J9 -> -0.11524 | L9: =IF(H9>=J9,"✔ Met","✘ Not Met") -> ✘ Not Met | M9: =IF(H9>=0.6,"Sustain",IF(H9>=0.4,"Improve","Urgent Action")) -> Improve
A10: 3 | B10: PO3 | C10: Design/Development of Solutions | D10: ='PO Total Attainment'!D10 -> 0.56 | E10: =IF(D10>=0.6,3,IF(D10>=0.4,2,1)) -> 2 | F10: ='PO Total Attainment'!F10 -> 0.7239 | G10: =IF(F10>=0.6,3,IF(F10>=0.4,2,1)) -> 3 | H10: ='PO Total Attainment'!H10 -> 0.59278 | I10: =IF(H10>=0.6,3,IF(H10>=0.4,2,1)) -> 2 | J10: ='Input Data'!$G$5 -> 0.6 | K10: =H10-J10 -> -0.00722 | L10: =IF(H10>=J10,"✔ Met","✘ Not Met") -> ✘ Not Met | M10: =IF(H10>=0.6,"Sustain",IF(H10>=0.4,"Improve","Urgent Action")) -> Improve
A11: 4 | B11: PO4 | C11: Conduct Investigations of Complex Problems | D11: ='PO Total Attainment'!D11 -> 0.5393 | E11: =IF(D11>=0.6,3,IF(D11>=0.4,2,1)) -> 2 | F11: ='PO Total Attainment'!F11 -> 0.8076 | G11: =IF(F11>=0.6,3,IF(F11>=0.4,2,1)) -> 3 | H11: ='PO Total Attainment'!H11 -> 0.59296 | I11: =IF(H11>=0.6,3,IF(H11>=0.4,2,1)) -> 2 | J11: ='Input Data'!$G$5 -> 0.6 | K11: =H11-J11 -> -0.00704 | L11: =IF(H11>=J11,"✔ Met","✘ Not Met") -> ✘ Not Met | M11: =IF(H11>=0.6,"Sustain",IF(H11>=0.4,"Improve","Urgent Action")) -> Improve
A12: 5 | B12: PO5 | C12: Modern Tool Usage | D12: ='PO Total Attainment'!D12 -> 0.7446 | E12: =IF(D12>=0.6,3,IF(D12>=0.4,2,1)) -> 3 | F12: ='PO Total Attainment'!F12 -> 0.5025 | G12: =IF(F12>=0.6,3,IF(F12>=0.4,2,1)) -> 2 | H12: ='PO Total Attainment'!H12 -> 0.69618 | I12: =IF(H12>=0.6,3,IF(H12>=0.4,2,1)) -> 3 | J12: ='Input Data'!$G$5 -> 0.6 | K12: =H12-J12 -> 0.09618 | L12: =IF(H12>=J12,"✔ Met","✘ Not Met") -> ✔ Met | M12: =IF(H12>=0.6,"Sustain",IF(H12>=0.4,"Improve","Urgent Action")) -> Sustain
A13: 6 | B13: PO6 | C13: The Engineer and Society | D13: ='PO Total Attainment'!D13 -> 0.7207 | E13: =IF(D13>=0.6,3,IF(D13>=0.4,2,1)) -> 3 | F13: ='PO Total Attainment'!F13 -> 0.8062 | G13: =IF(F13>=0.6,3,IF(F13>=0.4,2,1)) -> 3 | H13: ='PO Total Attainment'!H13 -> 0.7378 | I13: =IF(H13>=0.6,3,IF(H13>=0.4,2,1)) -> 3 | J13: ='Input Data'!$G$5 -> 0.6 | K13: =H13-J13 -> 0.1378 | L13: =IF(H13>=J13,"✔ Met","✘ Not Met") -> ✔ Met | M13: =IF(H13>=0.6,"Sustain",IF(H13>=0.4,"Improve","Urgent Action")) -> Sustain
A14: 7 | B14: PO7 | C14: Environment and Sustainability | D14: ='PO Total Attainment'!D14 -> 0.8069 | E14: =IF(D14>=0.6,3,IF(D14>=0.4,2,1)) -> 3 | F14: ='PO Total Attainment'!F14 -> 0.7653 | G14: =IF(F14>=0.6,3,IF(F14>=0.4,2,1)) -> 3 | H14: ='PO Total Attainment'!H14 -> 0.79858 | I14: =IF(H14>=0.6,3,IF(H14>=0.4,2,1)) -> 3 | J14: ='Input Data'!$G$5 -> 0.6 | K14: =H14-J14 -> 0.19858 | L14: =IF(H14>=J14,"✔ Met","✘ Not Met") -> ✔ Met | M14: =IF(H14>=0.6,"Sustain",IF(H14>=0.4,"Improve","Urgent Action")) -> Sustain
A15: 8 | B15: PO8 | C15: Ethics | D15: ='PO Total Attainment'!D15 -> 0.4848 | E15: =IF(D15>=0.6,3,IF(D15>=0.4,2,1)) -> 2 | F15: ='PO Total Attainment'!F15 -> 0.6293 | G15: =IF(F15>=0.6,3,IF(F15>=0.4,2,1)) -> 3 | H15: ='PO Total Attainment'!H15 -> 0.5137 | I15: =IF(H15>=0.6,3,IF(H15>=0.4,2,1)) -> 2 | J15: ='Input Data'!$G$5 -> 0.6 | K15: =H15-J15 -> -0.0863 | L15: =IF(H15>=J15,"✔ Met","✘ Not Met") -> ✘ Not Met | M15: =IF(H15>=0.6,"Sustain",IF(H15>=0.4,"Improve","Urgent Action")) -> Improve
A16: 9 | B16: PO9 | C16: Individual and Team Work | D16: ='PO Total Attainment'!D16 -> 0.6188 | E16: =IF(D16>=0.6,3,IF(D16>=0.4,2,1)) -> 3 | F16: ='PO Total Attainment'!F16 -> 0.5591 | G16: =IF(F16>=0.6,3,IF(F16>=0.4,2,1)) -> 2 | H16: ='PO Total Attainment'!H16 -> 0.60686 | I16: =IF(H16>=0.6,3,IF(H16>=0.4,2,1)) -> 3 | J16: ='Input Data'!$G$5 -> 0.6 | K16: =H16-J16 -> 0.00686 | L16: =IF(H16>=J16,"✔ Met","✘ Not Met") -> ✔ Met | M16: =IF(H16>=0.6,"Sustain",IF(H16>=0.4,"Improve","Urgent Action")) -> Sustain
A17: 10 | B17: PO10 | C17: Communication | D17: ='PO Total Attainment'!D17 -> 0.4619 | E17: =IF(D17>=0.6,3,IF(D17>=0.4,2,1)) -> 2 | F17: ='PO Total Attainment'!F17 -> 0.8637 | G17: =IF(F17>=0.6,3,IF(F17>=0.4,2,1)) -> 3 | H17: ='PO Total Attainment'!H17 -> 0.54226 | I17: =IF(H17>=0.6,3,IF(H17>=0.4,2,1)) -> 2 | J17: ='Input Data'!$G$5 -> 0.6 | K17: =H17-J17 -> -0.05774 | L17: =IF(H17>=J17,"✔ Met","✘ Not Met") -> ✘ Not Met | M17: =IF(H17>=0.6,"Sustain",IF(H17>=0.4,"Improve","Urgent Action")) -> Improve
A18: 11 | B18: PO11 | C18: Project Management and Finance | D18: ='PO Total Attainment'!D18 -> 0.5375 | E18: =IF(D18>=0.6,3,IF(D18>=0.4,2,1)) -> 2 | F18: ='PO Total Attainment'!F18 -> 0.6279 | G18: =IF(F18>=0.6,3,IF(F18>=0.4,2,1)) -> 3 | H18: ='PO Total Attainment'!H18 -> 0.55558 | I18: =IF(H18>=0.6,3,IF(H18>=0.4,2,1)) -> 2 | J18: ='Input Data'!$G$5 -> 0.6 | K18: =H18-J18 -> -0.04442 | L18: =IF(H18>=J18,"✔ Met","✘ Not Met") -> ✘ Not Met | M18: =IF(H18>=0.6,"Sustain",IF(H18>=0.4,"Improve","Urgent Action")) -> Improve
A19: 12 | B19: PO12 | C19: Life-long Learning | D19: ='PO Total Attainment'!D19 -> 0.6521 | E19: =IF(D19>=0.6,3,IF(D19>=0.4,2,1)) -> 3 | F19: ='PO Total Attainment'!F19 -> 0.5352 | G19: =IF(F19>=0.6,3,IF(F19>=0.4,2,1)) -> 2 | H19: ='PO Total Attainment'!H19 -> 0.62872 | I19: =IF(H19>=0.6,3,IF(H19>=0.4,2,1)) -> 3 | J19: ='Input Data'!$G$5 -> 0.6 | K19: =H19-J19 -> 0.02872 | L19: =IF(H19>=J19,"✔ Met","✘ Not Met") -> ✔ Met | M19: =IF(H19>=0.6,"Sustain",IF(H19>=0.4,"Improve","Urgent Action")) -> Sustain
... A22: 15 | B22: PSO3 | C22: Demonstrate professional skills for industry/research | D22: ='PO Total Attainment'!D22 -> 0.71 | E22: =IF(D22>=0.6,3,IF(D22>=0.4,2,1)) -> 3 | F22: ='PO Total Attainment'!F22 -> 0.7294 | G22: =IF(F22>=0.6,3,IF(F22>=0.4,2,1)) -> 3 | H22: ='PO Total Attainment'!H22 -> 0.71388 | I22: =IF(H22>=0.6,3,IF(H22>=0.4,2,1)) -> 3 | J22: ='Input Data'!$G$5 -> 0.6 | K22: =H22-J22 -> 0.11388 | L22: =IF(H22>=J22,"✔ Met","✘ Not Met") -> ✔ Met | M22: =IF(H22>=0.6,"Sustain",IF(H22>=0.4,"Improve","Urgent Action")) -> Sustain
A24: PROGRAMME TOTAL ATTAINMENT | D24: =AVERAGE(D8:D22) -> 0.5995 | E24: =IF(D24>=0.6,3,IF(D24>=0.4,2,1)) -> 2 | F24: =AVERAGE(F8:F22) -> 0.67998667 | G24: =IF(F24>=0.6,3,IF(F24>=0.4,2,1)) -> 3 | H24: =AVERAGE(H8:H22) -> 0.61559733 | I24: =IF(H24>=0.6,3,IF(H24>=0.4,2,1)) -> 3 | J24: ='Input Data'!$G$5 -> 0.6 | K24: =H24-J24 -> 0.015597333 | L24: =IF(H24>=J24,"✔ Met","✘ Not Met") -> ✔ Met | M24: =IF(H24>=0.6,"Sustain",IF(H24>=0.4,"Improve","Urgent Action")) -> Sustain
A26: 📌 HOW TO USE: (1) Go to 'Input Data' sheet → Enter Direct Attainment % (Col D) from CO-PO calculation (2) Enter Indirect Attainment % (Col E) from survey tools (3) Adjust weights D5 & E5 (default: Direct 80%, Indirect 20%) (4) All sheets — PO Total Attainment, Attainment Analysis, and this Dashboard — auto-update instantly.

Sheet Attainment Analysis
A1: PO ATTAINMENT ANALYSIS — DIRECT vs INDIRECT vs TOTAL COMPARISON
A2: This sheet compares Direct, Indirect, and Total attainment side-by-side and shows impact of weight scenarios: NBA Standard (80/20), Equal (50/50), and Direct-Heavy (90/10).
A4: # | B4: PO/PSO | C4: Description | D4: Direct Att% | E4: Indirect Att% | F4: NBA Standard (80% Direct + 20% Indirect) | I4: Equal Weight (50% Direct + 50% Indirect) | L4: Direct Heavy (90% Direct + 10% Indirect) | O4: BEST / WORST CASE
F5: Total Att% | G5: Level (3/2/1) | H5: Gap | I5: Total Att% | J5: Level (3/2/1) | K5: Gap | L5: Total Att% | M5: Level (3/2/1) | N5: Gap | O5: Best | P5: Worst
A6: 1 | B6: PO1 | C6: Engineering Knowledge | D6: ='Input Data'!D8 -> 0.7058 | E6: ='Input Data'!E8 -> 0.7071 | F6: =D6*0.8+E6*0.2 -> 0.70606 | G6: =IF(F6>=0.6,3,IF(F6>=0.4,2,1)) -> 3 | H6: =F6-0.6 -> 0.10606 | I6: =D6*0.5+E6*0.5 -> 0.70645 | J6: =IF(I6>=0.6,3,IF(I6>=0.4,2,1)) -> 3 | K6: =I6-0.6 -> 0.10645 | L6: =D6*0.9+E6*0.1 -> 0.70593 | M6: =IF(L6>=0.6,3,IF(L6>=0.4,2,1)) -> 3 | N6: =L6-0.6 -> 0.10593 | O6: =MAX(F6,I6,L6) -> 0.70645 | P6: =MIN(F6,I6,L6) -> 0.70593
A7: 2 | B7: PO2 | C7: Problem Analysis | D7: ='Input Data'!D9 -> 0.46 | E7: ='Input Data'!E9 -> 0.5838 | F7: =D7*0.8+E7*0.2 -> 0.48476 | G7: =IF(F7>=0.6,3,IF(F7>=0.4,2,1)) -> 2 | H7: =F7-0.6 -> -0.11524 | I7: =D7*0.5+E7*0.5 -> 0.5219 | J7: =IF(I7>=0.6,3,IF(I7>=0.4,2,1)) -> 2 | K7: =I7-0.6 -> -0.0781 | L7: =D7*0.9+E7*0.1 -> 0.47238 | M7: =IF(L7>=0.6,3,IF(L7>=0.4,2,1)) -> 2 | N7: =L7-0.6 -> -0.12762 | O7: =MAX(F7,I7,L7) -> 0.5219 | P7: =MIN(F7,I7,L7) -> 0.47238
A8: 3 | B8: PO3 | C8: Design/Development of Solutions | D8: ='Input Data'!D10 -> 0.56 | E8: ='Input Data'!E10 -> 0.7239 | F8: =D8*0.8+E8*0.2 -> 0.59278 | G8: =IF(F8>=0.6,3,IF(F8>=0.4,2,1)) -> 2 | H8: =F8-0.6 -> -0.00722 | I8: =D8*0.5+E8*0.5 -> 0.64195 | J8: =IF(I8>=0.6,3,IF(I8>=0.4,2,1)) -> 3 | K8: =I8-0.6 -> 0.04195 | L8: =D8*0.9+E8*0.1 -> 0.57639 | M8: =IF(L8>=0.6,3,IF(L8>=0.4,2,1)) -> 2 | N8: =L8-0.6 -> -0.02361 | O8: =MAX(F8,I8,L8) -> 0.64195 | P8: =MIN(F8,I8,L8) -> 0.57639
A9: 4 | B9: PO4 | C9: Conduct Investigations of Complex Problems | D9: ='Input Data'!D11 -> 0.5393 | E9: ='Input Data'!E11 -> 0.8076 | F9: =D9*0.8+E9*0.2 -> 0.59296 | G9: =IF(F9>=0.6,3,IF(F9>=0.4,2,1)) -> 2 | H9: =F9-0.6 -> -0.00704 | I9: =D9*0.5+E9*0.5 -> 0.67345 | J9: =IF(I9>=0.6,3,IF(I9>=0.4,2,1)) -> 3 | K9: =I9-0.6 -> 0.07345 | L9: =D9*0.9+E9*0.1 -> 0.56613 | M9: =IF(L9>=0.6,3,IF(L9>=0.4,2,1)) -> 2 | N9: =L9-0.6 -> -0.03387 | O9: =MAX(F9,I9,L9) -> 0.67345 | P9: =MIN(F9,I9,L9) -> 0.56613
A10: 5 | B10: PO5 | C10: Modern Tool Usage | D10: ='Input Data'!D12 -> 0.7446 | E10: ='Input Data'!E12 -> 0.5025 | F10: =D10*0.8+E10*0.2 -> 0.69618 | G10: =IF(F10>=0.6,3,IF(F10>=0.4,2,1)) -> 3 | H10: =F10-0.6 -> 0.09618 | I10: =D10*0.5+E10*0.5 -> 0.62355 | J10: =IF(I10>=0.6,3,IF(I10>=0.4,2,1)) -> 3 | K10: =I10-0.6 -> 0.02355 | L10: =D10*0.9+E10*0.1 -> 0.72039 | M10: =IF(L10>=0.6,3,IF(L10>=0.4,2,1)) -> 3 | N10: =L10-0.6 -> 0.12039 | O10: =MAX(F10,I10,L10) -> 0.72039 | P10: =MIN(F10,I10,L10) -> 0.62355
A11: 6 | B11: PO6 | C11: The Engineer and Society | D11: ='Input Data'!D13 -> 0.7207 | E11: ='Input Data'!E13 -> 0.8062 | F11: =D11*0.8+E11*0.2 -> 0.7378 | G11: =IF(F11>=0.6,3,IF(F11>=0.4,2,1)) -> 3 | H11: =F11-0.6 -> 0.1378 | I11: =D11*0.5+E11*0.5 -> 0.76345 | J11: =IF(I11>=0.6,3,IF(I11>=0.4,2,1)) -> 3 | K11: =I11-0.6 -> 0.16345 | L11: =D11*0.9+E11*0.1 -> 0.72925 | M11: =IF(L11>=0.6,3,IF(L11>=0.4,2,1)) -> 3 | N11: =L11-0.6 -> 0.12925 | O11: =MAX(F11,I11,L11) -> 0.76345 | P11: =MIN(F11,I11,L11) -> 0.72925
A12: 7 | B12: PO7 | C12: Environment and Sustainability | D12: ='Input Data'!D14 -> 0.8069 | E12: ='Input Data'!E14 -> 0.7653 | F12: =D12*0.8+E12*0.2 -> 0.79858 | G12: =IF(F12>=0.6,3,IF(F12>=0.4,2,1)) -> 3 | H12: =F12-0.6 -> 0.19858 | I12: =D12*0.5+E12*0.5 -> 0.7861 | J12: =IF(I12>=0.6,3,IF(I12>=0.4,2,1)) -> 3 | K12: =I12-0.6 -> 0.1861 | L12: =D12*0.9+E12*0.1 -> 0.80274 | M12: =IF(L12>=0.6,3,IF(L12>=0.4,2,1)) -> 3 | N12: =L12-0.6 -> 0.20274 | O12: =MAX(F12,I12,L12) -> 0.80274 | P12: =MIN(F12,I12,L12) -> 0.7861
A13: 8 | B13: PO8 | C13: Ethics | D13: ='Input Data'!D15 -> 0.4848 | E13: ='Input Data'!E15 -> 0.6293 | F13: =D13*0.8+E13*0.2 -> 0.5137 | G13: =IF(F13>=0.6,3,IF(F13>=0.4,2,1)) -> 2 | H13: =F13-0.6 -> -0.0863 | I13: =D13*0.5+E13*0.5 -> 0.55705 | J13: =IF(I13>=0.6,3,IF(I13>=0.4,2,1)) -> 2 | K13: =I13-0.6 -> -0.04295 | L13: =D13*0.9+E13*0.1 -> 0.49925 | M13: =IF(L13>=0.6,3,IF(L13>=0.4,2,1)) -> 2 | N13: =L13-0.6 -> -0.10075 | O13: =MAX(F13,I13,L13) -> 0.55705 | P13: =MIN(F13,I13,L13) -> 0.49925
A14: 9 | B14: PO9 | C14: Individual and Team Work | D14: ='Input Data'!D16 -> 0.6188 | E14: ='Input Data'!E16 -> 0.5591 | F14: =D14*0.8+E14*0.2 -> 0.60686 | G14: =IF(F14>=0.6,3,IF(F14>=0.4,2,1)) -> 3 | H14: =F14-0.6 -> 0.00686 | I14: =D14*0.5+E14*0.5 -> 0.58895 | J14: =IF(I14>=0.6,3,IF(I14>=0.4,2,1)) -> 2 | K14: =I14-0.6 -> -0.01105 | L14: =D14*0.9+E14*0.1 -> 0.61283 | M14: =IF(L14>=0.6,3,IF(L14>=0.4,2,1)) -> 3 | N14: =L14-0.6 -> 0.01283 | O14: =MAX(F14,I14,L14) -> 0.61283 | P14: =MIN(F14,I14,L14) -> 0.58895
A15: 10 | B15: PO10 | C15: Communication | D15: ='Input Data'!D17 -> 0.4619 | E15: ='Input Data'!E17 -> 0.8637 | F15: =D15*0.8+E15*0.2 -> 0.54226 | G15: =IF(F15>=0.6,3,IF(F15>=0.4,2,1)) -> 2 | H15: =F15-0.6 -> -0.05774 | I15: =D15*0.5+E15*0.5 -> 0.6628 | J15: =IF(I15>=0.6,3,IF(I15>=0.4,2,1)) -> 3 | K15: =I15-0.6 -> 0.0628 | L15: =D15*0.9+E15*0.1 -> 0.50208 | M15: =IF(L15>=0.6,3,IF(L15>=0.4,2,1)) -> 2 | N15: =L15-0.6 -> -0.09792 | O15: =MAX(F15,I15,L15) -> 0.6628 | P15: =MIN(F15,I15,L15) -> 0.50208
A16: 11 | B16: PO11 | C16: Project Management and Finance | D16: ='Input Data'!D18 -> 0.5375 | E16: ='Input Data'!E18 -> 0.6279 | F16: =D16*0.8+E16*0.2 -> 0.55558 | G16: =IF(F16>=0.6,3,IF(F16>=0.4,2,1)) -> 2 | H16: =F16-0.6 -> -0.04442 | I16: =D16*0.5+E16*0.5 -> 0.5827 | J16: =IF(I16>=0.6,3,IF(I16>=0.4,2,1)) -> 2 | K16: =I16-0.6 -> -0.0173 | L16: =D16*0.9+E16*0.1 -> 0.54654 | M16: =IF(L16>=0.6,3,IF(L16>=0.4,2,1)) -> 2 | N16: =L16-0.6 -> -0.05346 | O16: =MAX(F16,I16,L16) -> 0.5827 | P16: =MIN(F16,I16,L16) -> 0.54654
A17: 12 | B17: PO12 | C17: Life-long Learning | D17: ='Input Data'!D19 -> 0.6521 | E17: ='Input Data'!E19 -> 0.5352 | F17: =D17*0.8+E17*0.2 -> 0.62872 | G17: =IF(F17>=0.6,3,IF(F17>=0.4,2,1)) -> 3 | H17: =F17-0.6 -> 0.02872 | I17: =D17*0.5+E17*0.5 -> 0.59365 | J17: =IF(I17>=0.6,3,IF(I17>=0.4,2,1)) -> 2 | K17: =I17-0.6 -> -0.00635 | L17: =D17*0.9+E17*0.1 -> 0.64041 | M17: =IF(L17>=0.6,3,IF(L17>=0.4,2,1)) -> 3 | N17: =L17-0.6 -> 0.04041 | O17: =MAX(F17,I17,L17) -> 0.64041 | P17: =MIN(F17,I17,L17) -> 0.59365
... A20: 15 | B20: PSO3 | C20: Demonstrate professional skills for industry/research | D20: ='Input Data'!D22 -> 0.71 | E20: ='Input Data'!E22 -> 0.7294 | F20: =D20*0.8+E20*0.2 -> 0.71388 | G20: =IF(F20>=0.6,3,IF(F20>=0.4,2,1)) -> 3 | H20: =F20-0.6 -> 0.11388 | I20: =D20*0.5+E20*0.5 -> 0.7197 | J20: =IF(I20>=0.6,3,IF(I20>=0.4,2,1)) -> 3 | K20: =I20-0.6 -> 0.1197 | L20: =D20*0.9+E20*0.1 -> 0.71194 | M20: =IF(L20>=0.6,3,IF(L20>=0.4,2,1)) -> 3 | N20: =L20-0.6 -> 0.11194 | O20: =MAX(F20,I20,L20) -> 0.7197 | P20: =MIN(F20,I20,L20) -> 0.71194
A22: PROGRAMME AVERAGE | D22: =AVERAGE(D6:D20) -> 0.5995 | E22: =AVERAGE(E6:E20) -> 0.67998667 | F22: =AVERAGE(F6:F20) -> 0.61559733 | G22: =AVERAGE(G6:G20) -> 2.4666667 | H22: =AVERAGE(H6:H20) -> 0.015597333 | I22: =AVERAGE(I6:I20) -> 0.63974333 | J22: =AVERAGE(J6:J20) -> 2.6 | K22: =AVERAGE(K6:K20) -> 0.039743333 | ... N22: =AVERAGE(N6:N20) -> 0.0075486667

Sheet Input Data
A1: PO / PSO TOTAL ATTAINMENT — INPUT & CONFIGURATION SHEET
A2: Enter Direct Attainment % and Indirect Attainment % in the YELLOW cells for each PO/PSO. Adjust weights in Row 5. All sheets recalculate automatically.
A4: WEIGHT CONFIGURATION | D4: Direct Attainment Weight | E4: Indirect Attainment Weight | F4: Total (Must = 100%) | G4: Target Attainment % | H4: NBA Guideline: Direct = 80%, Indirect = 20%
A5: Weights → | D5: 0.8 | E5: 0.2 | F5: =D5+E5 -> 1 | G5: 0.6 | H5: ← Edit D5 and E5 only. F5 auto-checks sum = 100%
A7: # | B7: PO / PSO | C7: Programme Outcome Description | D7: Direct Att% (Enter here) | E7: Indirect Att% (Enter here) | F7: Total Att% (Auto) | G7: Level (3/2/1) (Auto) | H7: Target (%) (Auto) | I7: Gap (Auto) | J7: Status (Auto)
A8: 1 | B8: PO1 | C8: Engineering Knowledge | D8: 0.7058 | E8: 0.7071 | F8: =D8*$D$5+E8*$E$5 -> 0.70606 | G8: =IF(F8>=0.6,3,IF(F8>=0.4,2,1)) -> 3 | H8: =$G$5 -> 0.6 | I8: =F8-H8 -> 0.10606 | J8: =IF(F8>=H8,"✔ Met","✘ Not Met") -> ✔ Met
A9: 2 | B9: PO2 | C9: Problem Analysis | D9: 0.46 | E9: 0.5838 | F9: =D9*$D$5+E9*$E$5 -> 0.48476 | G9: =IF(F9>=0.6,3,IF(F9>=0.4,2,1)) -> 2 | H9: =$G$5 -> 0.6 | I9: =F9-H9 -> -0.11524 | J9: =IF(F9>=H9,"✔ Met","✘ Not Met") -> ✘ Not Met
A10: 3 | B10: PO3 | C10: Design/Development of Solutions | D10: 0.56 | E10: 0.7239 | F10: =D10*$D$5+E10*$E$5 -> 0.59278 | G10: =IF(F10>=0.6,3,IF(F10>=0.4,2,1)) -> 2 | H10: =$G$5 -> 0.6 | I10: =F10-H10 -> -0.00722 | J10: =IF(F10>=H10,"✔ Met","✘ Not Met") -> ✘ Not Met
A11: 4 | B11: PO4 | C11: Conduct Investigations of Complex Problems | D11: 0.5393 | E11: 0.8076 | F11: =D11*$D$5+E11*$E$5 -> 0.59296 | G11: =IF(F11>=0.6,3,IF(F11>=0.4,2,1)) -> 2 | H11: =$G$5 -> 0.6 | I11: =F11-H11 -> -0.00704 | J11: =IF(F11>=H11,"✔ Met","✘ Not Met") -> ✘ Not Met
A12: 5 | B12: PO5 | C12: Modern Tool Usage | D12: 0.7446 | E12: 0.5025 | F12: =D12*$D$5+E12*$E$5 -> 0.69618 | G12: =IF(F12>=0.6,3,IF(F12>=0.4,2,1)) -> 3 | H12: =$G$5 -> 0.6 | I12: =F12-H12 -> 0.09618 | J12: =IF(F12>=H12,"✔ Met","✘ Not Met") -> ✔ Met
A13: 6 | B13: PO6 | C13: The Engineer and Society | D13: 0.7207 | E13: 0.8062 | F13: =D13*$D$5+E13*$E$5 -> 0.7378 | G13: =IF(F13>=0.6,3,IF(F13>=0.4,2,1)) -> 3 | H13: =$G$5 -> 0.6 | I13: =F13-H13 -> 0.1378 | J13: =IF(F13>=H13,"✔ Met","✘ Not Met") -> ✔ Met
A14: 7 | B14: PO7 | C14: Environment and Sustainability | D14: 0.8069 | E14: 0.7653 | F14: =D14*$D$5+E14*$E$5 -> 0.79858 | G14: =IF(F14>=0.6,3,IF(F14>=0.4,2,1)) -> 3 | H14: =$G$5 -> 0.6 | I14: =F14-H14 -> 0.19858 | J14: =IF(F14>=H14,"✔ Met","✘ Not Met") -> ✔ Met
A15: 8 | B15: PO8 | C15: Ethics | D15: 0.4848 | E15: 0.6293 | F15: =D15*$D$5+E15*$E$5 -> 0.5137 | G15: =IF(F15>=0.6,3,IF(F15>=0.4,2,1)) -> 2 | H15: =$G$5 -> 0.6 | I15: =F15-H15 -> -0.0863 | J15: =IF(F15>=H15,"✔ Met","✘ Not Met") -> ✘ Not Met
A16: 9 | B16: PO9 | C16: Individual and Team Work | D16: 0.6188 | E16: 0.5591 | F16: =D16*$D$5+E16*$E$5 -> 0.60686 | G16: =IF(F16>=0.6,3,IF(F16>=0.4,2,1)) -> 3 | H16: =$G$5 -> 0.6 | I16: =F16-H16 -> 0.00686 | J16: =IF(F16>=H16,"✔ Met","✘ Not Met") -> ✔ Met
A17: 10 | B17: PO10 | C17: Communication | D17: 0.4619 | E17: 0.8637 | F17: =D17*$D$5+E17*$E$5 -> 0.54226 | G17: =IF(F17>=0.6,3,IF(F17>=0.4,2,1)) -> 2 | H17: =$G$5 -> 0.6 | I17: =F17-H17 -> -0.05774 | J17: =IF(F17>=H17,"✔ Met","✘ Not Met") -> ✘ Not Met
A18: 11 | B18: PO11 | C18: Project Management and Finance | D18: 0.5375 | E18: 0.6279 | F18: =D18*$D$5+E18*$E$5 -> 0.55558 | G18: =IF(F18>=0.6,3,IF(F18>=0.4,2,1)) -> 2 | H18: =$G$5 -> 0.6 | I18: =F18-H18 -> -0.04442 | J18: =IF(F18>=H18,"✔ Met","✘ Not Met") -> ✘ Not Met
A19: 12 | B19: PO12 | C19: Life-long Learning | D19: 0.6521 | E19: 0.5352 | F19: =D19*$D$5+E19*$E$5 -> 0.62872 | G19: =IF(F19>=0.6,3,IF(F19>=0.4,2,1)) -> 3 | H19: =$G$5 -> 0.6 | I19: =F19-H19 -> 0.02872 | J19: =IF(F19>=H19,"✔ Met","✘ Not Met") -> ✔ Met
... A22: 15 | B22: PSO3 | C22: Demonstrate professional skills for industry/research | D22: 0.71 | E22: 0.7294 | F22: =D22*$D$5+E22*$E$5 -> 0.71388 | G22: =IF(F22>=0.6,3,IF(F22>=0.4,2,1)) -> 3 | H22: =$G$5 -> 0.6 | I22: =F22-H22 -> 0.11388 | J22: =IF(F22>=H22,"✔ Met","✘ Not Met") -> ✔ Met
A24: PROGRAMME OVERALL | D24: =AVERAGE(D8:D22) -> 0.5995 | E24: =AVERAGE(E8:E22) -> 0.67998667 | F24: =AVERAGE(F8:F22) -> 0.61559733 | G24: =IF(F24>=0.6,3,IF(F24>=0.4,2,1)) -> 3 | H24: =$G$5 -> 0.6 | I24: =F24-H24 -> 0.015597333 | J24: =IF(F24>=H24,"✔ Met","✘ Not Met") -> ✔ Met
A26: 📌 INSTRUCTIONS: (1) Enter Direct Attainment % in Column D (from CO-PO mapping × CO attainment) (2) Enter Indirect Attainment % in Column E (from surveys/feedback) (3) Adjust weights in D5 & E5 (must total 100%) (4) All other columns & sheets auto-update.
