Workbook

Sheet Rubric Framework
A1: PRESENTATION RUBRIC — EVALUATION FRAMEWORK
A2: Department of Computer Science & Engineering | Academic Year 2024-25 | Based on: Rubrics Guidelines Document — Section 2: Presentation Rubric
A3: SCORING SCALE | C3: 4 — Excellent | D3: 3 — Good | E3: 2 — Fair | F3: 1 — Poor | G3: Total Marks = Σ(Score × Criterion Weight × 25) | Maximum = 100 | CO Attainment = Total / 100
A5: # | B5: Criteria | C5: Weight | D5: Max Marks | E5: Excellent (4) | F5: Good (3) | G5: Fair (2) | H5: Poor (1) | I5: Skill Assessed | J5: PO Link
A6: 1 | B6: Subject Knowledge | C6: 0.3 | D6: 30 | E6: Excellent mastery of topic; answers all questions confidently with depth and accuracy | F6: Good understanding of the topic; minor gaps in advanced concepts | G6: Moderate understanding; struggles with in-depth questions | H6: Weak understanding; unable to answer basic questions | I6: Cognitive / Technical | J6: PO1, PO2
A7: 2 | B7: Communication Skills | C7: 0.2 | D7: 20 | E7: Clear, confident, fluent delivery; excellent vocabulary and pace | F7: Mostly clear delivery with minor hesitations; good vocabulary | G7: Moderate clarity; noticeable hesitation and limited vocabulary | H7: Poor communication; unclear delivery and very limited expression | I7: Verbal Communication | J7: PO10
A8: 3 | B8: Presentation Organization | C8: 0.15 | D8: 15 | E8: Highly organized; clear introduction, logical flow, strong conclusion | F8: Well organized with minor structural issues | G8: Partially organized; some sections lack logical flow | H8: Disorganized; no clear structure; ideas presented randomly | I8: Planning / Structure | J8: PO10, PO11
A9: 4 | B9: Visual Aids | C9: 0.1 | D9: 10 | E9: Effective, professional slides; appropriate use of visuals, diagrams and data | F9: Good visual support; minor design issues | G9: Limited effectiveness; cluttered or poorly designed slides | H9: Poor or no visual aids; slides are unreadable or absent | I9: Technical Design | J9: PO5, PO10
A10: 5 | B10: Audience Interaction | C10: 0.1 | D10: 10 | E10: Excellent audience engagement; encourages questions and discussion | F10: Good interaction; responds well to audience questions | G10: Limited interaction; mostly one-way presentation | H10: No interaction with audience; ignores questions | I10: Teamwork / Leadership | J10: PO9
A11: 6 | B11: Time Management | C11: 0.1 | D11: 10 | E11: Excellent time management; completes within allotted time perfectly | F11: Minor deviation from allotted time; well-managed | G11: Moderate deviation; either too short or too long | H11: Poor time management; significantly over/under time | I11: Project Management | J11: PO11
A12: 7 | B12: Confidence & Professionalism | C12: 0.05 | D12: 5 | E12: Highly confident, professional demeanor, strong eye contact | F12: Good professionalism; mostly confident with minor lapses | G12: Moderate confidence; nervous behavior visible | H12: Weak professionalism; very nervous or unprofessional | I12: Professional Behavior | J12: PO9, PO12
A14: TOTAL | C14: 100% | D14: 100
A16: OBJECTIVES OF PRESENTATION RUBRIC
A17: ✔ Assess verbal communication, clarity and language proficiency
A18: ✔ Evaluate subject knowledge, technical accuracy and depth
A19: ✔ Measure presentation structure, logic and organization
A20: ✔ Assess professional behavior, confidence and audience engagement
A21: ✔ Support CO/PO attainment through structured rubric scoring
A23: SKILLS ASSESSED & RELATED PROGRAMME OUTCOMES
A24: Communication | B24: Verbal clarity, language proficiency, presentation delivery | J24: PO10
A25: Leadership | B25: Audience engagement, confidence, assertiveness | J25: PO9
A26: Confidence | B26: Eye contact, posture, composure under pressure | J26: PO9, PO12
A27: Public Speaking | B27: Organized delivery, effective pacing, audience awareness | J27: PO10
A28: Professional Behavior | B28: Professional appearance, etiquette, responsiveness | J28: PO9, PO12

Sheet Score Entry
A1: PRESENTATION RUBRIC — FACULTY SCORE ENTRY SHEET
A2: Enter Score (1=Poor / 2=Fair / 3=Good / 4=Excellent) in YELLOW cells per criterion per student | All weighted marks, total, grade, CO attainment auto-calculate
A4: Course Name: | C4: Course Code: | E4: Presentation Type: | F4: Seminar / Project / Technical Talk | G4: Topic / Title:
A5: Max Marks: | B5: 100 | C5: Presentation Date: | E5: Evaluator: | G5: Semester / Year:
A7: Score Guide → | C7: 4 = Excellent | D7: 3 = Good | E7: 2 = Fair | F7: 1 = Poor | G7: Weighted Marks = Score / 4 × Criterion Max Marks | Total = Σ Weighted Marks | Grade: O≥90 A+≥75 A≥60 B+≥50 B≥40 F<40
A9: STUDENT INFORMATION | D9: C1: Subject Knowledge Weight: 30% Max: 30M | F9: C2: Communication Skills Weight: 20% Max: 20M | H9: C3: Presentation Organization Weight: 15% Max: 15M | J9: C4: Visual Aids Weight: 10% Max: 10M | L9: C5: Audience Interaction Weight: 10% Max: 10M | N9: C6: Time Management Weight: 10% Max: 10M | P9: C7: Confidence & Professionalism Weight: 5% Max: 5M | R9: Total /100 | S9: Percentage % | T9: Grade | U9: CO Att% | V9: Result
A10: S.No | Reg No | Student Name | D10: Score (1–4) | E10: Wtd Marks | F10: Score (1–4) | G10: Wtd Marks | H10: Score (1–4) | I10: Wtd Marks | J10: Score (1–4) | K10: Wtd Marks | L10: Score (1–4) | M10: Wtd Marks | N10: Score (1–4) | O10: Wtd Marks | P10: Score (1–4) | Q10: Wtd Marks
A11: ← Weightages → | D11: 30% | E11: Max 30M | F11: 20% | G11: Max 20M | H11: 15% | I11: Max 15M | J11: 10% | K11: Max 10M | L11: 10% | M11: Max 10M | N11: 10% | O11: Max 10M | P11: 5% | Q11: Max 5M
A12: 1 | B12: R001 | C12: Aarav Sharma | D12: 1 | E12: =IFERROR(D12/4*30,0) -> 7.5 | F12: 2 | G12: =IFERROR(F12/4*20,0) -> 10 | H12: 2 | I12: =IFERROR(H12/4*15,0) -> 7.5 | J12: 3 | K12: =IFERROR(J12/4*10,0) -> 7.5 | L12: 1 | M12: =IFERROR(L12/4*10,0) -> 2.5 | N12: 2 | O12: =IFERROR(N12/4*10,0) -> 5 | P12: 3 | Q12: =IFERROR(P12/4*5,0) -> 3.75 | R12: =SUM(E12,G12,I12,K12,M12,O12,Q12) -> 43.75 | S12: =R12 -> 43.75 | T12: =IF(R12>=90,"O",IF(R12>=75,"A+",IF(R12>=60,"A",IF(R12>=50,"B+",IF(R12>=40,"B","F"))))) -> B | U12: =R12/100 -> 0.4375 | V12: =IF(R12>=40,"Pass","Fail") -> Pass
A13: 2 | B13: R002 | C13: Priya Patel | D13: 1 | E13: =IFERROR(D13/4*30,0) -> 7.5 | F13: 3 | G13: =IFERROR(F13/4*20,0) -> 15 | H13: 4 | I13: =IFERROR(H13/4*15,0) -> 15 | J13: 4 | K13: =IFERROR(J13/4*10,0) -> 10 | L13: 4 | M13: =IFERROR(L13/4*10,0) -> 10 | N13: 4 | O13: =IFERROR(N13/4*10,0) -> 10 | P13: 3 | Q13: =IFERROR(P13/4*5,0) -> 3.75 | R13: =SUM(E13,G13,I13,K13,M13,O13,Q13) -> 71.25 | S13: =R13 -> 71.25 | T13: =IF(R13>=90,"O",IF(R13>=75,"A+",IF(R13>=60,"A",IF(R13>=50,"B+",IF(R13>=40,"B","F"))))) -> A | U13: =R13/100 -> 0.7125 | V13: =IF(R13>=40,"Pass","Fail") -> Pass
A14: 3 | B14: R003 | C14: Rohan Mehta | D14: 4 | E14: =IFERROR(D14/4*30,0) -> 30 | F14: 1 | G14: =IFERROR(F14/4*20,0) -> 5 | H14: 3 | I14: =IFERROR(H14/4*15,0) -> 11.25 | J14: 1 | K14: =IFERROR(J14/4*10,0) -> 2.5 | L14: 2 | M14: =IFERROR(L14/4*10,0) -> 5 | N14: 1 | O14: =IFERROR(N14/4*10,0) -> 2.5 | P14: 4 | Q14: =IFERROR(P14/4*5,0) -> 5 | R14: =SUM(E14,G14,I14,K14,M14,O14,Q14) -> 61.25 | S14: =R14 -> 61.25 | T14: =IF(R14>=90,"O",IF(R14>=75,"A+",IF(R14>=60,"A",IF(R14>=50,"B+",IF(R14>=40,"B","F"))))) -> A | U14: =R14/100 -> 0.6125 | V14: =IF(R14>=40,"Pass","Fail") -> Pass
A15: 4 | B15: R004 | C15: Sneha Reddy | D15: 2 | E15: =IFERROR(D15/4*30,0) -> 15 | F15: 1 | G15: =IFERROR(F15/4*20,0) -> 5 | H15: 4 | I15: =IFERROR(H15/4*15,0) -> 15 | J15: 2 | K15: =IFERROR(J15/4*10,0) -> 5 | L15: 1 | M15: =IFERROR(L15/4*10,0) -> 2.5 | N15: 4 | O15: =IFERROR(N15/4*10,0) -> 10 | P15: 2 | Q15: =IFERROR(P15/4*5,0) -> 2.5 | R15: =SUM(E15,G15,I15,K15,M15,O15,Q15) -> 55 | S15: =R15 -> 55 | T15: =IF(R15>=90,"O",IF(R15>=75,"A+",IF(R15>=60,"A",IF(R15>=50,"B+",IF(R15>=40,"B","F"))))) -> B+ | U15: =R15/100 -> 0.55 | V15: =IF(R15>=40,"Pass","Fail") -> Pass
A16: 5 | B16: R005 | C16: Vikram Singh | D16: 2 | E16: =IFERROR(D16/4*30,0) -> 15 | F16: 2 | G16: =IFERROR(F16/4*20,0) -> 10 | H16: 4 | I16: =IFERROR(H16/4*15,0) -> 15 | J16: 2 | K16: =IFERROR(J16/4*10,0) -> 5 | L16: 3 | M16: =IFERROR(L16/4*10,0) -> 7.5 | N16: 3 | O16: =IFERROR(N16/4*10,0) -> 7.5 | P16: 1 | Q16: =IFERROR(P16/4*5,0) -> 1.25 | R16: =SUM(E16,G16,I16,K16,M16,O16,Q16) -> 61.25 | S16: =R16 -> 61.25 | T16: =IF(R16>=90,"O",IF(R16>=75,"A+",IF(R16>=60,"A",IF(R16>=50,"B+",IF(R16>=40,"B","F"))))) -> A | U16: =R16/100 -> 0.6125 | V16: =IF(R16>=40,"Pass","Fail") -> Pass
A17: 6 | B17: R006 | C17: Anjali Nair | D17: 1 | E17: =IFERROR(D17/4*30,0) -> 7.5 | F17: 4 | G17: =IFERROR(F17/4*20,0) -> 20 | H17: 3 | I17: =IFERROR(H17/4*15,0) -> 11.25 | J17: 3 | K17: =IFERROR(J17/4*10,0) -> 7.5 | L17: 3 | M17: =IFERROR(L17/4*10,0) -> 7.5 | N17: 2 | O17: =IFERROR(N17/4*10,0) -> 5 | P17: 2 | Q17: =IFERROR(P17/4*5,0) -> 2.5 | R17: =SUM(E17,G17,I17,K17,M17,O17,Q17) -> 61.25 | S17: =R17 -> 61.25 | T17: =IF(R17>=90,"O",IF(R17>=75,"A+",IF(R17>=60,"A",IF(R17>=50,"B+",IF(R17>=40,"B","F"))))) -> A | U17: =R17/100 -> 0.6125 | V17: =IF(R17>=40,"Pass","Fail") -> Pass
A18: 7 | B18: R007 | C18: Kiran Kumar | D18: 4 | E18: =IFERROR(D18/4*30,0) -> 30 | F18: 2 | G18: =IFERROR(F18/4*20,0) -> 10 | H18: 2 | I18: =IFERROR(H18/4*15,0) -> 7.5 | J18: 2 | K18: =IFERROR(J18/4*10,0) -> 5 | L18: 3 | M18: =IFERROR(L18/4*10,0) -> 7.5 | N18: 2 | O18: =IFERROR(N18/4*10,0) -> 5 | P18: 4 | Q18: =IFERROR(P18/4*5,0) -> 5 | R18: =SUM(E18,G18,I18,K18,M18,O18,Q18) -> 70 | S18: =R18 -> 70 | T18: =IF(R18>=90,"O",IF(R18>=75,"A+",IF(R18>=60,"A",IF(R18>=50,"B+",IF(R18>=40,"B","F"))))) -> A | U18: =R18/100 -> 0.7 | V18: =IF(R18>=40,"Pass","Fail") -> Pass
A19: 8 | B19: R008 | C19: Divya Rao | D19: 2 | E19: =IFERROR(D19/4*30,0) -> 15 | F19: 3 | G19: =IFERROR(F19/4*20,0) -> 15 | H19: 2 | I19: =IFERROR(H19/4*15,0) -> 7.5 | J19: 4 | K19: =IFERROR(J19/4*10,0) -> 10 | L19: 4 | M19: =IFERROR(L19/4*10,0) -> 10 | N19: 1 | O19: =IFERROR(N19/4*10,0) -> 2.5 | P19: 4 | Q19: =IFERROR(P19/4*5,0) -> 5 | R19: =SUM(E19,G19,I19,K19,M19,O19,Q19) -> 65 | S19: =R19 -> 65 | T19: =IF(R19>=90,"O",IF(R19>=75,"A+",IF(R19>=60,"A",IF(R19>=50,"B+",IF(R19>=40,"B","F"))))) -> A | U19: =R19/100 -> 0.65 | V19: =IF(R19>=40,"Pass","Fail") -> Pass
A20: 9 | B20: R009 | C20: Arjun Gupta | D20: 1 | E20: =IFERROR(D20/4*30,0) -> 7.5 | F20: 3 | G20: =IFERROR(F20/4*20,0) -> 15 | H20: 1 | I20: =IFERROR(H20/4*15,0) -> 3.75 | J20: 3 | K20: =IFERROR(J20/4*10,0) -> 7.5 | L20: 3 | M20: =IFERROR(L20/4*10,0) -> 7.5 | N20: 3 | O20: =IFERROR(N20/4*10,0) -> 7.5 | P20: 3 | Q20: =IFERROR(P20/4*5,0) -> 3.75 | R20: =SUM(E20,G20,I20,K20,M20,O20,Q20) -> 52.5 | S20: =R20 -> 52.5 | T20: =IF(R20>=90,"O",IF(R20>=75,"A+",IF(R20>=60,"A",IF(R20>=50,"B+",IF(R20>=40,"B","F"))))) -> B+ | U20: =R20/100 -> 0.525 | V20: =IF(R20>=40,"Pass","Fail") -> Pass
A21: 10 | B21: R010 | C21: Pooja Iyer | D21: 2 | E21: =IFERROR(D21/4*30,0) -> 15 | F21: 1 | G21: =IFERROR(F21/4*20,0) -> 5 | H21: 4 | I21: =IFERROR(H21/4*15,0) -> 15 | J21: 4 | K21: =IFERROR(J21/4*10,0) -> 10 | L21: 4 | M21: =IFERROR(L21/4*10,0) -> 10 | N21: 4 | O21: =IFERROR(N21/4*10,0) -> 10 | P21: 1 | Q21: =IFERROR(P21/4*5,0) -> 1.25 | R21: =SUM(E21,G21,I21,K21,M21,O21,Q21) -> 66.25 | S21: =R21 -> 66.25 | T21: =IF(R21>=90,"O",IF(R21>=75,"A+",IF(R21>=60,"A",IF(R21>=50,"B+",IF(R21>=40,"B","F"))))) -> A | U21: =R21/100 -> 0.6625 | V21: =IF(R21>=40,"Pass","Fail") -> Pass
A22: 11 | B22: R011 | C22: Rahul Verma | D22: 4 | E22: =IFERROR(D22/4*30,0) -> 30 | F22: 3 | G22: =IFERROR(F22/4*20,0) -> 15 | H22: 3 | I22: =IFERROR(H22/4*15,0) -> 11.25 | J22: 1 | K22: =IFERROR(J22/4*10,0) -> 2.5 | L22: 3 | M22: =IFERROR(L22/4*10,0) -> 7.5 | N22: 2 | O22: =IFERROR(N22/4*10,0) -> 5 | P22: 4 | Q22: =IFERROR(P22/4*5,0) -> 5 | R22: =SUM(E22,G22,I22,K22,M22,O22,Q22) -> 76.25 | S22: =R22 -> 76.25 | T22: =IF(R22>=90,"O",IF(R22>=75,"A+",IF(R22>=60,"A",IF(R22>=50,"B+",IF(R22>=40,"B","F"))))) -> A+ | U22: =R22/100 -> 0.7625 | V22: =IF(R22>=40,"Pass","Fail") -> Pass
A23: 12 | B23: R012 | C23: Meera Joshi | D23: 4 | E23: =IFERROR(D23/4*30,0) -> 30 | F23: 4 | G23: =IFERROR(F23/4*20,0) -> 20 | H23: 2 | I23: =IFERROR(H23/4*15,0) -> 7.5 | J23: 3 | K23: =IFERROR(J23/4*10,0) -> 7.5 | L23: 1 | M23: =IFERROR(L23/4*10,0) -> 2.5 | N23: 2 | O23: =IFERROR(N23/4*10,0) -> 5 | P23: 3 | Q23: =IFERROR(P23/4*5,0) -> 3.75 | R23: =SUM(E23,G23,I23,K23,M23,O23,Q23) -> 76.25 | S23: =R23 -> 76.25 | T23: =IF(R23>=90,"O",IF(R23>=75,"A+",IF(R23>=60,"A",IF(R23>=50,"B+",IF(R23>=40,"B","F"))))) -> A+ | U23: =R23/100 -> 0.7625 | V23: =IF(R23>=40,"Pass","Fail") -> Pass
... A41: 30 | B41: R030 | C41: Hema Pillai | D41: 3 | E41: =IFERROR(D41/4*30,0) -> 22.5 | F41: 4 | G41: =IFERROR(F41/4*20,0) -> 20 | H41: 1 | I41: =IFERROR(H41/4*15,0) -> 3.75 | J41: 2 | K41: =IFERROR(J41/4*10,0) -> 5 | L41: 3 | M41: =IFERROR(L41/4*10,0) -> 7.5 | N41: 4 | O41: =IFERROR(N41/4*10,0) -> 10 | P41: 3 | Q41: =IFERROR(P41/4*5,0) -> 3.75 | R41: =SUM(E41,G41,I41,K41,M41,O41,Q41) -> 72.5 | S41: =R41 -> 72.5 | T41: =IF(R41>=90,"O",IF(R41>=75,"A+",IF(R41>=60,"A",IF(R41>=50,"B+",IF(R41>=40,"B","F"))))) -> A | U41: =R41/100 -> 0.725 | V41: =IF(R41>=40,"Pass","Fail") -> Pass
A43: CLASS AVERAGE | D43: =AVERAGE(D12:D41) -> 2.4 | E43: =AVERAGE(E12:E41) -> 18 | F43: =AVERAGE(F12:F41) -> 2.4 | G43: =AVERAGE(G12:G41) -> 12 | H43: =AVERAGE(H12:H41) -> 2.6666667 | I43: =AVERAGE(I12:I41) -> 10 | J43: =AVERAGE(J12:J41) -> 2.3333333 | K43: =AVERAGE(K12:K41) -> 5.8333333 | ... R43: =AVERAGE(R12:R41) -> 62.333333
A44: HIGHEST MARKS | R44: =MAX(R12:R41) -> 90
A45: LOWEST MARKS | R45: =MIN(R12:R41) -> 37.5
A46: PASS COUNT | R46: =COUNTIF(R12:R41,">=40") -> 29
A47: FAIL COUNT | R47: =COUNTIF(R12:R41,"<40") -> 1
A48: CO ATTAINMENT | R48: =AVERAGE(U12:U41) -> 0.62333333
A50: GRADE DISTRIBUTION | D50: O (≥90) | E50: =COUNTIF(R12:R41,">=90") -> 1 | F50: A+ (≥75) | G50: =COUNTIF(R12:R41,">=75") -> 5 | H50: A (≥60) | I50: =COUNTIF(R12:R41,">=60") -> 20 | J50: B+ (≥50) | K50: =COUNTIF(R12:R41,">=50") -> 25 | L50: B (≥40) | M50: =COUNTIF(R12:R41,">=40") -> 29 | N50: F (<40) | O50: =COUNTIF(R12:R41,"<40") -> 1

Sheet Student Dashboard
A1: PRESENTATION RUBRIC — STUDENT PERFORMANCE DASHBOARD
A2: All values auto-linked from Score Entry. Criterion scores, totals, grades and CO attainment at a glance.
A4: GRADE SCALE → | C4: O ≥90 | D4: A+ ≥75 | E4: A ≥60 | F4: B+ ≥50 | G4: B ≥40 | H4: F <40 | I4: CO Attainment: ≥60% = High (Level 3) | 40–59% = Medium (Level 2) | <40% = Low (Level 1)
A6: # | B6: Reg No | C6: Student Name | D6: C1 | E6: C2 | F6: C3 | G6: C4 | H6: C5 | I6: C6 | J6: C7 | K6: Total | L6: Grade | M6: CO Att% | N6: Att Level | O6: Result
A7: 1 | B7: ='Score Entry'!B12 -> R001 | C7: ='Score Entry'!C12 -> Aarav Sharma | D7: ='Score Entry'!D12 -> 1 | E7: ='Score Entry'!F12 -> 2 | F7: ='Score Entry'!H12 -> 2 | G7: ='Score Entry'!J12 -> 3 | H7: ='Score Entry'!L12 -> 1 | I7: ='Score Entry'!N12 -> 2 | J7: ='Score Entry'!P12 -> 3 | K7: ='Score Entry'!R12 -> 43.75 | L7: ='Score Entry'!T12 -> B | M7: ='Score Entry'!U12 -> 0.4375 | N7: =IF(M7>=60%,"High(3)",IF(M7>=40%,"Med(2)","Low(1)")) -> Med(2) | O7: ='Score Entry'!V12 -> Pass
A8: 2 | B8: ='Score Entry'!B13 -> R002 | C8: ='Score Entry'!C13 -> Priya Patel | D8: ='Score Entry'!D13 -> 1 | E8: ='Score Entry'!F13 -> 3 | F8: ='Score Entry'!H13 -> 4 | G8: ='Score Entry'!J13 -> 4 | H8: ='Score Entry'!L13 -> 4 | I8: ='Score Entry'!N13 -> 4 | J8: ='Score Entry'!P13 -> 3 | K8: ='Score Entry'!R13 -> 71.25 | L8: ='Score Entry'!T13 -> A | M8: ='Score Entry'!U13 -> 0.7125 | N8: =IF(M8>=60%,"High(3)",IF(M8>=40%,"Med(2)","Low(1)")) -> High(3) | O8: ='Score Entry'!V13 -> Pass
A9: 3 | B9: ='Score Entry'!B14 -> R003 | C9: ='Score Entry'!C14 -> Rohan Mehta | D9: ='Score Entry'!D14 -> 4 | E9: ='Score Entry'!F14 -> 1 | F9: ='Score Entry'!H14 -> 3 | G9: ='Score Entry'!J14 -> 1 | H9: ='Score Entry'!L14 -> 2 | I9: ='Score Entry'!N14 -> 1 | J9: ='Score Entry'!P14 -> 4 | K9: ='Score Entry'!R14 -> 61.25 | L9: ='Score Entry'!T14 -> A | M9: ='Score Entry'!U14 -> 0.6125 | N9: =IF(M9>=60%,"High(3)",IF(M9>=40%,"Med(2)","Low(1)")) -> High(3) | O9: ='Score Entry'!V14 -> Pass
A10: 4 | B10: ='Score Entry'!B15 -> R004 | C10: ='Score Entry'!C15 -> Sneha Reddy | D10: ='Score Entry'!D15 -> 2 | E10: ='Score Entry'!F15 -> 1 | F10: ='Score Entry'!H15 -> 4 | G10: ='Score Entry'!J15 -> 2 | H10: ='Score Entry'!L15 -> 1 | I10: ='Score Entry'!N15 -> 4 | J10: ='Score Entry'!P15 -> 2 | K10: ='Score Entry'!R15 -> 55 | L10: ='Score Entry'!T15 -> B+ | M10: ='Score Entry'!U15 -> 0.55 | N10: =IF(M10>=60%,"High(3)",IF(M10>=40%,"Med(2)","Low(1)")) -> Med(2) | O10: ='Score Entry'!V15 -> Pass
A11: 5 | B11: ='Score Entry'!B16 -> R005 | C11: ='Score Entry'!C16 -> Vikram Singh | D11: ='Score Entry'!D16 -> 2 | E11: ='Score Entry'!F16 -> 2 | F11: ='Score Entry'!H16 -> 4 | G11: ='Score Entry'!J16 -> 2 | H11: ='Score Entry'!L16 -> 3 | I11: ='Score Entry'!N16 -> 3 | J11: ='Score Entry'!P16 -> 1 | K11: ='Score Entry'!R16 -> 61.25 | L11: ='Score Entry'!T16 -> A | M11: ='Score Entry'!U16 -> 0.6125 | N11: =IF(M11>=60%,"High(3)",IF(M11>=40%,"Med(2)","Low(1)")) -> High(3) | O11: ='Score Entry'!V16 -> Pass
A12: 6 | B12: ='Score Entry'!B17 -> R006 | C12: ='Score Entry'!C17 -> Anjali Nair | D12: ='Score Entry'!D17 -> 1 | E12: ='Score Entry'!F17 -> 4 | F12: ='Score Entry'!H17 -> 3 | G12: ='Score Entry'!J17 -> 3 | H12: ='Score Entry'!L17 -> 3 | I12: ='Score Entry'!N17 -> 2 | J12: ='Score Entry'!P17 -> 2 | K12: ='Score Entry'!R17 -> 61.25 | L12: ='Score Entry'!T17 -> A | M12: ='Score Entry'!U17 -> 0.6125 | N12: =IF(M12>=60%,"High(3)",IF(M12>=40%,"Med(2)","Low(1)")) -> High(3) | O12: ='Score Entry'!V17 -> Pass
A13: 7 | B13: ='Score Entry'!B18 -> R007 | C13: ='Score Entry'!C18 -> Kiran Kumar | D13: ='Score Entry'!D18 -> 4 | E13: ='Score Entry'!F18 -> 2 | F13: ='Score Entry'!H18 -> 2 | G13: ='Score Entry'!J18 -> 2 | H13: ='Score Entry'!L18 -> 3 | I13: ='Score Entry'!N18 -> 2 | J13: ='Score Entry'!P18 -> 4 | K13: ='Score Entry'!R18 -> 70 | L13: ='Score Entry'!T18 -> A | M13: ='Score Entry'!U18 -> 0.7 | N13: =IF(M13>=60%,"High(3)",IF(M13>=40%,"Med(2)","Low(1)")) -> High(3) | O13: ='Score Entry'!V18 -> Pass
A14: 8 | B14: ='Score Entry'!B19 -> R008 | C14: ='Score Entry'!C19 -> Divya Rao | D14: ='Score Entry'!D19 -> 2 | E14: ='Score Entry'!F19 -> 3 | F14: ='Score Entry'!H19 -> 2 | G14: ='Score Entry'!J19 -> 4 | H14: ='Score Entry'!L19 -> 4 | I14: ='Score Entry'!N19 -> 1 | J14: ='Score Entry'!P19 -> 4 | K14: ='Score Entry'!R19 -> 65 | L14: ='Score Entry'!T19 -> A | M14: ='Score Entry'!U19 -> 0.65 | N14: =IF(M14>=60%,"High(3)",IF(M14>=40%,"Med(2)","Low(1)")) -> High(3) | O14: ='Score Entry'!V19 -> Pass
A15: 9 | B15: ='Score Entry'!B20 -> R009 | C15: ='Score Entry'!C20 -> Arjun Gupta | D15: ='Score Entry'!D20 -> 1 | E15: ='Score Entry'!F20 -> 3 | F15: ='Score Entry'!H20 -> 1 | G15: ='Score Entry'!J20 -> 3 | H15: ='Score Entry'!L20 -> 3 | I15: ='Score Entry'!N20 -> 3 | J15: ='Score Entry'!P20 -> 3 | K15: ='Score Entry'!R20 -> 52.5 | L15: ='Score Entry'!T20 -> B+ | M15: ='Score Entry'!U20 -> 0.525 | N15: =IF(M15>=60%,"High(3)",IF(M15>=40%,"Med(2)","Low(1)")) -> Med(2) | O15: ='Score Entry'!V20 -> Pass
A16: 10 | B16: ='Score Entry'!B21 -> R010 | C16: ='Score Entry'!C21 -> Pooja Iyer | D16: ='Score Entry'!D21 -> 2 | E16: ='Score Entry'!F21 -> 1 | F16: ='Score Entry'!H21 -> 4 | G16: ='Score Entry'!J21 -> 4 | H16: ='Score Entry'!L21 -> 4 | I16: ='Score Entry'!N21 -> 4 | J16: ='Score Entry'!P21 -> 1 | K16: ='Score Entry'!R21 -> 66.25 | L16: ='Score Entry'!T21 -> A | M16: ='Score Entry'!U21 -> 0.6625 | N16: =IF(M16>=60%,"High(3)",IF(M16>=40%,"Med(2)","Low(1)")) -> High(3) | O16: ='Score Entry'!V21 -> Pass
A17: 11 | B17: ='Score Entry'!B22 -> R011 | C17: ='Score Entry'!C22 -> Rahul Verma | D17: ='Score Entry'!D22 -> 4 | E17: ='Score Entry'!F22 -> 3 | F17: ='Score Entry'!H22 -> 3 | G17: ='Score Entry'!J22 -> 1 | H17: ='Score Entry'!L22 -> 3 | I17: ='Score Entry'!N22 -> 2 | J17: ='Score Entry'!P22 -> 4 | K17: ='Score Entry'!R22 -> 76.25 | L17: ='Score Entry'!T22 -> A+ | M17: ='Score Entry'!U22 -> 0.7625 | N17: =IF(M17>=60%,"High(3)",IF(M17>=40%,"Med(2)","Low(1)")) -> High(3) | O17: ='Score Entry'!V22 -> Pass
A18: 12 | B18: ='Score Entry'!B23 -> R012 | C18: ='Score Entry'!C23 -> Meera Joshi | D18: ='Score Entry'!D23 -> 4 | E18: ='Score Entry'!F23 -> 4 | F18: ='Score Entry'!H23 -> 2 | G18: ='Score Entry'!J23 -> 3 | H18: ='Score Entry'!L23 -> 1 | I18: ='Score Entry'!N23 -> 2 | J18: ='Score Entry'!P23 -> 3 | K18: ='Score Entry'!R23 -> 76.25 | L18: ='Score Entry'!T23 -> A+ | M18: ='Score Entry'!U23 -> 0.7625 | N18: =IF(M18>=60%,"High(3)",IF(M18>=40%,"Med(2)","Low(1)")) -> High(3) | O18: ='Score Entry'!V23 -> Pass
... A36: 30 | B36: ='Score Entry'!B41 -> R030 | C36: ='Score Entry'!C41 -> Hema Pillai | D36: ='Score Entry'!D41 -> 3 | E36: ='Score Entry'!F41 -> 4 | F36: ='Score Entry'!H41 -> 1 | G36: ='Score Entry'!J41 -> 2 | H36: ='Score Entry'!L41 -> 3 | I36: ='Score Entry'!N41 -> 4 | J36: ='Score Entry'!P41 -> 3 | K36: ='Score Entry'!R41 -> 72.5 | L36: ='Score Entry'!T41 -> A | M36: ='Score Entry'!U41 -> 0.725 | N36: =IF(M36>=60%,"High(3)",IF(M36>=40%,"Med(2)","Low(1)")) -> High(3) | O36: ='Score Entry'!V41 -> Pass
A38: CLASS AVERAGE | D38: =AVERAGE(D7:D36) -> 2.4 | E38: =AVERAGE(E7:E36) -> 2.4 | F38: =AVERAGE(F7:F36) -> 2.6666667 | G38: =AVERAGE(G7:G36) -> 2.3333333 | H38: =AVERAGE(H7:H36) -> 2.5333333 | I38: =AVERAGE(I7:I36) -> 2.7333333 | J38: =AVERAGE(J7:J36) -> 2.6666667 | K38: =AVERAGE(K7:K36) -> 62.333333

Sheet Criterion Analysis
A1: PRESENTATION RUBRIC — CRITERION-WISE SCORE ANALYSIS
A2: Auto-linked from Score Entry sheet. Statistical breakdown per criterion across all students.
A4: Metric | B4: C1 Subject Knowledge (30%) | C4: C2 Communication Skills (20%) | D4: C3 Presentation Organization (15%) | E4: C4 Visual Aids (10%) | F4: C5 Audience Interaction (10%) | G4: C6 Time Management (10%) | H4: C7 Confidence & Professionalism (5%) | I4: Overall Avg
A6: Average Score | B6: =AVERAGE('Score Entry'!D12:D41) -> 2.4 | C6: =AVERAGE('Score Entry'!F12:F41) -> 2.4 | D6: =AVERAGE('Score Entry'!H12:H41) -> 2.6666667 | E6: =AVERAGE('Score Entry'!J12:J41) -> 2.3333333 | F6: =AVERAGE('Score Entry'!L12:L41) -> 2.5333333 | G6: =AVERAGE('Score Entry'!N12:N41) -> 2.7333333 | H6: =AVERAGE('Score Entry'!P12:P41) -> 2.6666667 | I6: =IFERROR(AVERAGE(B6,C6,D6,E6,F6,G6,H6),0) -> 2.5333333
A7: Average Wtd Marks | B7: =AVERAGE('Score Entry'!E12:E41) -> 18 | C7: =AVERAGE('Score Entry'!G12:G41) -> 12 | D7: =AVERAGE('Score Entry'!I12:I41) -> 10 | E7: =AVERAGE('Score Entry'!K12:K41) -> 5.8333333 | F7: =AVERAGE('Score Entry'!M12:M41) -> 6.3333333 | G7: =AVERAGE('Score Entry'!O12:O41) -> 6.8333333 | H7: =AVERAGE('Score Entry'!Q12:Q41) -> 3.3333333 | I7: =IFERROR(AVERAGE(B7,C7,D7,E7,F7,G7,H7),0) -> 8.9047619
A8: Max Score | B8: =MAX('Score Entry'!D12:D41) -> 4 | C8: =MAX('Score Entry'!F12:F41) -> 4 | D8: =MAX('Score Entry'!H12:H41) -> 4 | E8: =MAX('Score Entry'!J12:J41) -> 4 | F8: =MAX('Score Entry'!L12:L41) -> 4 | G8: =MAX('Score Entry'!N12:N41) -> 4 | H8: =MAX('Score Entry'!P12:P41) -> 4 | I8: =IFERROR(AVERAGE(B8,C8,D8,E8,F8,G8,H8),0) -> 4
A9: Min Score | B9: =MIN('Score Entry'!D12:D41) -> 1 | C9: =MIN('Score Entry'!F12:F41) -> 1 | D9: =MIN('Score Entry'!H12:H41) -> 1 | E9: =MIN('Score Entry'!J12:J41) -> 1 | F9: =MIN('Score Entry'!L12:L41) -> 1 | G9: =MIN('Score Entry'!N12:N41) -> 1 | H9: =MIN('Score Entry'!P12:P41) -> 1 | I9: =IFERROR(AVERAGE(B9,C9,D9,E9,F9,G9,H9),0) -> 1
A10: Excellent (4) | B10: =COUNTIF('Score Entry'!D12:D41,4) -> 9 | C10: =COUNTIF('Score Entry'!F12:F41,4) -> 8 | D10: =COUNTIF('Score Entry'!H12:H41,4) -> 10 | E10: =COUNTIF('Score Entry'!J12:J41,4) -> 5 | F10: =COUNTIF('Score Entry'!L12:L41,4) -> 7 | G10: =COUNTIF('Score Entry'!N12:N41,4) -> 9 | H10: =COUNTIF('Score Entry'!P12:P41,4) -> 10 | I10: =IFERROR(AVERAGE(B10,C10,D10,E10,F10,G10,H10),0) -> 8.2857143
A11: Good (3) | B11: =COUNTIF('Score Entry'!D12:D41,3) -> 3 | C11: =COUNTIF('Score Entry'!F12:F41,3) -> 7 | D11: =COUNTIF('Score Entry'!H12:H41,3) -> 7 | E11: =COUNTIF('Score Entry'!J12:J41,3) -> 8 | F11: =COUNTIF('Score Entry'!L12:L41,3) -> 10 | G11: =COUNTIF('Score Entry'!N12:N41,3) -> 8 | H11: =COUNTIF('Score Entry'!P12:P41,3) -> 8 | I11: =IFERROR(AVERAGE(B11,C11,D11,E11,F11,G11,H11),0) -> 7.2857143
A12: Fair (2) | B12: =COUNTIF('Score Entry'!D12:D41,2) -> 9 | C12: =COUNTIF('Score Entry'!F12:F41,2) -> 4 | D12: =COUNTIF('Score Entry'!H12:H41,2) -> 6 | E12: =COUNTIF('Score Entry'!J12:J41,2) -> 9 | F12: =COUNTIF('Score Entry'!L12:L41,2) -> 5 | G12: =COUNTIF('Score Entry'!N12:N41,2) -> 9 | H12: =COUNTIF('Score Entry'!P12:P41,2) -> 4 | I12: =IFERROR(AVERAGE(B12,C12,D12,E12,F12,G12,H12),0) -> 6.5714286
A13: Poor (1) | B13: =COUNTIF('Score Entry'!D12:D41,1) -> 9 | C13: =COUNTIF('Score Entry'!F12:F41,1) -> 11 | D13: =COUNTIF('Score Entry'!H12:H41,1) -> 7 | E13: =COUNTIF('Score Entry'!J12:J41,1) -> 8 | F13: =COUNTIF('Score Entry'!L12:L41,1) -> 8 | G13: =COUNTIF('Score Entry'!N12:N41,1) -> 4 | H13: =COUNTIF('Score Entry'!P12:P41,1) -> 8 | I13: =IFERROR(AVERAGE(B13,C13,D13,E13,F13,G13,H13),0) -> 7.8571429
A14: Attainment % | B14: =IFERROR(AVERAGE('Score Entry'!D12:D41)/4*100,0) -> 60 | C14: =IFERROR(AVERAGE('Score Entry'!F12:F41)/4*100,0) -> 60 | D14: =IFERROR(AVERAGE('Score Entry'!H12:H41)/4*100,0) -> 66.666667 | E14: =IFERROR(AVERAGE('Score Entry'!J12:J41)/4*100,0) -> 58.333333 | F14: =IFERROR(AVERAGE('Score Entry'!L12:L41)/4*100,0) -> 63.333333 | G14: =IFERROR(AVERAGE('Score Entry'!N12:N41)/4*100,0) -> 68.333333 | H14: =IFERROR(AVERAGE('Score Entry'!P12:P41)/4*100,0) -> 66.666667 | I14: =IFERROR(AVERAGE(B14,C14,D14,E14,F14,G14,H14),0) -> 63.333333
A16: CO ATTAINMENT LEVEL PER CRITERION
A17: Level (3/2/1) | B17: =IF(B14>=60,"High(3)",IF(B14>=40,"Med(2)","Low(1)")) -> High(3) | C17: =IF(C14>=60,"High(3)",IF(C14>=40,"Med(2)","Low(1)")) -> High(3) | D17: =IF(D14>=60,"High(3)",IF(D14>=40,"Med(2)","Low(1)")) -> High(3) | E17: =IF(E14>=60,"High(3)",IF(E14>=40,"Med(2)","Low(1)")) -> Med(2) | F17: =IF(F14>=60,"High(3)",IF(F14>=40,"Med(2)","Low(1)")) -> High(3) | G17: =IF(G14>=60,"High(3)",IF(G14>=40,"Med(2)","Low(1)")) -> High(3) | H17: =IF(H14>=60,"High(3)",IF(H14>=40,"Med(2)","Low(1)")) -> High(3) | I17: =IF(I14>=60,"High(3)",IF(I14>=40,"Med(2)","Low(1)")) -> High(3)

Sheet PO Attainment
A1: PRESENTATION RUBRIC — PROGRAMME OUTCOME (PO) ATTAINMENT
A2: PO Attainment % = Average of relevant criterion attainments mapped to each PO | Target ≥ 60% | Level 3=High(≥60%) 2=Medium(40–59%) 1=Low(<40%)
A4: # | B4: PO | C4: Description | D4: Relevant Criteria | E4: CRITERION ATTAINMENT % (Auto-linked from Criterion Analysis) | L4: PO Att% | M4: Level | N4: Target | O4: Gap | P4: Status
E5: C1 | F5: C2 | G5: C3 | H5: C4 | I5: C5 | J5: C6 | K5: C7
A6: 1 | B6: PO1 | C6: Engineering Knowledge | D6: C1 | E6: ='Criterion Analysis'!B14 -> 60 | F6: — | G6: — | H6: — | I6: — | J6: — | K6: — | L6: =IFERROR(AVERAGE('Criterion Analysis'!B14),0) -> 60 | M6: =IF(L6>=60,"3 — High",IF(L6>=40,"2 — Medium","1 — Low")) -> 3 — High | N6: 60 | O6: =L6-60 -> 0 | P6: =IF(L6>=60,"✔ Met","✘ Not Met") -> ✔ Met
A7: 2 | B7: PO2 | C7: Problem Analysis | D7: C1 | E7: ='Criterion Analysis'!B14 -> 60 | F7: — | G7: — | H7: — | I7: — | J7: — | K7: — | L7: =IFERROR(AVERAGE('Criterion Analysis'!B14),0) -> 60 | M7: =IF(L7>=60,"3 — High",IF(L7>=40,"2 — Medium","1 — Low")) -> 3 — High | N7: 60 | O7: =L7-60 -> 0 | P7: =IF(L7>=60,"✔ Met","✘ Not Met") -> ✔ Met
A8: 3 | B8: PO3 | C8: Design/Development of Solutions | D8: — | E8: — | F8: — | G8: — | H8: — | I8: — | J8: — | K8: — | L8: =0 -> 0 | M8: =IF(L8>=60,"3 — High",IF(L8>=40,"2 — Medium","1 — Low")) -> 1 — Low | N8: 60 | O8: =L8-60 -> -60 | P8: =IF(L8>=60,"✔ Met","✘ Not Met") -> ✘ Not Met
A9: 4 | B9: PO4 | C9: Conduct Investigations | D9: — | E9: — | F9: — | G9: — | H9: — | I9: — | J9: — | K9: — | L9: =0 -> 0 | M9: =IF(L9>=60,"3 — High",IF(L9>=40,"2 — Medium","1 — Low")) -> 1 — Low | N9: 60 | O9: =L9-60 -> -60 | P9: =IF(L9>=60,"✔ Met","✘ Not Met") -> ✘ Not Met
A10: 5 | B10: PO5 | C10: Modern Tool Usage | D10: C4 | E10: — | F10: — | G10: — | H10: ='Criterion Analysis'!E14 -> 58.333333 | I10: — | J10: — | K10: — | L10: =IFERROR(AVERAGE('Criterion Analysis'!E14),0) -> 58.333333 | M10: =IF(L10>=60,"3 — High",IF(L10>=40,"2 — Medium","1 — Low")) -> 2 — Medium | N10: 60 | O10: =L10-60 -> -1.6666667 | P10: =IF(L10>=60,"✔ Met","✘ Not Met") -> ✘ Not Met
A11: 6 | B11: PO6 | C11: The Engineer and Society | D11: — | E11: — | F11: — | G11: — | H11: — | I11: — | J11: — | K11: — | L11: =0 -> 0 | M11: =IF(L11>=60,"3 — High",IF(L11>=40,"2 — Medium","1 — Low")) -> 1 — Low | N11: 60 | O11: =L11-60 -> -60 | P11: =IF(L11>=60,"✔ Met","✘ Not Met") -> ✘ Not Met
A12: 7 | B12: PO7 | C12: Environment and Sustainability | D12: — | E12: — | F12: — | G12: — | H12: — | I12: — | J12: — | K12: — | L12: =0 -> 0 | M12: =IF(L12>=60,"3 — High",IF(L12>=40,"2 — Medium","1 — Low")) -> 1 — Low | N12: 60 | O12: =L12-60 -> -60 | P12: =IF(L12>=60,"✔ Met","✘ Not Met") -> ✘ Not Met
A13: 8 | B13: PO8 | C13: Ethics | D13: — | E13: — | F13: — | G13: — | H13: — | I13: — | J13: — | K13: — | L13: =0 -> 0 | M13: =IF(L13>=60,"3 — High",IF(L13>=40,"2 — Medium","1 — Low")) -> 1 — Low | N13: 60 | O13: =L13-60 -> -60 | P13: =IF(L13>=60,"✔ Met","✘ Not Met") -> ✘ Not Met
A14: 9 | B14: PO9 | C14: Individual and Team Work | D14: C5, C7 | E14: — | F14: — | G14: — | H14: — | I14: ='Criterion Analysis'!F14 -> 63.333333 | J14: — | K14: ='Criterion Analysis'!H14 -> 66.666667 | L14: =IFERROR(AVERAGE('Criterion Analysis'!F14,'Criterion Analysis'!H14),0) -> 65 | M14: =IF(L14>=60,"3 — High",IF(L14>=40,"2 — Medium","1 — Low")) -> 3 — High | N14: 60 | O14: =L14-60 -> 5 | P14: =IF(L14>=60,"✔ Met","✘ Not Met") -> ✔ Met
A15: 10 | B15: PO10 | C15: Communication | D15: C2, C3, C4 | E15: — | F15: ='Criterion Analysis'!C14 -> 60 | G15: ='Criterion Analysis'!D14 -> 66.666667 | H15: ='Criterion Analysis'!E14 -> 58.333333 | I15: — | J15: — | K15: — | L15: =IFERROR(AVERAGE('Criterion Analysis'!C14,'Criterion Analysis'!D14,'Criterion Analysis'!E14),0) -> 61.666667 | M15: =IF(L15>=60,"3 — High",IF(L15>=40,"2 — Medium","1 — Low")) -> 3 — High | N15: 60 | O15: =L15-60 -> 1.6666667 | P15: =IF(L15>=60,"✔ Met","✘ Not Met") -> ✔ Met
A16: 11 | B16: PO11 | C16: Project Management and Finance | D16: C3, C6 | E16: — | F16: — | G16: ='Criterion Analysis'!D14 -> 66.666667 | H16: — | I16: — | J16: ='Criterion Analysis'!G14 -> 68.333333 | K16: — | L16: =IFERROR(AVERAGE('Criterion Analysis'!D14,'Criterion Analysis'!G14),0) -> 67.5 | M16: =IF(L16>=60,"3 — High",IF(L16>=40,"2 — Medium","1 — Low")) -> 3 — High | N16: 60 | O16: =L16-60 -> 7.5 | P16: =IF(L16>=60,"✔ Met","✘ Not Met") -> ✔ Met
A17: 12 | B17: PO12 | C17: Life-long Learning | D17: C7 | E17: — | F17: — | G17: — | H17: — | I17: — | J17: — | K17: ='Criterion Analysis'!H14 -> 66.666667 | L17: =IFERROR(AVERAGE('Criterion Analysis'!H14),0) -> 66.666667 | M17: =IF(L17>=60,"3 — High",IF(L17>=40,"2 — Medium","1 — Low")) -> 3 — High | N17: 60 | O17: =L17-60 -> 6.6666667 | P17: =IF(L17>=60,"✔ Met","✘ Not Met") -> ✔ Met

Sheet Feedback Card
A1: PRESENTATION RUBRIC — INDIVIDUAL FEEDBACK CARDS
A2: Auto-linked from Score Entry. Each student's per-criterion score label and feedback text auto-generated.
A4: # | B4: Reg No | C4: Student Name | D4: C1 | E4: C2 | F4: C3 | G4: C4 | H4: C5 | I4: C6 | J4: C7 | K4: Total | L4: Grade | M4: Feedback Summary
A5: 1 | B5: ='Score Entry'!B12 -> R001 | C5: ='Score Entry'!C12 -> Aarav Sharma | D5: =IF('Score Entry'!D12=4,"Excellent",IF('Score Entry'!D12=3,"Good",IF('Score Entry'!D12=2,"Fair","Poor"))) -> Poor | E5: =IF('Score Entry'!F12=4,"Excellent",IF('Score Entry'!F12=3,"Good",IF('Score Entry'!F12=2,"Fair","Poor"))) -> Fair | F5: =IF('Score Entry'!H12=4,"Excellent",IF('Score Entry'!H12=3,"Good",IF('Score Entry'!H12=2,"Fair","Poor"))) -> Fair | G5: =IF('Score Entry'!J12=4,"Excellent",IF('Score Entry'!J12=3,"Good",IF('Score Entry'!J12=2,"Fair","Poor"))) -> Good | H5: =IF('Score Entry'!L12=4,"Excellent",IF('Score Entry'!L12=3,"Good",IF('Score Entry'!L12=2,"Fair","Poor"))) -> Poor | I5: =IF('Score Entry'!N12=4,"Excellent",IF('Score Entry'!N12=3,"Good",IF('Score Entry'!N12=2,"Fair","Poor"))) -> Fair | J5: =IF('Score Entry'!P12=4,"Excellent",IF('Score Entry'!P12=3,"Good",IF('Score Entry'!P12=2,"Fair","Poor"))) -> Good | K5: ='Score Entry'!R12 -> 43.75 | L5: ='Score Entry'!T12 -> B | M5: =IF('Score Entry'!R12>=90,"Excellent presentation — outstanding knowledge, communication and professionalism",IF('Score Entry'!R12>=75,"Very good presentation — strong content and delivery with minor improvements needed",IF('Score Entry'!R12>=60,"Good presentation — adequate knowledge but needs improvement in communication and organization",IF('Score Entry'!R12>=40,"Satisfactory — basic understanding shown; significant improvement needed in delivery and content","Needs major improvement — weak subject knowledge, poor communication and organization")))) -> Satisfactory — basic understanding shown; significant improvement needed in delivery and content
A6: 2 | B6: ='Score Entry'!B13 -> R002 | C6: ='Score Entry'!C13 -> Priya Patel | D6: =IF('Score Entry'!D13=4,"Excellent",IF('Score Entry'!D13=3,"Good",IF('Score Entry'!D13=2,"Fair","Poor"))) -> Poor | E6: =IF('Score Entry'!F13=4,"Excellent",IF('Score Entry'!F13=3,"Good",IF('Score Entry'!F13=2,"Fair","Poor"))) -> Good | F6: =IF('Score Entry'!H13=4,"Excellent",IF('Score Entry'!H13=3,"Good",IF('Score Entry'!H13=2,"Fair","Poor"))) -> Excellent | G6: =IF('Score Entry'!J13=4,"Excellent",IF('Score Entry'!J13=3,"Good",IF('Score Entry'!J13=2,"Fair","Poor"))) -> Excellent | H6: =IF('Score Entry'!L13=4,"Excellent",IF('Score Entry'!L13=3,"Good",IF('Score Entry'!L13=2,"Fair","Poor"))) -> Excellent | I6: =IF('Score Entry'!N13=4,"Excellent",IF('Score Entry'!N13=3,"Good",IF('Score Entry'!N13=2,"Fair","Poor"))) -> Excellent | J6: =IF('Score Entry'!P13=4,"Excellent",IF('Score Entry'!P13=3,"Good",IF('Score Entry'!P13=2,"Fair","Poor"))) -> Good | K6: ='Score Entry'!R13 -> 71.25 | L6: ='Score Entry'!T13 -> A | M6: =IF('Score Entry'!R13>=90,"Excellent presentation — outstanding knowledge, communication and professionalism",IF('Score Entry'!R13>=75,"Very good presentation — strong content and delivery with minor improvements needed",IF('Score Entry'!R13>=60,"Good presentation — adequate knowledge but needs improvement in communication and organization",IF('Score Entry'!R13>=40,"Satisfactory — basic understanding shown; significant improvement needed in delivery and content","Needs major improvement — weak subject knowledge, poor communication and organization")))) -> Good presentation — adequate knowledge but needs improvement in communication and organization
A7: 3 | B7: ='Score Entry'!B14 -> R003 | C7: ='Score Entry'!C14 -> Rohan Mehta | D7: =IF('Score Entry'!D14=4,"Excellent",IF('Score Entry'!D14=3,"Good",IF('Score Entry'!D14=2,"Fair","Poor"))) -> Excellent | E7: =IF('Score Entry'!F14=4,"Excellent",IF('Score Entry'!F14=3,"Good",IF('Score Entry'!F14=2,"Fair","Poor"))) -> Poor | F7: =IF('Score Entry'!H14=4,"Excellent",IF('Score Entry'!H14=3,"Good",IF('Score Entry'!H14=2,"Fair","Poor"))) -> Good | G7: =IF('Score Entry'!J14=4,"Excellent",IF('Score Entry'!J14=3,"Good",IF('Score Entry'!J14=2,"Fair","Poor"))) -> Poor | H7: =IF('Score Entry'!L14=4,"Excellent",IF('Score Entry'!L14=3,"Good",IF('Score Entry'!L14=2,"Fair","Poor"))) -> Fair | I7: =IF('Score Entry'!N14=4,"Excellent",IF('Score Entry'!N14=3,"Good",IF('Score Entry'!N14=2,"Fair","Poor"))) -> Poor | J7: =IF('Score Entry'!P14=4,"Excellent",IF('Score Entry'!P14=3,"Good",IF('Score Entry'!P14=2,"Fair","Poor"))) -> Excellent | K7: ='Score Entry'!R14 -> 61.25 | L7: ='Score Entry'!T14 -> A | M7: =IF('Score Entry'!R14>=90,"Excellent presentation — outstanding knowledge, communication and professionalism",IF('Score Entry'!R14>=75,"Very good presentation — strong content and delivery with minor improvements needed",IF('Score Entry'!R14>=60,"Good presentation — adequate knowledge but needs improvement in communication and organization",IF('Score Entry'!R14>=40,"Satisfactory — basic understanding shown; significant improvement needed in delivery and content","Needs major improvement — weak subject knowledge, poor communication and organization")))) -> Good presentation — adequate knowledge but needs improvement in communication and organization
A8: 4 | B8: ='Score Entry'!B15 -> R004 | C8: ='Score Entry'!C15 -> Sneha Reddy | D8: =IF('Score Entry'!D15=4,"Excellent",IF('Score Entry'!D15=3,"Good",IF('Score Entry'!D15=2,"Fair","Poor"))) -> Fair | E8: =IF('Score Entry'!F15=4,"Excellent",IF('Score Entry'!F15=3,"Good",IF('Score Entry'!F15=2,"Fair","Poor"))) -> Poor | F8: =IF('Score Entry'!H15=4,"Excellent",IF('Score Entry'!H15=3,"Good",IF('Score Entry'!H15=2,"Fair","Poor"))) -> Excellent | G8: =IF('Score Entry'!J15=4,"Excellent",IF('Score Entry'!J15=3,"Good",IF('Score Entry'!J15=2,"Fair","Poor"))) -> Fair | H8: =IF('Score Entry'!L15=4,"Excellent",IF('Score Entry'!L15=3,"Good",IF('Score Entry'!L15=2,"Fair","Poor"))) -> Poor | I8: =IF('Score Entry'!N15=4,"Excellent",IF('Score Entry'!N15=3,"Good",IF('Score Entry'!N15=2,"Fair","Poor"))) -> Excellent | J8: =IF('Score Entry'!P15=4,"Excellent",IF('Score Entry'!P15=3,"Good",IF('Score Entry'!P15=2,"Fair","Poor"))) -> Fair | K8: ='Score Entry'!R15 -> 55 | L8: ='Score Entry'!T15 -> B+ | M8: =IF('Score Entry'!R15>=90,"Excellent presentation — outstanding knowledge, communication and professionalism",IF('Score Entry'!R15>=75,"Very good presentation — strong content and delivery with minor improvements needed",IF('Score Entry'!R15>=60,"Good presentation — adequate knowledge but needs improvement in communication and organization",IF('Score Entry'!R15>=40,"Satisfactory — basic understanding shown; significant improvement needed in delivery and content","Needs major improvement — weak subject knowledge, poor communication and organization")))) -> Satisfactory — basic understanding shown; significant improvement needed in delivery and content
A9: 5 | B9: ='Score Entry'!B16 -> R005 | C9: ='Score Entry'!C16 -> Vikram Singh | D9: =IF('Score Entry'!D16=4,"Excellent",IF('Score Entry'!D16=3,"Good",IF('Score Entry'!D16=2,"Fair","Poor"))) -> Fair | E9: =IF('Score Entry'!F16=4,"Excellent",IF('Score Entry'!F16=3,"Good",IF('Score Entry'!F16=2,"Fair","Poor"))) -> Fair | F9: =IF('Score Entry'!H16=4,"Excellent",IF('Score Entry'!H16=3,"Good",IF('Score Entry'!H16=2,"Fair","Poor"))) -> Excellent | G9: =IF('Score Entry'!J16=4,"Excellent",IF('Score Entry'!J16=3,"Good",IF('Score Entry'!J16=2,"Fair","Poor"))) -> Fair | H9: =IF('Score Entry'!L16=4,"Excellent",IF('Score Entry'!L16=3,"Good",IF('Score Entry'!L16=2,"Fair","Poor"))) -> Good | I9: =IF('Score Entry'!N16=4,"Excellent",IF('Score Entry'!N16=3,"Good",IF('Score Entry'!N16=2,"Fair","Poor"))) -> Good | J9: =IF('Score Entry'!P16=4,"Excellent",IF('Score Entry'!P16=3,"Good",IF('Score Entry'!P16=2,"Fair","Poor"))) -> Poor | K9: ='Score Entry'!R16 -> 61.25 | L9: ='Score Entry'!T16 -> A | M9: =IF('Score Entry'!R16>=90,"Excellent presentation — outstanding knowledge, communication and professionalism",IF('Score Entry'!R16>=75,"Very good presentation — strong content and delivery with minor improvements needed",IF('Score Entry'!R16>=60,"Good presentation — adequate knowledge but needs improvement in communication and organization",IF('Score Entry'!R16>=40,"Satisfactory — basic understanding shown; significant improvement needed in delivery and content","Needs major improvement — weak subject knowledge, poor communication and organization")))) -> Good presentation — adequate knowledge but needs improvement in communication and organization
A10: 6 | B10: ='Score Entry'!B17 -> R006 | C10: ='Score Entry'!C17 -> Anjali Nair | D10: =IF('Score Entry'!D17=4,"Excellent",IF('Score Entry'!D17=3,"Good",IF('Score Entry'!D17=2,"Fair","Poor"))) -> Poor | E10: =IF('Score Entry'!F17=4,"Excellent",IF('Score Entry'!F17=3,"Good",IF('Score Entry'!F17=2,"Fair","Poor"))) -> Excellent | F10: =IF('Score Entry'!H17=4,"Excellent",IF('Score Entry'!H17=3,"Good",IF('Score Entry'!H17=2,"Fair","Poor"))) -> Good | G10: =IF('Score Entry'!J17=4,"Excellent",IF('Score Entry'!J17=3,"Good",IF('Score Entry'!J17=2,"Fair","Poor"))) -> Good | H10: =IF('Score Entry'!L17=4,"Excellent",IF('Score Entry'!L17=3,"Good",IF('Score Entry'!L17=2,"Fair","Poor"))) -> Good | I10: =IF('Score Entry'!N17=4,"Excellent",IF('Score Entry'!N17=3,"Good",IF('Score Entry'!N17=2,"Fair","Poor"))) -> Fair | J10: =IF('Score Entry'!P17=4,"Excellent",IF('Score Entry'!P17=3,"Good",IF('Score Entry'!P17=2,"Fair","Poor"))) -> Fair | K10: ='Score Entry'!R17 -> 61.25 | L10: ='Score Entry'!T17 -> A | M10: =IF('Score Entry'!R17>=90,"Excellent presentation — outstanding knowledge, communication and professionalism",IF('Score Entry'!R17>=75,"Very good presentation — strong content and delivery with minor improvements needed",IF('Score Entry'!R17>=60,"Good presentation — adequate knowledge but needs improvement in communication and organization",IF('Score Entry'!R17>=40,"Satisfactory — basic understanding shown; significant improvement needed in delivery and content","Needs major improvement — weak subject knowledge, poor communication and organization")))) -> Good presentation — adequate knowledge but needs improvement in communication and organization
A11: 7 | B11: ='Score Entry'!B18 -> R007 | C11: ='Score Entry'!C18 -> Kiran Kumar | D11: =IF('Score Entry'!D18=4,"Excellent",IF('Score Entry'!D18=3,"Good",IF('Score Entry'!D18=2,"Fair","Poor"))) -> Excellent | E11: =IF('Score Entry'!F18=4,"Excellent",IF('Score Entry'!F18=3,"Good",IF('Score Entry'!F18=2,"Fair","Poor"))) -> Fair | F11: =IF('Score Entry'!H18=4,"Excellent",IF('Score Entry'!H18=3,"Good",IF('Score Entry'!H18=2,"Fair","Poor"))) -> Fair | G11: =IF('Score Entry'!J18=4,"Excellent",IF('Score Entry'!J18=3,"Good",IF('Score Entry'!J18=2,"Fair","Poor"))) -> Fair | H11: =IF('Score Entry'!L18=4,"Excellent",IF('Score Entry'!L18=3,"Good",IF('Score Entry'!L18=2,"Fair","Poor"))) -> Good | I11: =IF('Score Entry'!N18=4,"Excellent",IF('Score Entry'!N18=3,"Good",IF('Score Entry'!N18=2,"Fair","Poor"))) -> Fair | J11: =IF('Score Entry'!P18=4,"Excellent",IF('Score Entry'!P18=3,"Good",IF('Score Entry'!P18=2,"Fair","Poor"))) -> Excellent | K11: ='Score Entry'!R18 -> 70 | L11: ='Score Entry'!T18 -> A | M11: =IF('Score Entry'!R18>=90,"Excellent presentation — outstanding knowledge, communication and professionalism",IF('Score Entry'!R18>=75,"Very good presentation — strong content and delivery with minor improvements needed",IF('Score Entry'!R18>=60,"Good presentation — adequate knowledge but needs improvement in communication and organization",IF('Score Entry'!R18>=40,"Satisfactory — basic understanding shown; significant improvement needed in delivery and content","Needs major improvement — weak subject knowledge, poor communication and organization")))) -> Good presentation — adequate knowledge but needs improvement in communication and organization
A12: 8 | B12: ='Score Entry'!B19 -> R008 | C12: ='Score Entry'!C19 -> Divya Rao | D12: =IF('Score Entry'!D19=4,"Excellent",IF('Score Entry'!D19=3,"Good",IF('Score Entry'!D19=2,"Fair","Poor"))) -> Fair | E12: =IF('Score Entry'!F19=4,"Excellent",IF('Score Entry'!F19=3,"Good",IF('Score Entry'!F19=2,"Fair","Poor"))) -> Good | F12: =IF('Score Entry'!H19=4,"Excellent",IF('Score Entry'!H19=3,"Good",IF('Score Entry'!H19=2,"Fair","Poor"))) -> Fair | G12: =IF('Score Entry'!J19=4,"Excellent",IF('Score Entry'!J19=3,"Good",IF('Score Entry'!J19=2,"Fair","Poor"))) -> Excellent | H12: =IF('Score Entry'!L19=4,"Excellent",IF('Score Entry'!L19=3,"Good",IF('Score Entry'!L19=2,"Fair","Poor"))) -> Excellent | I12: =IF('Score Entry'!N19=4,"Excellent",IF('Score Entry'!N19=3,"Good",IF('Score Entry'!N19=2,"Fair","Poor"))) -> Poor | J12: =IF('Score Entry'!P19=4,"Excellent",IF('Score Entry'!P19=3,"Good",IF('Score Entry'!P19=2,"Fair","Poor"))) -> Excellent | K12: ='Score Entry'!R19 -> 65 | L12: ='Score Entry'!T19 -> A | M12: =IF('Score Entry'!R19>=90,"Excellent presentation — outstanding knowledge, communication and professionalism",IF('Score Entry'!R19>=75,"Very good presentation — strong content and delivery with minor improvements needed",IF('Score Entry'!R19>=60,"Good presentation — adequate knowledge but needs improvement in communication and organization",IF('Score Entry'!R19>=40,"Satisfactory — basic understanding shown; significant improvement needed in delivery and content","Needs major improvement — weak subject knowledge, poor communication and organization")))) -> Good presentation — adequate knowledge but needs improvement in communication and organization
A13: 9 | B13: ='Score Entry'!B20 -> R009 | C13: ='Score Entry'!C20 -> Arjun Gupta | D13: =IF('Score Entry'!D20=4,"Excellent",IF('Score Entry'!D20=3,"Good",IF('Score Entry'!D20=2,"Fair","Poor"))) -> Poor | E13: =IF('Score Entry'!F20=4,"Excellent",IF('Score Entry'!F20=3,"Good",IF('Score Entry'!F20=2,"Fair","Poor"))) -> Good | F13: =IF('Score Entry'!H20=4,"Excellent",IF('Score Entry'!H20=3,"Good",IF('Score Entry'!H20=2,"Fair","Poor"))) -> Poor | G13: =IF('Score Entry'!J20=4,"Excellent",IF('Score Entry'!J20=3,"Good",IF('Score Entry'!J20=2,"Fair","Poor"))) -> Good | H13: =IF('Score Entry'!L20=4,"Excellent",IF('Score Entry'!L20=3,"Good",IF('Score Entry'!L20=2,"Fair","Poor"))) -> Good | I13: =IF('Score Entry'!N20=4,"Excellent",IF('Score Entry'!N20=3,"Good",IF('Score Entry'!N20=2,"Fair","Poor"))) -> Good | J13: =IF('Score Entry'!P20=4,"Excellent",IF('Score Entry'!P20=3,"Good",IF('Score Entry'!P20=2,"Fair","Poor"))) -> Good | K13: ='Score Entry'!R20 -> 52.5 | L13: ='Score Entry'!T20 -> B+ | M13: =IF('Score Entry'!R20>=90,"Excellent presentation — outstanding knowledge, communication and professionalism",IF('Score Entry'!R20>=75,"Very good presentation — strong content and delivery with minor improvements needed",IF('Score Entry'!R20>=60,"Good presentation — adequate knowledge but needs improvement in communication and organization",IF('Score Entry'!R20>=40,"Satisfactory — basic understanding shown; significant improvement needed in delivery and content","Needs major improvement — weak subject knowledge, poor communication and organization")))) -> Satisfactory — basic understanding shown; significant improvement needed in delivery and content
A14: 10 | B14: ='Score Entry'!B21 -> R010 | C14: ='Score Entry'!C21 -> Pooja Iyer | D14: =IF('Score Entry'!D21=4,"Excellent",IF('Score Entry'!D21=3,"Good",IF('Score Entry'!D21=2,"Fair","Poor"))) -> Fair | E14: =IF('Score Entry'!F21=4,"Excellent",IF('Score Entry'!F21=3,"Good",IF('Score Entry'!F21=2,"Fair","Poor"))) -> Poor | F14: =IF('Score Entry'!H21=4,"Excellent",IF('Score Entry'!H21=3,"Good",IF('Score Entry'!H21=2,"Fair","Poor"))) -> Excellent | G14: =IF('Score Entry'!J21=4,"Excellent",IF('Score Entry'!J21=3,"Good",IF('Score Entry'!J21=2,"Fair","Poor"))) -> Excellent | H14: =IF('Score Entry'!L21=4,"Excellent",IF('Score Entry'!L21=3,"Good",IF('Score Entry'!L21=2,"Fair","Poor"))) -> Excellent | I14: =IF('Score Entry'!N21=4,"Excellent",IF('Score Entry'!N21=3,"Good",IF('Score Entry'!N21=2,"Fair","Poor"))) -> Excellent | J14: =IF('Score Entry'!P21=4,"Excellent",IF('Score Entry'!P21=3,"Good",IF('Score Entry'!P21=2,"Fair","Poor"))) -> Poor | K14: ='Score Entry'!R21 -> 66.25 | L14: ='Score Entry'!T21 -> A | M14: =IF('Score Entry'!R21>=90,"Excellent presentation — outstanding knowledge, communication and professionalism",IF('Score Entry'!R21>=75,"Very good presentation — strong content and delivery with minor improvements needed",IF('Score Entry'!R21>=60,"Good presentation — adequate knowledge but needs improvement in communication and organization",IF('Score Entry'!R21>=40,"Satisfactory — basic understanding shown; significant improvement needed in delivery and content","Needs major improvement — weak subject knowledge, poor communication and organization")))) -> Good presentation — adequate knowledge but needs improvement in communication and organization
A15: 11 | B15: ='Score Entry'!B22 -> R011 | C15: ='Score Entry'!C22 -> Rahul Verma | D15: =IF('Score Entry'!D22=4,"Excellent",IF('Score Entry'!D22=3,"Good",IF('Score Entry'!D22=2,"Fair","Poor"))) -> Excellent | E15: =IF('Score Entry'!F22=4,"Excellent",IF('Score Entry'!F22=3,"Good",IF('Score Entry'!F22=2,"Fair","Poor"))) -> Good | F15: =IF('Score Entry'!H22=4,"Excellent",IF('Score Entry'!H22=3,"Good",IF('Score Entry'!H22=2,"Fair","Poor"))) -> Good | G15: =IF('Score Entry'!J22=4,"Excellent",IF('Score Entry'!J22=3,"Good",IF('Score Entry'!J22=2,"Fair","Poor"))) -> Poor | H15: =IF('Score Entry'!L22=4,"Excellent",IF('Score Entry'!L22=3,"Good",IF('Score Entry'!L22=2,"Fair","Poor"))) -> Good | I15: =IF('Score Entry'!N22=4,"Excellent",IF('Score Entry'!N22=3,"Good",IF('Score Entry'!N22=2,"Fair","Poor"))) -> Fair | J15: =IF('Score Entry'!P22=4,"Excellent",IF('Score Entry'!P22=3,"Good",IF('Score Entry'!P22=2,"Fair","Poor"))) -> Excellent | K15: ='Score Entry'!R22 -> 76.25 | L15: ='Score Entry'!T22 -> A+ | M15: =IF('Score Entry'!R22>=90,"Excellent presentation — outstanding knowledge, communication and professionalism",IF('Score Entry'!R22>=75,"Very good presentation — strong content and delivery with minor improvements needed",IF('Score Entry'!R22>=60,"Good presentation — adequate knowledge but needs improvement in communication and organization",IF('Score Entry'!R22>=40,"Satisfactory — basic understanding shown; significant improvement needed in delivery and content","Needs major improvement — weak subject knowledge, poor communication and organization")))) -> Very good presentation — strong content and delivery with minor improvements needed
A16: 12 | B16: ='Score Entry'!B23 -> R012 | C16: ='Score Entry'!C23 -> Meera Joshi | D16: =IF('Score Entry'!D23=4,"Excellent",IF('Score Entry'!D23=3,"Good",IF('Score Entry'!D23=2,"Fair","Poor"))) -> Excellent | E16: =IF('Score Entry'!F23=4,"Excellent",IF('Score Entry'!F23=3,"Good",IF('Score Entry'!F23=2,"Fair","Poor"))) -> Excellent | F16: =IF('Score Entry'!H23=4,"Excellent",IF('Score Entry'!H23=3,"Good",IF('Score Entry'!H23=2,"Fair","Poor"))) -> Fair | G16: =IF('Score Entry'!J23=4,"Excellent",IF('Score Entry'!J23=3,"Good",IF('Score Entry'!J23=2,"Fair","Poor"))) -> Good | H16: =IF('Score Entry'!L23=4,"Excellent",IF('Score Entry'!L23=3,"Good",IF('Score Entry'!L23=2,"Fair","Poor"))) -> Poor | I16: =IF('Score Entry'!N23=4,"Excellent",IF('Score Entry'!N23=3,"Good",IF('Score Entry'!N23=2,"Fair","Poor"))) -> Fair | J16: =IF('Score Entry'!P23=4,"Excellent",IF('Score Entry'!P23=3,"Good",IF('Score Entry'!P23=2,"Fair","Poor"))) -> Good | K16: ='Score Entry'!R23 -> 76.25 | L16: ='Score Entry'!T23 -> A+ | M16: =IF('Score Entry'!R23>=90,"Excellent presentation — outstanding knowledge, communication and professionalism",IF('Score Entry'!R23>=75,"Very good presentation — strong content and delivery with minor improvements needed",IF('Score Entry'!R23>=60,"Good presentation — adequate knowledge but needs improvement in communication and organization",IF('Score Entry'!R23>=40,"Satisfactory — basic understanding shown; significant improvement needed in delivery and content","Needs major improvement — weak subject knowledge, poor communication and organization")))) -> Very good presentation — strong content and delivery with minor improvements needed
... A34: 30 | B34: ='Score Entry'!B41 -> R030 | C34: ='Score Entry'!C41 -> Hema Pillai | D34: =IF('Score Entry'!D41=4,"Excellent",IF('Score Entry'!D41=3,"Good",IF('Score Entry'!D41=2,"Fair","Poor"))) -> Good | E34: =IF('Score Entry'!F41=4,"Excellent",IF('Score Entry'!F41=3,"Good",IF('Score Entry'!F41=2,"Fair","Poor"))) -> Excellent | F34: =IF('Score Entry'!H41=4,"Excellent",IF('Score Entry'!H41=3,"Good",IF('Score Entry'!H41=2,"Fair","Poor"))) -> Poor | G34: =IF('Score Entry'!J41=4,"Excellent",IF('Score Entry'!J41=3,"Good",IF('Score Entry'!J41=2,"Fair","Poor"))) -> Fair | H34: =IF('Score Entry'!L41=4,"Excellent",IF('Score Entry'!L41=3,"Good",IF('Score Entry'!L41=2,"Fair","Poor"))) -> Good | I34: =IF('Score Entry'!N41=4,"Excellent",IF('Score Entry'!N41=3,"Good",IF('Score Entry'!N41=2,"Fair","Poor"))) -> Excellent | J34: =IF('Score Entry'!P41=4,"Excellent",IF('Score Entry'!P41=3,"Good",IF('Score Entry'!P41=2,"Fair","Poor"))) -> Good | K34: ='Score Entry'!R41 -> 72.5 | L34: ='Score Entry'!T41 -> A | M34: =IF('Score Entry'!R41>=90,"Excellent presentation — outstanding knowledge, communication and professionalism",IF('Score Entry'!R41>=75,"Very good presentation — strong content and delivery with minor improvements needed",IF('Score Entry'!R41>=60,"Good presentation — adequate knowledge but needs improvement in communication and organization",IF('Score Entry'!R41>=40,"Satisfactory — basic understanding shown; significant improvement needed in delivery and content","Needs major improvement — weak subject knowledge, poor communication and organization")))) -> Good presentation — adequate knowledge but needs improvement in communication and organization
