Workbook

Sheet Rubric Framework
A1: THESIS / DISSERTATION RUBRIC — EVALUATION FRAMEWORK
A2: Postgraduate Research Programs (M.Tech / M.Phil / Ph.D) | Department of Computer Science & Engineering | AY 2024-25 | Rubrics Guidelines — Section 5: Thesis/Dissertation Rubric
A4: SCORING SCALE | C4: 4 — Excellent | D4: 3 — Good | E4: 2 — Fair | F4: 1 — Poor | G4: Weighted Marks = (Score / 4) × Criterion Max Marks | Total = 100 Marks | CO Attainment % = Total / 100 | PO Attainment via SUMPRODUCT formula
A6: # | B6: Criterion | C6: Weight | D6: Max Marks | E6: Excellent (4) | F6: Good (3) | G6: Fair (2) | H6: Poor (1) | I6: Bloom's Level | J6: Skill Assessed
A7: 1 | B7: Problem Identification | C7: 0.1 | D7: 10 | E7: Clear, significant, well-scoped research problem with strong justification and novelty | F7: Mostly clear problem; good justification with minor scope gaps | G7: Moderate clarity; problem partially defined; limited justification | H7: Weak or vague problem definition; no clear research gap identified | I7: L3–L4 | J7: Problem Analysis & Research Identification | L7: PO1, PO2
A8: 2 | B8: Literature Review | C8: 0.15 | D8: 15 | E8: Comprehensive, well-structured, critically analysed review; all key works cited | F8: Good review covering major references; minor gaps in critical analysis | G8: Limited review; few references; lacks depth and critical comparison | H8: Weak, incomplete review; missing key works; no critical evaluation | I8: L4–L5 | J8: Critical Review & Synthesis | L8: PO1, PO2, PO12
A9: 3 | B9: Research Methodology | C9: 0.2 | D9: 20 | E9: Scientifically rigorous, well-justified methodology; clear research design and validation | F9: Good methodology with logical approach; minor justification gaps | G9: Moderate quality; methodology partially clear; some unjustified choices | H9: Weak methodology; incorrect or missing research design | I9: L4–L5 | J9: Research Design & Scientific Rigor | L9: PO3, PO4
A10: 4 | B10: Data Analysis & Results | C10: 0.2 | D10: 20 | E10: Excellent analysis; accurate interpretation; appropriate tools; validated results | F10: Good analysis with logical interpretation; minor inaccuracies | G10: Limited analysis; partially correct interpretation; weak validation | H10: Incorrect or missing analysis; invalid or unverified results | I10: L4–L5 | J10: Analytical Thinking & Data Interpretation | L10: PO4, PO5
A11: 5 | B11: Originality & Contribution | C11: 0.15 | D11: 15 | E11: Highly original contribution to knowledge; novel findings with research impact | F11: Good contribution; some novel elements; adequate academic impact | G11: Limited originality; mostly derivative work with minor new elements | H11: No originality; plagiarized or purely reproductive work | I11: L5–L6 | J11: Innovation, Creativity & Research Impact | L11: PO3, PO12
A12: 6 | B12: Technical Writing Quality | C12: 0.1 | D12: 10 | E12: Excellent writing; precise language; proper citations; zero ambiguity | F12: Good writing quality; minor grammar or citation issues | G12: Moderate clarity; several writing errors; inconsistent citations | H12: Poor writing; unclear language; missing citations; major errors | I12: L3–L4 | J12: Academic & Technical Communication | L12: PO10
A13: 7 | B13: Presentation & Defense | C13: 0.1 | D13: 10 | E13: Excellent viva defense; confident, accurate answers; strong Q&A performance | F13: Good defense; answers most questions; clear presentation | G13: Moderate performance; struggles with some questions; limited depth | H13: Weak defense; unable to explain research; poor Q&A performance | I13: L4–L5 | J13: Oral Communication & Research Defense | L13: PO10, PO9
A14: TOTAL | C14: 100% | D14: 100
A16: ATTAINMENT LEVEL SCALE
A17: L4 — Outstanding | B17: ≥ 90% | C17: Exceptional research; publication-ready; major knowledge contribution
A18: L3 — Excellent | B18: 75–89% | C18: High-quality research; strong methodology and originality
A19: L2 — Good | B19: 60–74% | C19: Competent research; meets academic standards with minor gaps
A20: L1 — Satisfactory | B20: 50–59% | C20: Acceptable research; significant areas need strengthening
A21: L0 — Inadequate | B21: < 50% | C21: Does not meet research standards; requires major revision
A23: OBJECTIVES & SKILLS ASSESSED
A24: Research Quality | B24: Evaluate depth, rigour and scientific validity of research work | J24: PO4, PO3
A25: Originality | B25: Assess novel contribution, innovation and knowledge creation | J25: PO3, PO12
A26: Scientific Contribution | B26: Measure publication-readiness and academic impact | J26: PO2, PO12
A27: Documentation Quality | B27: Evaluate report structure, writing quality and citation standards | J27: PO10
A28: Research Skills | B28: Critical thinking, scientific reasoning, problem identification | J28: PO1, PO2
A29: Technical Communication | B29: Clarity in presentation, viva defense, Q&A handling | J29: PO10, PO9

Sheet Score Entry
A1: THESIS / DISSERTATION RUBRIC — SCHOLAR SCORE ENTRY SHEET
A2: Enter Score (1=Poor / 2=Fair / 3=Good / 4=Excellent) in YELLOW cells per criterion per scholar | Weighted Marks, Total, Grade, Attainment Level all auto-calculate
A4: Dept / Guide: | B4: Dept. of Computer Science & Engineering | C4: Program Type: | D4: M.Tech / Ph.D Research | E4: Supervisor: | G4: Academic Year: | H4: 2024-25
A6: Score Guide → | E6: 4 = Excellent | F6: 3 = Good | G6: 2 = Fair | H6: 1 = Poor | I6: Weighted Marks = Score / 4 × Criterion Max Marks | Total /100 | Grade: O≥90 A+≥80 A≥70 B+≥60 B≥50 F<50 | CO Att = Total/100
A7: Scholar Information | E7: C1: Problem Identification (Wt:10% Max:10M) | G7: C2: Literature Review (Wt:15% Max:15M) | I7: C3: Research Methodology (Wt:20% Max:20M) | K7: C4: Data Analysis & Results (Wt:20% Max:20M) | M7: C5: Originality & Contribution (Wt:15% Max:15M) | O7: C6: Technical Writing Quality (Wt:10% Max:10M) | Q7: C7: Presentation & Defense (Wt:10% Max:10M) | S7: Total (/100M) | T7: Score% | U7: Grade | V7: Level | W7: CO Att% | X7: Result
A8: S.No | Reg No | Scholar Name | Program | E8: Score (1–4) | F8: Wtd Marks | G8: Score (1–4) | H8: Wtd Marks | I8: Score (1–4) | J8: Wtd Marks | K8: Score (1–4) | L8: Wtd Marks | M8: Score (1–4) | N8: Wtd Marks | O8: Score (1–4) | P8: Wtd Marks | Q8: Score (1–4) | R8: Wtd Marks
A9: ← Max Marks per Criterion → | E9: Max:10 | F9: /10M | G9: Max:15 | H9: /15M | I9: Max:20 | J9: /20M | K9: Max:20 | L9: /20M | M9: Max:15 | N9: /15M | O9: Max:10 | P9: /10M | Q9: Max:10 | R9: /10M
A10: 1 | B10: RS001 | C10: Aarav Sharma | D10: M.Tech — Machine Learning | E10: 1 | F10: =IFERROR(E10/4*10,0) -> 2.5 | G10: 4 | H10: =IFERROR(G10/4*15,0) -> 15 | I10: 2 | J10: =IFERROR(I10/4*20,0) -> 10 | K10: 1 | L10: =IFERROR(K10/4*20,0) -> 5 | M10: 3 | N10: =IFERROR(M10/4*15,0) -> 11.25 | O10: 4 | P10: =IFERROR(O10/4*10,0) -> 10 | Q10: 2 | R10: =IFERROR(Q10/4*10,0) -> 5 | S10: =SUM(F10,H10,J10,L10,N10,P10,R10) -> 58.75 | T10: =S10 -> 58.75 | U10: =IF(S10>=90,"O",IF(S10>=80,"A+",IF(S10>=70,"A",IF(S10>=60,"B+",IF(S10>=50,"B","F"))))) -> B | V10: =IF(S10>=90,"Outstanding",IF(S10>=75,"Excellent",IF(S10>=60,"Good",IF(S10>=50,"Satisfactory","Inadequate")))) -> Satisfactory | W10: =S10/100 -> 0.5875 | X10: =IF(S10>=50,"Passed","Revision Req.") -> Passed
A11: 2 | B11: RS002 | C11: Priya Patel | D11: M.Tech — Data Science | E11: 1 | F11: =IFERROR(E11/4*10,0) -> 2.5 | G11: 4 | H11: =IFERROR(G11/4*15,0) -> 15 | I11: 4 | J11: =IFERROR(I11/4*20,0) -> 20 | K11: 1 | L11: =IFERROR(K11/4*20,0) -> 5 | M11: 1 | N11: =IFERROR(M11/4*15,0) -> 3.75 | O11: 1 | P11: =IFERROR(O11/4*10,0) -> 2.5 | Q11: 2 | R11: =IFERROR(Q11/4*10,0) -> 5 | S11: =SUM(F11,H11,J11,L11,N11,P11,R11) -> 53.75 | T11: =S11 -> 53.75 | U11: =IF(S11>=90,"O",IF(S11>=80,"A+",IF(S11>=70,"A",IF(S11>=60,"B+",IF(S11>=50,"B","F"))))) -> B | V11: =IF(S11>=90,"Outstanding",IF(S11>=75,"Excellent",IF(S11>=60,"Good",IF(S11>=50,"Satisfactory","Inadequate")))) -> Satisfactory | W11: =S11/100 -> 0.5375 | X11: =IF(S11>=50,"Passed","Revision Req.") -> Passed
A12: 3 | B12: RS003 | C12: Rohan Mehta | D12: M.Tech — Computer Networks | E12: 4 | F12: =IFERROR(E12/4*10,0) -> 10 | G12: 1 | H12: =IFERROR(G12/4*15,0) -> 3.75 | I12: 4 | J12: =IFERROR(I12/4*20,0) -> 20 | K12: 1 | L12: =IFERROR(K12/4*20,0) -> 5 | M12: 1 | N12: =IFERROR(M12/4*15,0) -> 3.75 | O12: 1 | P12: =IFERROR(O12/4*10,0) -> 2.5 | Q12: 2 | R12: =IFERROR(Q12/4*10,0) -> 5 | S12: =SUM(F12,H12,J12,L12,N12,P12,R12) -> 50 | T12: =S12 -> 50 | U12: =IF(S12>=90,"O",IF(S12>=80,"A+",IF(S12>=70,"A",IF(S12>=60,"B+",IF(S12>=50,"B","F"))))) -> B | V12: =IF(S12>=90,"Outstanding",IF(S12>=75,"Excellent",IF(S12>=60,"Good",IF(S12>=50,"Satisfactory","Inadequate")))) -> Satisfactory | W12: =S12/100 -> 0.5 | X12: =IF(S12>=50,"Passed","Revision Req.") -> Passed
A13: 4 | B13: RS004 | C13: Sneha Reddy | D13: M.Tech — Cybersecurity | E13: 2 | F13: =IFERROR(E13/4*10,0) -> 5 | G13: 1 | H13: =IFERROR(G13/4*15,0) -> 3.75 | I13: 2 | J13: =IFERROR(I13/4*20,0) -> 10 | K13: 4 | L13: =IFERROR(K13/4*20,0) -> 20 | M13: 4 | N13: =IFERROR(M13/4*15,0) -> 15 | O13: 3 | P13: =IFERROR(O13/4*10,0) -> 7.5 | Q13: 1 | R13: =IFERROR(Q13/4*10,0) -> 2.5 | S13: =SUM(F13,H13,J13,L13,N13,P13,R13) -> 63.75 | T13: =S13 -> 63.75 | U13: =IF(S13>=90,"O",IF(S13>=80,"A+",IF(S13>=70,"A",IF(S13>=60,"B+",IF(S13>=50,"B","F"))))) -> B+ | V13: =IF(S13>=90,"Outstanding",IF(S13>=75,"Excellent",IF(S13>=60,"Good",IF(S13>=50,"Satisfactory","Inadequate")))) -> Good | W13: =S13/100 -> 0.6375 | X13: =IF(S13>=50,"Passed","Revision Req.") -> Passed
A14: 5 | B14: RS005 | C14: Vikram Singh | D14: M.Tech — Cloud Computing | E14: 1 | F14: =IFERROR(E14/4*10,0) -> 2.5 | G14: 2 | H14: =IFERROR(G14/4*15,0) -> 7.5 | I14: 2 | J14: =IFERROR(I14/4*20,0) -> 10 | K14: 1 | L14: =IFERROR(K14/4*20,0) -> 5 | M14: 2 | N14: =IFERROR(M14/4*15,0) -> 7.5 | O14: 1 | P14: =IFERROR(O14/4*10,0) -> 2.5 | Q14: 1 | R14: =IFERROR(Q14/4*10,0) -> 2.5 | S14: =SUM(F14,H14,J14,L14,N14,P14,R14) -> 37.5 | T14: =S14 -> 37.5 | U14: =IF(S14>=90,"O",IF(S14>=80,"A+",IF(S14>=70,"A",IF(S14>=60,"B+",IF(S14>=50,"B","F"))))) -> F | V14: =IF(S14>=90,"Outstanding",IF(S14>=75,"Excellent",IF(S14>=60,"Good",IF(S14>=50,"Satisfactory","Inadequate")))) -> Inadequate | W14: =S14/100 -> 0.375 | X14: =IF(S14>=50,"Passed","Revision Req.") -> Revision Req.
A15: 6 | B15: RS006 | C15: Anjali Nair | D15: M.Tech — IoT Systems | E15: 2 | F15: =IFERROR(E15/4*10,0) -> 5 | G15: 3 | H15: =IFERROR(G15/4*15,0) -> 11.25 | I15: 1 | J15: =IFERROR(I15/4*20,0) -> 5 | K15: 4 | L15: =IFERROR(K15/4*20,0) -> 20 | M15: 3 | N15: =IFERROR(M15/4*15,0) -> 11.25 | O15: 4 | P15: =IFERROR(O15/4*10,0) -> 10 | Q15: 2 | R15: =IFERROR(Q15/4*10,0) -> 5 | S15: =SUM(F15,H15,J15,L15,N15,P15,R15) -> 67.5 | T15: =S15 -> 67.5 | U15: =IF(S15>=90,"O",IF(S15>=80,"A+",IF(S15>=70,"A",IF(S15>=60,"B+",IF(S15>=50,"B","F"))))) -> B+ | V15: =IF(S15>=90,"Outstanding",IF(S15>=75,"Excellent",IF(S15>=60,"Good",IF(S15>=50,"Satisfactory","Inadequate")))) -> Good | W15: =S15/100 -> 0.675 | X15: =IF(S15>=50,"Passed","Revision Req.") -> Passed
A16: 7 | B16: RS007 | C16: Kiran Kumar | D16: M.Tech — Embedded AI | E16: 3 | F16: =IFERROR(E16/4*10,0) -> 7.5 | G16: 4 | H16: =IFERROR(G16/4*15,0) -> 15 | I16: 4 | J16: =IFERROR(I16/4*20,0) -> 20 | K16: 4 | L16: =IFERROR(K16/4*20,0) -> 20 | M16: 1 | N16: =IFERROR(M16/4*15,0) -> 3.75 | O16: 4 | P16: =IFERROR(O16/4*10,0) -> 10 | Q16: 1 | R16: =IFERROR(Q16/4*10,0) -> 2.5 | S16: =SUM(F16,H16,J16,L16,N16,P16,R16) -> 78.75 | T16: =S16 -> 78.75 | U16: =IF(S16>=90,"O",IF(S16>=80,"A+",IF(S16>=70,"A",IF(S16>=60,"B+",IF(S16>=50,"B","F"))))) -> A | V16: =IF(S16>=90,"Outstanding",IF(S16>=75,"Excellent",IF(S16>=60,"Good",IF(S16>=50,"Satisfactory","Inadequate")))) -> Excellent | W16: =S16/100 -> 0.7875 | X16: =IF(S16>=50,"Passed","Revision Req.") -> Passed
A17: 8 | B17: RS008 | C17: Divya Rao | D17: Ph.D — Natural Language Processing | E17: 3 | F17: =IFERROR(E17/4*10,0) -> 7.5 | G17: 2 | H17: =IFERROR(G17/4*15,0) -> 7.5 | I17: 3 | J17: =IFERROR(I17/4*20,0) -> 15 | K17: 2 | L17: =IFERROR(K17/4*20,0) -> 10 | M17: 3 | N17: =IFERROR(M17/4*15,0) -> 11.25 | O17: 2 | P17: =IFERROR(O17/4*10,0) -> 5 | Q17: 3 | R17: =IFERROR(Q17/4*10,0) -> 7.5 | S17: =SUM(F17,H17,J17,L17,N17,P17,R17) -> 63.75 | T17: =S17 -> 63.75 | U17: =IF(S17>=90,"O",IF(S17>=80,"A+",IF(S17>=70,"A",IF(S17>=60,"B+",IF(S17>=50,"B","F"))))) -> B+ | V17: =IF(S17>=90,"Outstanding",IF(S17>=75,"Excellent",IF(S17>=60,"Good",IF(S17>=50,"Satisfactory","Inadequate")))) -> Good | W17: =S17/100 -> 0.6375 | X17: =IF(S17>=50,"Passed","Revision Req.") -> Passed
A18: 9 | B18: RS009 | C18: Arjun Gupta | D18: Ph.D — Deep Learning | E18: 3 | F18: =IFERROR(E18/4*10,0) -> 7.5 | G18: 3 | H18: =IFERROR(G18/4*15,0) -> 11.25 | I18: 3 | J18: =IFERROR(I18/4*20,0) -> 15 | K18: 1 | L18: =IFERROR(K18/4*20,0) -> 5 | M18: 2 | N18: =IFERROR(M18/4*15,0) -> 7.5 | O18: 3 | P18: =IFERROR(O18/4*10,0) -> 7.5 | Q18: 3 | R18: =IFERROR(Q18/4*10,0) -> 7.5 | S18: =SUM(F18,H18,J18,L18,N18,P18,R18) -> 61.25 | T18: =S18 -> 61.25 | U18: =IF(S18>=90,"O",IF(S18>=80,"A+",IF(S18>=70,"A",IF(S18>=60,"B+",IF(S18>=50,"B","F"))))) -> B+ | V18: =IF(S18>=90,"Outstanding",IF(S18>=75,"Excellent",IF(S18>=60,"Good",IF(S18>=50,"Satisfactory","Inadequate")))) -> Good | W18: =S18/100 -> 0.6125 | X18: =IF(S18>=50,"Passed","Revision Req.") -> Passed
A19: 10 | B19: RS010 | C19: Pooja Iyer | D19: M.Tech — Bioinformatics | E19: 2 | F19: =IFERROR(E19/4*10,0) -> 5 | G19: 1 | H19: =IFERROR(G19/4*15,0) -> 3.75 | I19: 3 | J19: =IFERROR(I19/4*20,0) -> 15 | K19: 2 | L19: =IFERROR(K19/4*20,0) -> 10 | M19: 4 | N19: =IFERROR(M19/4*15,0) -> 15 | O19: 3 | P19: =IFERROR(O19/4*10,0) -> 7.5 | Q19: 2 | R19: =IFERROR(Q19/4*10,0) -> 5 | S19: =SUM(F19,H19,J19,L19,N19,P19,R19) -> 61.25 | T19: =S19 -> 61.25 | U19: =IF(S19>=90,"O",IF(S19>=80,"A+",IF(S19>=70,"A",IF(S19>=60,"B+",IF(S19>=50,"B","F"))))) -> B+ | V19: =IF(S19>=90,"Outstanding",IF(S19>=75,"Excellent",IF(S19>=60,"Good",IF(S19>=50,"Satisfactory","Inadequate")))) -> Good | W19: =S19/100 -> 0.6125 | X19: =IF(S19>=50,"Passed","Revision Req.") -> Passed
A20: 11 | B20: RS011 | C20: Rahul Verma | D20: Ph.D — Computer Vision | E20: 3 | F20: =IFERROR(E20/4*10,0) -> 7.5 | G20: 1 | H20: =IFERROR(G20/4*15,0) -> 3.75 | I20: 4 | J20: =IFERROR(I20/4*20,0) -> 20 | K20: 1 | L20: =IFERROR(K20/4*20,0) -> 5 | M20: 2 | N20: =IFERROR(M20/4*15,0) -> 7.5 | O20: 2 | P20: =IFERROR(O20/4*10,0) -> 5 | Q20: 2 | R20: =IFERROR(Q20/4*10,0) -> 5 | S20: =SUM(F20,H20,J20,L20,N20,P20,R20) -> 53.75 | T20: =S20 -> 53.75 | U20: =IF(S20>=90,"O",IF(S20>=80,"A+",IF(S20>=70,"A",IF(S20>=60,"B+",IF(S20>=50,"B","F"))))) -> B | V20: =IF(S20>=90,"Outstanding",IF(S20>=75,"Excellent",IF(S20>=60,"Good",IF(S20>=50,"Satisfactory","Inadequate")))) -> Satisfactory | W20: =S20/100 -> 0.5375 | X20: =IF(S20>=50,"Passed","Revision Req.") -> Passed
A21: 12 | B21: RS012 | C21: Meera Joshi | D21: M.Tech — Quantum Computing | E21: 2 | F21: =IFERROR(E21/4*10,0) -> 5 | G21: 2 | H21: =IFERROR(G21/4*15,0) -> 7.5 | I21: 4 | J21: =IFERROR(I21/4*20,0) -> 20 | K21: 2 | L21: =IFERROR(K21/4*20,0) -> 10 | M21: 3 | N21: =IFERROR(M21/4*15,0) -> 11.25 | O21: 1 | P21: =IFERROR(O21/4*10,0) -> 2.5 | Q21: 1 | R21: =IFERROR(Q21/4*10,0) -> 2.5 | S21: =SUM(F21,H21,J21,L21,N21,P21,R21) -> 58.75 | T21: =S21 -> 58.75 | U21: =IF(S21>=90,"O",IF(S21>=80,"A+",IF(S21>=70,"A",IF(S21>=60,"B+",IF(S21>=50,"B","F"))))) -> B | V21: =IF(S21>=90,"Outstanding",IF(S21>=75,"Excellent",IF(S21>=60,"Good",IF(S21>=50,"Satisfactory","Inadequate")))) -> Satisfactory | W21: =S21/100 -> 0.5875 | X21: =IF(S21>=50,"Passed","Revision Req.") -> Passed
... A34: 25 | B34: RS025 | C34: Chetan Rao | D34: M.Tech — Neuromorphic Computing | E34: 4 | F34: =IFERROR(E34/4*10,0) -> 10 | G34: 4 | H34: =IFERROR(G34/4*15,0) -> 15 | I34: 3 | J34: =IFERROR(I34/4*20,0) -> 15 | K34: 1 | L34: =IFERROR(K34/4*20,0) -> 5 | M34: 3 | N34: =IFERROR(M34/4*15,0) -> 11.25 | O34: 1 | P34: =IFERROR(O34/4*10,0) -> 2.5 | Q34: 3 | R34: =IFERROR(Q34/4*10,0) -> 7.5 | S34: =SUM(F34,H34,J34,L34,N34,P34,R34) -> 66.25 | T34: =S34 -> 66.25 | U34: =IF(S34>=90,"O",IF(S34>=80,"A+",IF(S34>=70,"A",IF(S34>=60,"B+",IF(S34>=50,"B","F"))))) -> B+ | V34: =IF(S34>=90,"Outstanding",IF(S34>=75,"Excellent",IF(S34>=60,"Good",IF(S34>=50,"Satisfactory","Inadequate")))) -> Good | W34: =S34/100 -> 0.6625 | X34: =IF(S34>=50,"Passed","Revision Req.") -> Passed
A36: COHORT AVERAGE | E36: =AVERAGE(E10:E34) -> 2.4 | F36: =AVERAGE(F10:F34) -> 6 | G36: =AVERAGE(G10:G34) -> 2.4 | H36: =AVERAGE(H10:H34) -> 9 | I36: =AVERAGE(I10:I34) -> 2.8 | J36: =AVERAGE(J10:J34) -> 14 | K36: =AVERAGE(K10:K34) -> 2 | L36: =AVERAGE(L10:L34) -> 10 | ... S36: =AVERAGE(S10:S34) -> 60.55
A37: HIGHEST SCORE | S37: =MAX(S10:S34) -> 78.75
A38: LOWEST SCORE | S38: =MIN(S10:S34) -> 37.5
A39: PASS COUNT (≥50) | S39: =COUNTIF(S10:S34,">=50") -> 22
A40: FAIL COUNT (<50) | S40: =COUNTIF(S10:S34,"<50") -> 3
A41: CO ATTAINMENT AVG | S41: =AVERAGE(W10:W34) -> 0.6055
A43: GRADE DISTRIBUTION | E43: O(≥90) | F43: =COUNTIF(S10:S34,">=90") -> 0 | G43: A+(≥80) | H43: =COUNTIF(S10:S34,">=80") -> 0 | I43: A(≥70) | J43: =COUNTIF(S10:S34,">=70") -> 4 | K43: B+(≥60) | L43: =COUNTIF(S10:S34,">=60") -> 14 | M43: B(≥50) | N43: =COUNTIF(S10:S34,">=50") -> 22 | O43: F(<50) | P43: =COUNTIF(S10:S34,"<50") -> 3

Sheet Scholar Dashboard
A1: THESIS / DISSERTATION RUBRIC — SCHOLAR PERFORMANCE DASHBOARD
A2: All values auto-linked from Score Entry. Criterion scores, totals, grade and attainment at a glance.
A4: GRADE SCALE → | C4: O ≥90 | D4: A+ ≥80 | E4: A ≥70 | F4: B+ ≥60 | G4: B ≥50 | H4: F <50 | I4: Attainment: Outstanding≥90% | Excellent≥75% | Good≥60% | Satisfactory≥50% | Inadequate<50%
A6: # | B6: Reg No | C6: Scholar Name | D6: Program | E6: C1 | F6: C2 | G6: C3 | H6: C4 | I6: C5 | J6: C6 | K6: C7 | L6: Total /100 | M6: Score% | N6: Grade | O6: Level | P6: CO Att% | Q6: Result
A7: 1 | B7: ='Score Entry'!B10 -> RS001 | C7: ='Score Entry'!C10 -> Aarav Sharma | D7: ='Score Entry'!D10 -> M.Tech — Machine Learning | E7: ='Score Entry'!E10 -> 1 | F7: ='Score Entry'!G10 -> 4 | G7: ='Score Entry'!I10 -> 2 | H7: ='Score Entry'!K10 -> 1 | I7: ='Score Entry'!M10 -> 3 | J7: ='Score Entry'!O10 -> 4 | K7: ='Score Entry'!Q10 -> 2 | L7: ='Score Entry'!S10 -> 58.75 | M7: ='Score Entry'!S10 -> 58.75 | N7: ='Score Entry'!U10 -> B | O7: ='Score Entry'!V10 -> Satisfactory | P7: ='Score Entry'!W10 -> 0.5875 | Q7: ='Score Entry'!V10 -> Satisfactory
A8: 2 | B8: ='Score Entry'!B11 -> RS002 | C8: ='Score Entry'!C11 -> Priya Patel | D8: ='Score Entry'!D11 -> M.Tech — Data Science | E8: ='Score Entry'!E11 -> 1 | F8: ='Score Entry'!G11 -> 4 | G8: ='Score Entry'!I11 -> 4 | H8: ='Score Entry'!K11 -> 1 | I8: ='Score Entry'!M11 -> 1 | J8: ='Score Entry'!O11 -> 1 | K8: ='Score Entry'!Q11 -> 2 | L8: ='Score Entry'!S11 -> 53.75 | M8: ='Score Entry'!S11 -> 53.75 | N8: ='Score Entry'!U11 -> B | O8: ='Score Entry'!V11 -> Satisfactory | P8: ='Score Entry'!W11 -> 0.5375 | Q8: ='Score Entry'!V11 -> Satisfactory
A9: 3 | B9: ='Score Entry'!B12 -> RS003 | C9: ='Score Entry'!C12 -> Rohan Mehta | D9: ='Score Entry'!D12 -> M.Tech — Computer Networks | E9: ='Score Entry'!E12 -> 4 | F9: ='Score Entry'!G12 -> 1 | G9: ='Score Entry'!I12 -> 4 | H9: ='Score Entry'!K12 -> 1 | I9: ='Score Entry'!M12 -> 1 | J9: ='Score Entry'!O12 -> 1 | K9: ='Score Entry'!Q12 -> 2 | L9: ='Score Entry'!S12 -> 50 | M9: ='Score Entry'!S12 -> 50 | N9: ='Score Entry'!U12 -> B | O9: ='Score Entry'!V12 -> Satisfactory | P9: ='Score Entry'!W12 -> 0.5 | Q9: ='Score Entry'!V12 -> Satisfactory
A10: 4 | B10: ='Score Entry'!B13 -> RS004 | C10: ='Score Entry'!C13 -> Sneha Reddy | D10: ='Score Entry'!D13 -> M.Tech — Cybersecurity | E10: ='Score Entry'!E13 -> 2 | F10: ='Score Entry'!G13 -> 1 | G10: ='Score Entry'!I13 -> 2 | H10: ='Score Entry'!K13 -> 4 | I10: ='Score Entry'!M13 -> 4 | J10: ='Score Entry'!O13 -> 3 | K10: ='Score Entry'!Q13 -> 1 | L10: ='Score Entry'!S13 -> 63.75 | M10: ='Score Entry'!S13 -> 63.75 | N10: ='Score Entry'!U13 -> B+ | O10: ='Score Entry'!V13 -> Good | P10: ='Score Entry'!W13 -> 0.6375 | Q10: ='Score Entry'!V13 -> Good
A11: 5 | B11: ='Score Entry'!B14 -> RS005 | C11: ='Score Entry'!C14 -> Vikram Singh | D11: ='Score Entry'!D14 -> M.Tech — Cloud Computing | E11: ='Score Entry'!E14 -> 1 | F11: ='Score Entry'!G14 -> 2 | G11: ='Score Entry'!I14 -> 2 | H11: ='Score Entry'!K14 -> 1 | I11: ='Score Entry'!M14 -> 2 | J11: ='Score Entry'!O14 -> 1 | K11: ='Score Entry'!Q14 -> 1 | L11: ='Score Entry'!S14 -> 37.5 | M11: ='Score Entry'!S14 -> 37.5 | N11: ='Score Entry'!U14 -> F | O11: ='Score Entry'!V14 -> Inadequate | P11: ='Score Entry'!W14 -> 0.375 | Q11: ='Score Entry'!V14 -> Inadequate
A12: 6 | B12: ='Score Entry'!B15 -> RS006 | C12: ='Score Entry'!C15 -> Anjali Nair | D12: ='Score Entry'!D15 -> M.Tech — IoT Systems | E12: ='Score Entry'!E15 -> 2 | F12: ='Score Entry'!G15 -> 3 | G12: ='Score Entry'!I15 -> 1 | H12: ='Score Entry'!K15 -> 4 | I12: ='Score Entry'!M15 -> 3 | J12: ='Score Entry'!O15 -> 4 | K12: ='Score Entry'!Q15 -> 2 | L12: ='Score Entry'!S15 -> 67.5 | M12: ='Score Entry'!S15 -> 67.5 | N12: ='Score Entry'!U15 -> B+ | O12: ='Score Entry'!V15 -> Good | P12: ='Score Entry'!W15 -> 0.675 | Q12: ='Score Entry'!V15 -> Good
A13: 7 | B13: ='Score Entry'!B16 -> RS007 | C13: ='Score Entry'!C16 -> Kiran Kumar | D13: ='Score Entry'!D16 -> M.Tech — Embedded AI | E13: ='Score Entry'!E16 -> 3 | F13: ='Score Entry'!G16 -> 4 | G13: ='Score Entry'!I16 -> 4 | H13: ='Score Entry'!K16 -> 4 | I13: ='Score Entry'!M16 -> 1 | J13: ='Score Entry'!O16 -> 4 | K13: ='Score Entry'!Q16 -> 1 | L13: ='Score Entry'!S16 -> 78.75 | M13: ='Score Entry'!S16 -> 78.75 | N13: ='Score Entry'!U16 -> A | O13: ='Score Entry'!V16 -> Excellent | P13: ='Score Entry'!W16 -> 0.7875 | Q13: ='Score Entry'!V16 -> Excellent
A14: 8 | B14: ='Score Entry'!B17 -> RS008 | C14: ='Score Entry'!C17 -> Divya Rao | D14: ='Score Entry'!D17 -> Ph.D — Natural Language Processing | E14: ='Score Entry'!E17 -> 3 | F14: ='Score Entry'!G17 -> 2 | G14: ='Score Entry'!I17 -> 3 | H14: ='Score Entry'!K17 -> 2 | I14: ='Score Entry'!M17 -> 3 | J14: ='Score Entry'!O17 -> 2 | K14: ='Score Entry'!Q17 -> 3 | L14: ='Score Entry'!S17 -> 63.75 | M14: ='Score Entry'!S17 -> 63.75 | N14: ='Score Entry'!U17 -> B+ | O14: ='Score Entry'!V17 -> Good | P14: ='Score Entry'!W17 -> 0.6375 | Q14: ='Score Entry'!V17 -> Good
A15: 9 | B15: ='Score Entry'!B18 -> RS009 | C15: ='Score Entry'!C18 -> Arjun Gupta | D15: ='Score Entry'!D18 -> Ph.D — Deep Learning | E15: ='Score Entry'!E18 -> 3 | F15: ='Score Entry'!G18 -> 3 | G15: ='Score Entry'!I18 -> 3 | H15: ='Score Entry'!K18 -> 1 | I15: ='Score Entry'!M18 -> 2 | J15: ='Score Entry'!O18 -> 3 | K15: ='Score Entry'!Q18 -> 3 | L15: ='Score Entry'!S18 -> 61.25 | M15: ='Score Entry'!S18 -> 61.25 | N15: ='Score Entry'!U18 -> B+ | O15: ='Score Entry'!V18 -> Good | P15: ='Score Entry'!W18 -> 0.6125 | Q15: ='Score Entry'!V18 -> Good
A16: 10 | B16: ='Score Entry'!B19 -> RS010 | C16: ='Score Entry'!C19 -> Pooja Iyer | D16: ='Score Entry'!D19 -> M.Tech — Bioinformatics | E16: ='Score Entry'!E19 -> 2 | F16: ='Score Entry'!G19 -> 1 | G16: ='Score Entry'!I19 -> 3 | H16: ='Score Entry'!K19 -> 2 | I16: ='Score Entry'!M19 -> 4 | J16: ='Score Entry'!O19 -> 3 | K16: ='Score Entry'!Q19 -> 2 | L16: ='Score Entry'!S19 -> 61.25 | M16: ='Score Entry'!S19 -> 61.25 | N16: ='Score Entry'!U19 -> B+ | O16: ='Score Entry'!V19 -> Good | P16: ='Score Entry'!W19 -> 0.6125 | Q16: ='Score Entry'!V19 -> Good
A17: 11 | B17: ='Score Entry'!B20 -> RS011 | C17: ='Score Entry'!C20 -> Rahul Verma | D17: ='Score Entry'!D20 -> Ph.D — Computer Vision | E17: ='Score Entry'!E20 -> 3 | F17: ='Score Entry'!G20 -> 1 | G17: ='Score Entry'!I20 -> 4 | H17: ='Score Entry'!K20 -> 1 | I17: ='Score Entry'!M20 -> 2 | J17: ='Score Entry'!O20 -> 2 | K17: ='Score Entry'!Q20 -> 2 | L17: ='Score Entry'!S20 -> 53.75 | M17: ='Score Entry'!S20 -> 53.75 | N17: ='Score Entry'!U20 -> B | O17: ='Score Entry'!V20 -> Satisfactory | P17: ='Score Entry'!W20 -> 0.5375 | Q17: ='Score Entry'!V20 -> Satisfactory
A18: 12 | B18: ='Score Entry'!B21 -> RS012 | C18: ='Score Entry'!C21 -> Meera Joshi | D18: ='Score Entry'!D21 -> M.Tech — Quantum Computing | E18: ='Score Entry'!E21 -> 2 | F18: ='Score Entry'!G21 -> 2 | G18: ='Score Entry'!I21 -> 4 | H18: ='Score Entry'!K21 -> 2 | I18: ='Score Entry'!M21 -> 3 | J18: ='Score Entry'!O21 -> 1 | K18: ='Score Entry'!Q21 -> 1 | L18: ='Score Entry'!S21 -> 58.75 | M18: ='Score Entry'!S21 -> 58.75 | N18: ='Score Entry'!U21 -> B | O18: ='Score Entry'!V21 -> Satisfactory | P18: ='Score Entry'!W21 -> 0.5875 | Q18: ='Score Entry'!V21 -> Satisfactory
... A31: 25 | B31: ='Score Entry'!B34 -> RS025 | C31: ='Score Entry'!C34 -> Chetan Rao | D31: ='Score Entry'!D34 -> M.Tech — Neuromorphic Computing | E31: ='Score Entry'!E34 -> 4 | F31: ='Score Entry'!G34 -> 4 | G31: ='Score Entry'!I34 -> 3 | H31: ='Score Entry'!K34 -> 1 | I31: ='Score Entry'!M34 -> 3 | J31: ='Score Entry'!O34 -> 1 | K31: ='Score Entry'!Q34 -> 3 | L31: ='Score Entry'!S34 -> 66.25 | M31: ='Score Entry'!S34 -> 66.25 | N31: ='Score Entry'!U34 -> B+ | O31: ='Score Entry'!V34 -> Good | P31: ='Score Entry'!W34 -> 0.6625 | Q31: ='Score Entry'!V34 -> Good
A33: COHORT AVERAGE | E33: =AVERAGE(E7:E31) -> 2.4 | F33: =AVERAGE(F7:F31) -> 2.4 | G33: =AVERAGE(G7:G31) -> 2.8 | H33: =AVERAGE(H7:H31) -> 2 | I33: =AVERAGE(I7:I31) -> 2.52 | J33: =AVERAGE(J7:J31) -> 2.52 | K33: =AVERAGE(K7:K31) -> 2.32 | L33: =AVERAGE(L7:L31) -> 60.55

Sheet Criterion Analysis
A1: THESIS RUBRIC — CRITERION-WISE SCORE ANALYSIS
A2: Auto-linked from Score Entry. Statistical breakdown per criterion across all scholars.
A4: Metric | B4: C1: Problem Identification (Wt:10% Max:10M) | C4: C2: Literature Review (Wt:15% Max:15M) | D4: C3: Research Methodology (Wt:20% Max:20M) | E4: C4: Data Analysis & Results (Wt:20% Max:20M) | F4: C5: Originality & Contribution (Wt:15% Max:15M) | G4: C6: Technical Writing Quality (Wt:10% Max:10M) | H4: C7: Presentation & Defense (Wt:10% Max:10M) | I4: Overall Avg | J4: Att%
A6: Average Score | B6: =AVERAGE('Score Entry'!E10:E34) -> 2.4 | C6: =AVERAGE('Score Entry'!G10:G34) -> 2.4 | D6: =AVERAGE('Score Entry'!I10:I34) -> 2.8 | E6: =AVERAGE('Score Entry'!K10:K34) -> 2 | F6: =AVERAGE('Score Entry'!M10:M34) -> 2.52 | G6: =AVERAGE('Score Entry'!O10:O34) -> 2.52 | H6: =AVERAGE('Score Entry'!Q10:Q34) -> 2.32 | I6: =IFERROR(AVERAGE(B6,C6,D6,E6,F6,G6,H6),0) -> 2.4228571
A7: Average Wtd Marks | B7: =AVERAGE('Score Entry'!F10:F34) -> 6 | C7: =AVERAGE('Score Entry'!H10:H34) -> 9 | D7: =AVERAGE('Score Entry'!J10:J34) -> 14 | E7: =AVERAGE('Score Entry'!L10:L34) -> 10 | F7: =AVERAGE('Score Entry'!N10:N34) -> 9.45 | G7: =AVERAGE('Score Entry'!P10:P34) -> 6.3 | H7: =AVERAGE('Score Entry'!R10:R34) -> 5.8 | I7: =IFERROR(AVERAGE(B7,C7,D7,E7,F7,G7,H7),0) -> 8.65
A8: Max Score | B8: =MAX('Score Entry'!E10:E34) -> 4 | C8: =MAX('Score Entry'!G10:G34) -> 4 | D8: =MAX('Score Entry'!I10:I34) -> 4 | E8: =MAX('Score Entry'!K10:K34) -> 4 | F8: =MAX('Score Entry'!M10:M34) -> 4 | G8: =MAX('Score Entry'!O10:O34) -> 4 | H8: =MAX('Score Entry'!Q10:Q34) -> 4 | I8: =IFERROR(AVERAGE(B8,C8,D8,E8,F8,G8,H8),0) -> 4
A9: Min Score | B9: =MIN('Score Entry'!E10:E34) -> 1 | C9: =MIN('Score Entry'!G10:G34) -> 1 | D9: =MIN('Score Entry'!I10:I34) -> 1 | E9: =MIN('Score Entry'!K10:K34) -> 1 | F9: =MIN('Score Entry'!M10:M34) -> 1 | G9: =MIN('Score Entry'!O10:O34) -> 1 | H9: =MIN('Score Entry'!Q10:Q34) -> 1 | I9: =IFERROR(AVERAGE(B9,C9,D9,E9,F9,G9,H9),0) -> 1
A10: Excellent (4) | B10: =COUNTIF('Score Entry'!E10:E34,4) -> 3 | C10: =COUNTIF('Score Entry'!G10:G34,4) -> 5 | D10: =COUNTIF('Score Entry'!I10:I34,4) -> 7 | E10: =COUNTIF('Score Entry'!K10:K34,4) -> 4 | F10: =COUNTIF('Score Entry'!M10:M34,4) -> 6 | G10: =COUNTIF('Score Entry'!O10:O34,4) -> 7 | H10: =COUNTIF('Score Entry'!Q10:Q34,4) -> 3 | I10: =IFERROR(AVERAGE(B10,C10,D10,E10,F10,G10,H10),0) -> 5
A11: Good (3) | B11: =COUNTIF('Score Entry'!E10:E34,3) -> 9 | C11: =COUNTIF('Score Entry'!G10:G34,3) -> 7 | D11: =COUNTIF('Score Entry'!I10:I34,3) -> 9 | E11: =COUNTIF('Score Entry'!K10:K34,3) -> 1 | F11: =COUNTIF('Score Entry'!M10:M34,3) -> 8 | G11: =COUNTIF('Score Entry'!O10:O34,3) -> 7 | H11: =COUNTIF('Score Entry'!Q10:Q34,3) -> 8 | I11: =IFERROR(AVERAGE(B11,C11,D11,E11,F11,G11,H11),0) -> 7
A12: Fair (2) | B12: =COUNTIF('Score Entry'!E10:E34,2) -> 8 | C12: =COUNTIF('Score Entry'!G10:G34,2) -> 6 | D12: =COUNTIF('Score Entry'!I10:I34,2) -> 6 | E12: =COUNTIF('Score Entry'!K10:K34,2) -> 11 | F12: =COUNTIF('Score Entry'!M10:M34,2) -> 4 | G12: =COUNTIF('Score Entry'!O10:O34,2) -> 3 | H12: =COUNTIF('Score Entry'!Q10:Q34,2) -> 8 | I12: =IFERROR(AVERAGE(B12,C12,D12,E12,F12,G12,H12),0) -> 6.5714286
A13: Poor (1) | B13: =COUNTIF('Score Entry'!E10:E34,1) -> 5 | C13: =COUNTIF('Score Entry'!G10:G34,1) -> 7 | D13: =COUNTIF('Score Entry'!I10:I34,1) -> 3 | E13: =COUNTIF('Score Entry'!K10:K34,1) -> 9 | F13: =COUNTIF('Score Entry'!M10:M34,1) -> 7 | G13: =COUNTIF('Score Entry'!O10:O34,1) -> 8 | H13: =COUNTIF('Score Entry'!Q10:Q34,1) -> 6 | I13: =IFERROR(AVERAGE(B13,C13,D13,E13,F13,G13,H13),0) -> 6.4285714
A14: Attainment % | B14: =IFERROR(AVERAGE('Score Entry'!E10:E34)/4*100,0) -> 60 | C14: =IFERROR(AVERAGE('Score Entry'!G10:G34)/4*100,0) -> 60 | D14: =IFERROR(AVERAGE('Score Entry'!I10:I34)/4*100,0) -> 70 | E14: =IFERROR(AVERAGE('Score Entry'!K10:K34)/4*100,0) -> 50 | F14: =IFERROR(AVERAGE('Score Entry'!M10:M34)/4*100,0) -> 63 | G14: =IFERROR(AVERAGE('Score Entry'!O10:O34)/4*100,0) -> 63 | H14: =IFERROR(AVERAGE('Score Entry'!Q10:Q34)/4*100,0) -> 58 | I14: =IFERROR(AVERAGE(B14,C14,D14,E14,F14,G14,H14),0) -> 60.571429 | J14: =I14 -> 60.571429
A15: Att Level | B15: =IF(B14>=75,"Excellent",IF(B14>=60,"Good",IF(B14>=50,"Satisfactory","Inadequate"))) -> Good | C15: =IF(C14>=75,"Excellent",IF(C14>=60,"Good",IF(C14>=50,"Satisfactory","Inadequate"))) -> Good | D15: =IF(D14>=75,"Excellent",IF(D14>=60,"Good",IF(D14>=50,"Satisfactory","Inadequate"))) -> Good | E15: =IF(E14>=75,"Excellent",IF(E14>=60,"Good",IF(E14>=50,"Satisfactory","Inadequate"))) -> Satisfactory | F15: =IF(F14>=75,"Excellent",IF(F14>=60,"Good",IF(F14>=50,"Satisfactory","Inadequate"))) -> Good | G15: =IF(G14>=75,"Excellent",IF(G14>=60,"Good",IF(G14>=50,"Satisfactory","Inadequate"))) -> Good | H15: =IF(H14>=75,"Excellent",IF(H14>=60,"Good",IF(H14>=50,"Satisfactory","Inadequate"))) -> Satisfactory

Sheet PO Attainment
A1: THESIS RUBRIC — PROGRAMME OUTCOME (PO) ATTAINMENT
A2: PO Attainment % = Average of criterion attainments mapped to each PO | Target ≥ 60% | Level: Outstanding≥90% Excellent≥75% Good≥60% Satisfactory≥50% Inadequate<50%
A4: # | B4: PO | C4: Description | D4: Relevant Criteria | E4: CRITERION ATTAINMENT % (Auto-linked from Criterion Analysis) | L4: PO Att% | M4: Target | N4: Gap | O4: Level
E5: C1 | F5: C2 | G5: C3 | H5: C4 | I5: C5 | J5: C6 | K5: C7
A6: 1 | B6: PO1 | C6: Engineering Knowledge | D6: C1, C2 | E6: ='Criterion Analysis'!B14 -> 60 | F6: ='Criterion Analysis'!C14 -> 60 | G6: — | H6: — | I6: — | J6: — | K6: — | L6: =IFERROR(AVERAGE('Criterion Analysis'!B14,'Criterion Analysis'!C14),0) -> 60 | M6: 60 | N6: =L6-M6 -> 0 | O6: =IF(L6>=90,"Outstanding",IF(L6>=75,"Excellent",IF(L6>=60,"Good",IF(L6>=50,"Satisfactory","Inadequate")))) -> Good
A7: 2 | B7: PO2 | C7: Problem Analysis | D7: C1, C2 | E7: ='Criterion Analysis'!B14 -> 60 | F7: ='Criterion Analysis'!C14 -> 60 | G7: — | H7: — | I7: — | J7: — | K7: — | L7: =IFERROR(AVERAGE('Criterion Analysis'!B14,'Criterion Analysis'!C14),0) -> 60 | M7: 60 | N7: =L7-M7 -> 0 | O7: =IF(L7>=90,"Outstanding",IF(L7>=75,"Excellent",IF(L7>=60,"Good",IF(L7>=50,"Satisfactory","Inadequate")))) -> Good
A8: 3 | B8: PO3 | C8: Design/Development of Solutions | D8: C3, C5 | E8: — | F8: — | G8: ='Criterion Analysis'!D14 -> 70 | H8: — | I8: ='Criterion Analysis'!F14 -> 63 | J8: — | K8: — | L8: =IFERROR(AVERAGE('Criterion Analysis'!D14,'Criterion Analysis'!F14),0) -> 66.5 | M8: 60 | N8: =L8-M8 -> 6.5 | O8: =IF(L8>=90,"Outstanding",IF(L8>=75,"Excellent",IF(L8>=60,"Good",IF(L8>=50,"Satisfactory","Inadequate")))) -> Good
A9: 4 | B9: PO4 | C9: Conduct Investigations | D9: C3, C4 | E9: — | F9: — | G9: ='Criterion Analysis'!D14 -> 70 | H9: ='Criterion Analysis'!E14 -> 50 | I9: — | J9: — | K9: — | L9: =IFERROR(AVERAGE('Criterion Analysis'!D14,'Criterion Analysis'!E14),0) -> 60 | M9: 60 | N9: =L9-M9 -> 0 | O9: =IF(L9>=90,"Outstanding",IF(L9>=75,"Excellent",IF(L9>=60,"Good",IF(L9>=50,"Satisfactory","Inadequate")))) -> Good
A10: 5 | B10: PO5 | C10: Modern Tool Usage | D10: C4 | E10: — | F10: — | G10: — | H10: ='Criterion Analysis'!E14 -> 50 | I10: — | J10: — | K10: — | L10: =IFERROR(AVERAGE('Criterion Analysis'!E14),0) -> 50 | M10: 60 | N10: =L10-M10 -> -10 | O10: =IF(L10>=90,"Outstanding",IF(L10>=75,"Excellent",IF(L10>=60,"Good",IF(L10>=50,"Satisfactory","Inadequate")))) -> Satisfactory
A11: 6 | B11: PO6 | C11: The Engineer and Society | D11: — | E11: — | F11: — | G11: — | H11: — | I11: — | J11: — | K11: — | L11: — | M11: 60 | N11: — | O11: —
A12: 7 | B12: PO7 | C12: Environment and Sustainability | D12: — | E12: — | F12: — | G12: — | H12: — | I12: — | J12: — | K12: — | L12: — | M12: 60 | N12: — | O12: —
A13: 8 | B13: PO8 | C13: Ethics | D13: — | E13: — | F13: — | G13: — | H13: — | I13: — | J13: — | K13: — | L13: — | M13: 60 | N13: — | O13: —
A14: 9 | B14: PO9 | C14: Individual and Team Work | D14: C7 | E14: — | F14: — | G14: — | H14: — | I14: — | J14: — | K14: ='Criterion Analysis'!H14 -> 58 | L14: =IFERROR(AVERAGE('Criterion Analysis'!H14),0) -> 58 | M14: 60 | N14: =L14-M14 -> -2 | O14: =IF(L14>=90,"Outstanding",IF(L14>=75,"Excellent",IF(L14>=60,"Good",IF(L14>=50,"Satisfactory","Inadequate")))) -> Satisfactory
A15: 10 | B15: PO10 | C15: Communication | D15: C6, C7 | E15: — | F15: — | G15: — | H15: — | I15: — | J15: ='Criterion Analysis'!G14 -> 63 | K15: ='Criterion Analysis'!H14 -> 58 | L15: =IFERROR(AVERAGE('Criterion Analysis'!G14,'Criterion Analysis'!H14),0) -> 60.5 | M15: 60 | N15: =L15-M15 -> 0.5 | O15: =IF(L15>=90,"Outstanding",IF(L15>=75,"Excellent",IF(L15>=60,"Good",IF(L15>=50,"Satisfactory","Inadequate")))) -> Good
A16: 11 | B16: PO11 | C16: Project Management and Finance | D16: — | E16: — | F16: — | G16: — | H16: — | I16: — | J16: — | K16: — | L16: — | M16: 60 | N16: — | O16: —
A17: 12 | B17: PO12 | C17: Life-long Learning | D17: C2, C5 | E17: — | F17: ='Criterion Analysis'!C14 -> 60 | G17: — | H17: — | I17: ='Criterion Analysis'!F14 -> 63 | J17: — | K17: — | L17: =IFERROR(AVERAGE('Criterion Analysis'!C14,'Criterion Analysis'!F14),0) -> 61.5 | M17: 60 | N17: =L17-M17 -> 1.5 | O17: =IF(L17>=90,"Outstanding",IF(L17>=75,"Excellent",IF(L17>=60,"Good",IF(L17>=50,"Satisfactory","Inadequate")))) -> Good

Sheet Feedback Card
A1: THESIS RUBRIC — INDIVIDUAL SCHOLAR FEEDBACK CARDS
A2: Score labels and personalized feedback auto-generated from Score Entry sheet. Ready for supervisor sign-off.
A4: # | B4: Reg No | C4: Scholar Name | D4: Program | E4: C1 | F4: C2 | G4: C3 | H4: C4 | I4: C5 | J4: C6 | K4: C7 | L4: Total | M4: Grade | N4: Feedback Summary
A5: 1 | B5: ='Score Entry'!B10 -> RS001 | C5: ='Score Entry'!C10 -> Aarav Sharma | D5: ='Score Entry'!D10 -> M.Tech — Machine Learning | E5: =IF('Score Entry'!E10=4,"Excellent",IF('Score Entry'!E10=3,"Good",IF('Score Entry'!E10=2,"Fair","Poor"))) -> Poor | F5: =IF('Score Entry'!G10=4,"Excellent",IF('Score Entry'!G10=3,"Good",IF('Score Entry'!G10=2,"Fair","Poor"))) -> Excellent | G5: =IF('Score Entry'!I10=4,"Excellent",IF('Score Entry'!I10=3,"Good",IF('Score Entry'!I10=2,"Fair","Poor"))) -> Fair | H5: =IF('Score Entry'!K10=4,"Excellent",IF('Score Entry'!K10=3,"Good",IF('Score Entry'!K10=2,"Fair","Poor"))) -> Poor | I5: =IF('Score Entry'!M10=4,"Excellent",IF('Score Entry'!M10=3,"Good",IF('Score Entry'!M10=2,"Fair","Poor"))) -> Good | J5: =IF('Score Entry'!O10=4,"Excellent",IF('Score Entry'!O10=3,"Good",IF('Score Entry'!O10=2,"Fair","Poor"))) -> Excellent | K5: =IF('Score Entry'!Q10=4,"Excellent",IF('Score Entry'!Q10=3,"Good",IF('Score Entry'!Q10=2,"Fair","Poor"))) -> Fair | L5: ='Score Entry'!S10 -> 58.75 | M5: ='Score Entry'!U10 -> B | N5: =IF('Score Entry'!S10>=90,"Outstanding research — publication-ready contribution; all evaluation criteria met with distinction",IF('Score Entry'!S10>=75,"Excellent research — strong methodology and originality; minor refinements recommended",IF('Score Entry'!S10>=60,"Good research — meets academic standards; strengthen data analysis and contribution sections",IF('Score Entry'!S10>=50,"Satisfactory — research shows potential; significant improvements needed in methodology and writing","Inadequate — thesis requires major revision; research methodology and analysis need complete rework")))) -> Satisfactory — research shows potential; significant improvements needed in methodology and writing
A6: 2 | B6: ='Score Entry'!B11 -> RS002 | C6: ='Score Entry'!C11 -> Priya Patel | D6: ='Score Entry'!D11 -> M.Tech — Data Science | E6: =IF('Score Entry'!E11=4,"Excellent",IF('Score Entry'!E11=3,"Good",IF('Score Entry'!E11=2,"Fair","Poor"))) -> Poor | F6: =IF('Score Entry'!G11=4,"Excellent",IF('Score Entry'!G11=3,"Good",IF('Score Entry'!G11=2,"Fair","Poor"))) -> Excellent | G6: =IF('Score Entry'!I11=4,"Excellent",IF('Score Entry'!I11=3,"Good",IF('Score Entry'!I11=2,"Fair","Poor"))) -> Excellent | H6: =IF('Score Entry'!K11=4,"Excellent",IF('Score Entry'!K11=3,"Good",IF('Score Entry'!K11=2,"Fair","Poor"))) -> Poor | I6: =IF('Score Entry'!M11=4,"Excellent",IF('Score Entry'!M11=3,"Good",IF('Score Entry'!M11=2,"Fair","Poor"))) -> Poor | J6: =IF('Score Entry'!O11=4,"Excellent",IF('Score Entry'!O11=3,"Good",IF('Score Entry'!O11=2,"Fair","Poor"))) -> Poor | K6: =IF('Score Entry'!Q11=4,"Excellent",IF('Score Entry'!Q11=3,"Good",IF('Score Entry'!Q11=2,"Fair","Poor"))) -> Fair | L6: ='Score Entry'!S11 -> 53.75 | M6: ='Score Entry'!U11 -> B | N6: =IF('Score Entry'!S11>=90,"Outstanding research — publication-ready contribution; all evaluation criteria met with distinction",IF('Score Entry'!S11>=75,"Excellent research — strong methodology and originality; minor refinements recommended",IF('Score Entry'!S11>=60,"Good research — meets academic standards; strengthen data analysis and contribution sections",IF('Score Entry'!S11>=50,"Satisfactory — research shows potential; significant improvements needed in methodology and writing","Inadequate — thesis requires major revision; research methodology and analysis need complete rework")))) -> Satisfactory — research shows potential; significant improvements needed in methodology and writing
A7: 3 | B7: ='Score Entry'!B12 -> RS003 | C7: ='Score Entry'!C12 -> Rohan Mehta | D7: ='Score Entry'!D12 -> M.Tech — Computer Networks | E7: =IF('Score Entry'!E12=4,"Excellent",IF('Score Entry'!E12=3,"Good",IF('Score Entry'!E12=2,"Fair","Poor"))) -> Excellent | F7: =IF('Score Entry'!G12=4,"Excellent",IF('Score Entry'!G12=3,"Good",IF('Score Entry'!G12=2,"Fair","Poor"))) -> Poor | G7: =IF('Score Entry'!I12=4,"Excellent",IF('Score Entry'!I12=3,"Good",IF('Score Entry'!I12=2,"Fair","Poor"))) -> Excellent | H7: =IF('Score Entry'!K12=4,"Excellent",IF('Score Entry'!K12=3,"Good",IF('Score Entry'!K12=2,"Fair","Poor"))) -> Poor | I7: =IF('Score Entry'!M12=4,"Excellent",IF('Score Entry'!M12=3,"Good",IF('Score Entry'!M12=2,"Fair","Poor"))) -> Poor | J7: =IF('Score Entry'!O12=4,"Excellent",IF('Score Entry'!O12=3,"Good",IF('Score Entry'!O12=2,"Fair","Poor"))) -> Poor | K7: =IF('Score Entry'!Q12=4,"Excellent",IF('Score Entry'!Q12=3,"Good",IF('Score Entry'!Q12=2,"Fair","Poor"))) -> Fair | L7: ='Score Entry'!S12 -> 50 | M7: ='Score Entry'!U12 -> B | N7: =IF('Score Entry'!S12>=90,"Outstanding research — publication-ready contribution; all evaluation criteria met with distinction",IF('Score Entry'!S12>=75,"Excellent research — strong methodology and originality; minor refinements recommended",IF('Score Entry'!S12>=60,"Good research — meets academic standards; strengthen data analysis and contribution sections",IF('Score Entry'!S12>=50,"Satisfactory — research shows potential; significant improvements needed in methodology and writing","Inadequate — thesis requires major revision; research methodology and analysis need complete rework")))) -> Satisfactory — research shows potential; significant improvements needed in methodology and writing
A8: 4 | B8: ='Score Entry'!B13 -> RS004 | C8: ='Score Entry'!C13 -> Sneha Reddy | D8: ='Score Entry'!D13 -> M.Tech — Cybersecurity | E8: =IF('Score Entry'!E13=4,"Excellent",IF('Score Entry'!E13=3,"Good",IF('Score Entry'!E13=2,"Fair","Poor"))) -> Fair | F8: =IF('Score Entry'!G13=4,"Excellent",IF('Score Entry'!G13=3,"Good",IF('Score Entry'!G13=2,"Fair","Poor"))) -> Poor | G8: =IF('Score Entry'!I13=4,"Excellent",IF('Score Entry'!I13=3,"Good",IF('Score Entry'!I13=2,"Fair","Poor"))) -> Fair | H8: =IF('Score Entry'!K13=4,"Excellent",IF('Score Entry'!K13=3,"Good",IF('Score Entry'!K13=2,"Fair","Poor"))) -> Excellent | I8: =IF('Score Entry'!M13=4,"Excellent",IF('Score Entry'!M13=3,"Good",IF('Score Entry'!M13=2,"Fair","Poor"))) -> Excellent | J8: =IF('Score Entry'!O13=4,"Excellent",IF('Score Entry'!O13=3,"Good",IF('Score Entry'!O13=2,"Fair","Poor"))) -> Good | K8: =IF('Score Entry'!Q13=4,"Excellent",IF('Score Entry'!Q13=3,"Good",IF('Score Entry'!Q13=2,"Fair","Poor"))) -> Poor | L8: ='Score Entry'!S13 -> 63.75 | M8: ='Score Entry'!U13 -> B+ | N8: =IF('Score Entry'!S13>=90,"Outstanding research — publication-ready contribution; all evaluation criteria met with distinction",IF('Score Entry'!S13>=75,"Excellent research — strong methodology and originality; minor refinements recommended",IF('Score Entry'!S13>=60,"Good research — meets academic standards; strengthen data analysis and contribution sections",IF('Score Entry'!S13>=50,"Satisfactory — research shows potential; significant improvements needed in methodology and writing","Inadequate — thesis requires major revision; research methodology and analysis need complete rework")))) -> Good research — meets academic standards; strengthen data analysis and contribution sections
A9: 5 | B9: ='Score Entry'!B14 -> RS005 | C9: ='Score Entry'!C14 -> Vikram Singh | D9: ='Score Entry'!D14 -> M.Tech — Cloud Computing | E9: =IF('Score Entry'!E14=4,"Excellent",IF('Score Entry'!E14=3,"Good",IF('Score Entry'!E14=2,"Fair","Poor"))) -> Poor | F9: =IF('Score Entry'!G14=4,"Excellent",IF('Score Entry'!G14=3,"Good",IF('Score Entry'!G14=2,"Fair","Poor"))) -> Fair | G9: =IF('Score Entry'!I14=4,"Excellent",IF('Score Entry'!I14=3,"Good",IF('Score Entry'!I14=2,"Fair","Poor"))) -> Fair | H9: =IF('Score Entry'!K14=4,"Excellent",IF('Score Entry'!K14=3,"Good",IF('Score Entry'!K14=2,"Fair","Poor"))) -> Poor | I9: =IF('Score Entry'!M14=4,"Excellent",IF('Score Entry'!M14=3,"Good",IF('Score Entry'!M14=2,"Fair","Poor"))) -> Fair | J9: =IF('Score Entry'!O14=4,"Excellent",IF('Score Entry'!O14=3,"Good",IF('Score Entry'!O14=2,"Fair","Poor"))) -> Poor | K9: =IF('Score Entry'!Q14=4,"Excellent",IF('Score Entry'!Q14=3,"Good",IF('Score Entry'!Q14=2,"Fair","Poor"))) -> Poor | L9: ='Score Entry'!S14 -> 37.5 | M9: ='Score Entry'!U14 -> F | N9: =IF('Score Entry'!S14>=90,"Outstanding research — publication-ready contribution; all evaluation criteria met with distinction",IF('Score Entry'!S14>=75,"Excellent research — strong methodology and originality; minor refinements recommended",IF('Score Entry'!S14>=60,"Good research — meets academic standards; strengthen data analysis and contribution sections",IF('Score Entry'!S14>=50,"Satisfactory — research shows potential; significant improvements needed in methodology and writing","Inadequate — thesis requires major revision; research methodology and analysis need complete rework")))) -> Inadequate — thesis requires major revision; research methodology and analysis need complete rework
A10: 6 | B10: ='Score Entry'!B15 -> RS006 | C10: ='Score Entry'!C15 -> Anjali Nair | D10: ='Score Entry'!D15 -> M.Tech — IoT Systems | E10: =IF('Score Entry'!E15=4,"Excellent",IF('Score Entry'!E15=3,"Good",IF('Score Entry'!E15=2,"Fair","Poor"))) -> Fair | F10: =IF('Score Entry'!G15=4,"Excellent",IF('Score Entry'!G15=3,"Good",IF('Score Entry'!G15=2,"Fair","Poor"))) -> Good | G10: =IF('Score Entry'!I15=4,"Excellent",IF('Score Entry'!I15=3,"Good",IF('Score Entry'!I15=2,"Fair","Poor"))) -> Poor | H10: =IF('Score Entry'!K15=4,"Excellent",IF('Score Entry'!K15=3,"Good",IF('Score Entry'!K15=2,"Fair","Poor"))) -> Excellent | I10: =IF('Score Entry'!M15=4,"Excellent",IF('Score Entry'!M15=3,"Good",IF('Score Entry'!M15=2,"Fair","Poor"))) -> Good | J10: =IF('Score Entry'!O15=4,"Excellent",IF('Score Entry'!O15=3,"Good",IF('Score Entry'!O15=2,"Fair","Poor"))) -> Excellent | K10: =IF('Score Entry'!Q15=4,"Excellent",IF('Score Entry'!Q15=3,"Good",IF('Score Entry'!Q15=2,"Fair","Poor"))) -> Fair | L10: ='Score Entry'!S15 -> 67.5 | M10: ='Score Entry'!U15 -> B+ | N10: =IF('Score Entry'!S15>=90,"Outstanding research — publication-ready contribution; all evaluation criteria met with distinction",IF('Score Entry'!S15>=75,"Excellent research — strong methodology and originality; minor refinements recommended",IF('Score Entry'!S15>=60,"Good research — meets academic standards; strengthen data analysis and contribution sections",IF('Score Entry'!S15>=50,"Satisfactory — research shows potential; significant improvements needed in methodology and writing","Inadequate — thesis requires major revision; research methodology and analysis need complete rework")))) -> Good research — meets academic standards; strengthen data analysis and contribution sections
A11: 7 | B11: ='Score Entry'!B16 -> RS007 | C11: ='Score Entry'!C16 -> Kiran Kumar | D11: ='Score Entry'!D16 -> M.Tech — Embedded AI | E11: =IF('Score Entry'!E16=4,"Excellent",IF('Score Entry'!E16=3,"Good",IF('Score Entry'!E16=2,"Fair","Poor"))) -> Good | F11: =IF('Score Entry'!G16=4,"Excellent",IF('Score Entry'!G16=3,"Good",IF('Score Entry'!G16=2,"Fair","Poor"))) -> Excellent | G11: =IF('Score Entry'!I16=4,"Excellent",IF('Score Entry'!I16=3,"Good",IF('Score Entry'!I16=2,"Fair","Poor"))) -> Excellent | H11: =IF('Score Entry'!K16=4,"Excellent",IF('Score Entry'!K16=3,"Good",IF('Score Entry'!K16=2,"Fair","Poor"))) -> Excellent | I11: =IF('Score Entry'!M16=4,"Excellent",IF('Score Entry'!M16=3,"Good",IF('Score Entry'!M16=2,"Fair","Poor"))) -> Poor | J11: =IF('Score Entry'!O16=4,"Excellent",IF('Score Entry'!O16=3,"Good",IF('Score Entry'!O16=2,"Fair","Poor"))) -> Excellent | K11: =IF('Score Entry'!Q16=4,"Excellent",IF('Score Entry'!Q16=3,"Good",IF('Score Entry'!Q16=2,"Fair","Poor"))) -> Poor | L11: ='Score Entry'!S16 -> 78.75 | M11: ='Score Entry'!U16 -> A | N11: =IF('Score Entry'!S16>=90,"Outstanding research — publication-ready contribution; all evaluation criteria met with distinction",IF('Score Entry'!S16>=75,"Excellent research — strong methodology and originality; minor refinements recommended",IF('Score Entry'!S16>=60,"Good research — meets academic standards; strengthen data analysis and contribution sections",IF('Score Entry'!S16>=50,"Satisfactory — research shows potential; significant improvements needed in methodology and writing","Inadequate — thesis requires major revision; research methodology and analysis need complete rework")))) -> Excellent research — strong methodology and originality; minor refinements recommended
A12: 8 | B12: ='Score Entry'!B17 -> RS008 | C12: ='Score Entry'!C17 -> Divya Rao | D12: ='Score Entry'!D17 -> Ph.D — Natural Language Processing | E12: =IF('Score Entry'!E17=4,"Excellent",IF('Score Entry'!E17=3,"Good",IF('Score Entry'!E17=2,"Fair","Poor"))) -> Good | F12: =IF('Score Entry'!G17=4,"Excellent",IF('Score Entry'!G17=3,"Good",IF('Score Entry'!G17=2,"Fair","Poor"))) -> Fair | G12: =IF('Score Entry'!I17=4,"Excellent",IF('Score Entry'!I17=3,"Good",IF('Score Entry'!I17=2,"Fair","Poor"))) -> Good | H12: =IF('Score Entry'!K17=4,"Excellent",IF('Score Entry'!K17=3,"Good",IF('Score Entry'!K17=2,"Fair","Poor"))) -> Fair | I12: =IF('Score Entry'!M17=4,"Excellent",IF('Score Entry'!M17=3,"Good",IF('Score Entry'!M17=2,"Fair","Poor"))) -> Good | J12: =IF('Score Entry'!O17=4,"Excellent",IF('Score Entry'!O17=3,"Good",IF('Score Entry'!O17=2,"Fair","Poor"))) -> Fair | K12: =IF('Score Entry'!Q17=4,"Excellent",IF('Score Entry'!Q17=3,"Good",IF('Score Entry'!Q17=2,"Fair","Poor"))) -> Good | L12: ='Score Entry'!S17 -> 63.75 | M12: ='Score Entry'!U17 -> B+ | N12: =IF('Score Entry'!S17>=90,"Outstanding research — publication-ready contribution; all evaluation criteria met with distinction",IF('Score Entry'!S17>=75,"Excellent research — strong methodology and originality; minor refinements recommended",IF('Score Entry'!S17>=60,"Good research — meets academic standards; strengthen data analysis and contribution sections",IF('Score Entry'!S17>=50,"Satisfactory — research shows potential; significant improvements needed in methodology and writing","Inadequate — thesis requires major revision; research methodology and analysis need complete rework")))) -> Good research — meets academic standards; strengthen data analysis and contribution sections
A13: 9 | B13: ='Score Entry'!B18 -> RS009 | C13: ='Score Entry'!C18 -> Arjun Gupta | D13: ='Score Entry'!D18 -> Ph.D — Deep Learning | E13: =IF('Score Entry'!E18=4,"Excellent",IF('Score Entry'!E18=3,"Good",IF('Score Entry'!E18=2,"Fair","Poor"))) -> Good | F13: =IF('Score Entry'!G18=4,"Excellent",IF('Score Entry'!G18=3,"Good",IF('Score Entry'!G18=2,"Fair","Poor"))) -> Good | G13: =IF('Score Entry'!I18=4,"Excellent",IF('Score Entry'!I18=3,"Good",IF('Score Entry'!I18=2,"Fair","Poor"))) -> Good | H13: =IF('Score Entry'!K18=4,"Excellent",IF('Score Entry'!K18=3,"Good",IF('Score Entry'!K18=2,"Fair","Poor"))) -> Poor | I13: =IF('Score Entry'!M18=4,"Excellent",IF('Score Entry'!M18=3,"Good",IF('Score Entry'!M18=2,"Fair","Poor"))) -> Fair | J13: =IF('Score Entry'!O18=4,"Excellent",IF('Score Entry'!O18=3,"Good",IF('Score Entry'!O18=2,"Fair","Poor"))) -> Good | K13: =IF('Score Entry'!Q18=4,"Excellent",IF('Score Entry'!Q18=3,"Good",IF('Score Entry'!Q18=2,"Fair","Poor"))) -> Good | L13: ='Score Entry'!S18 -> 61.25 | M13: ='Score Entry'!U18 -> B+ | N13: =IF('Score Entry'!S18>=90,"Outstanding research — publication-ready contribution; all evaluation criteria met with distinction",IF('Score Entry'!S18>=75,"Excellent research — strong methodology and originality; minor refinements recommended",IF('Score Entry'!S18>=60,"Good research — meets academic standards; strengthen data analysis and contribution sections",IF('Score Entry'!S18>=50,"Satisfactory — research shows potential; significant improvements needed in methodology and writing","Inadequate — thesis requires major revision; research methodology and analysis need complete rework")))) -> Good research — meets academic standards; strengthen data analysis and contribution sections
A14: 10 | B14: ='Score Entry'!B19 -> RS010 | C14: ='Score Entry'!C19 -> Pooja Iyer | D14: ='Score Entry'!D19 -> M.Tech — Bioinformatics | E14: =IF('Score Entry'!E19=4,"Excellent",IF('Score Entry'!E19=3,"Good",IF('Score Entry'!E19=2,"Fair","Poor"))) -> Fair | F14: =IF('Score Entry'!G19=4,"Excellent",IF('Score Entry'!G19=3,"Good",IF('Score Entry'!G19=2,"Fair","Poor"))) -> Poor | G14: =IF('Score Entry'!I19=4,"Excellent",IF('Score Entry'!I19=3,"Good",IF('Score Entry'!I19=2,"Fair","Poor"))) -> Good | H14: =IF('Score Entry'!K19=4,"Excellent",IF('Score Entry'!K19=3,"Good",IF('Score Entry'!K19=2,"Fair","Poor"))) -> Fair | I14: =IF('Score Entry'!M19=4,"Excellent",IF('Score Entry'!M19=3,"Good",IF('Score Entry'!M19=2,"Fair","Poor"))) -> Excellent | J14: =IF('Score Entry'!O19=4,"Excellent",IF('Score Entry'!O19=3,"Good",IF('Score Entry'!O19=2,"Fair","Poor"))) -> Good | K14: =IF('Score Entry'!Q19=4,"Excellent",IF('Score Entry'!Q19=3,"Good",IF('Score Entry'!Q19=2,"Fair","Poor"))) -> Fair | L14: ='Score Entry'!S19 -> 61.25 | M14: ='Score Entry'!U19 -> B+ | N14: =IF('Score Entry'!S19>=90,"Outstanding research — publication-ready contribution; all evaluation criteria met with distinction",IF('Score Entry'!S19>=75,"Excellent research — strong methodology and originality; minor refinements recommended",IF('Score Entry'!S19>=60,"Good research — meets academic standards; strengthen data analysis and contribution sections",IF('Score Entry'!S19>=50,"Satisfactory — research shows potential; significant improvements needed in methodology and writing","Inadequate — thesis requires major revision; research methodology and analysis need complete rework")))) -> Good research — meets academic standards; strengthen data analysis and contribution sections
A15: 11 | B15: ='Score Entry'!B20 -> RS011 | C15: ='Score Entry'!C20 -> Rahul Verma | D15: ='Score Entry'!D20 -> Ph.D — Computer Vision | E15: =IF('Score Entry'!E20=4,"Excellent",IF('Score Entry'!E20=3,"Good",IF('Score Entry'!E20=2,"Fair","Poor"))) -> Good | F15: =IF('Score Entry'!G20=4,"Excellent",IF('Score Entry'!G20=3,"Good",IF('Score Entry'!G20=2,"Fair","Poor"))) -> Poor | G15: =IF('Score Entry'!I20=4,"Excellent",IF('Score Entry'!I20=3,"Good",IF('Score Entry'!I20=2,"Fair","Poor"))) -> Excellent | H15: =IF('Score Entry'!K20=4,"Excellent",IF('Score Entry'!K20=3,"Good",IF('Score Entry'!K20=2,"Fair","Poor"))) -> Poor | I15: =IF('Score Entry'!M20=4,"Excellent",IF('Score Entry'!M20=3,"Good",IF('Score Entry'!M20=2,"Fair","Poor"))) -> Fair | J15: =IF('Score Entry'!O20=4,"Excellent",IF('Score Entry'!O20=3,"Good",IF('Score Entry'!O20=2,"Fair","Poor"))) -> Fair | K15: =IF('Score Entry'!Q20=4,"Excellent",IF('Score Entry'!Q20=3,"Good",IF('Score Entry'!Q20=2,"Fair","Poor"))) -> Fair | L15: ='Score Entry'!S20 -> 53.75 | M15: ='Score Entry'!U20 -> B | N15: =IF('Score Entry'!S20>=90,"Outstanding research — publication-ready contribution; all evaluation criteria met with distinction",IF('Score Entry'!S20>=75,"Excellent research — strong methodology and originality; minor refinements recommended",IF('Score Entry'!S20>=60,"Good research — meets academic standards; strengthen data analysis and contribution sections",IF('Score Entry'!S20>=50,"Satisfactory — research shows potential; significant improvements needed in methodology and writing","Inadequate — thesis requires major revision; research methodology and analysis need complete rework")))) -> Satisfactory — research shows potential; significant improvements needed in methodology and writing
A16: 12 | B16: ='Score Entry'!B21 -> RS012 | C16: ='Score Entry'!C21 -> Meera Joshi | D16: ='Score Entry'!D21 -> M.Tech — Quantum Computing | E16: =IF('Score Entry'!E21=4,"Excellent",IF('Score Entry'!E21=3,"Good",IF('Score Entry'!E21=2,"Fair","Poor"))) -> Fair | F16: =IF('Score Entry'!G21=4,"Excellent",IF('Score Entry'!G21=3,"Good",IF('Score Entry'!G21=2,"Fair","Poor"))) -> Fair | G16: =IF('Score Entry'!I21=4,"Excellent",IF('Score Entry'!I21=3,"Good",IF('Score Entry'!I21=2,"Fair","Poor"))) -> Excellent | H16: =IF('Score Entry'!K21=4,"Excellent",IF('Score Entry'!K21=3,"Good",IF('Score Entry'!K21=2,"Fair","Poor"))) -> Fair | I16: =IF('Score Entry'!M21=4,"Excellent",IF('Score Entry'!M21=3,"Good",IF('Score Entry'!M21=2,"Fair","Poor"))) -> Good | J16: =IF('Score Entry'!O21=4,"Excellent",IF('Score Entry'!O21=3,"Good",IF('Score Entry'!O21=2,"Fair","Poor"))) -> Poor | K16: =IF('Score Entry'!Q21=4,"Excellent",IF('Score Entry'!Q21=3,"Good",IF('Score Entry'!Q21=2,"Fair","Poor"))) -> Poor | L16: ='Score Entry'!S21 -> 58.75 | M16: ='Score Entry'!U21 -> B | N16: =IF('Score Entry'!S21>=90,"Outstanding research — publication-ready contribution; all evaluation criteria met with distinction",IF('Score Entry'!S21>=75,"Excellent research — strong methodology and originality; minor refinements recommended",IF('Score Entry'!S21>=60,"Good research — meets academic standards; strengthen data analysis and contribution sections",IF('Score Entry'!S21>=50,"Satisfactory — research shows potential; significant improvements needed in methodology and writing","Inadequate — thesis requires major revision; research methodology and analysis need complete rework")))) -> Satisfactory — research shows potential; significant improvements needed in methodology and writing
... A29: 25 | B29: ='Score Entry'!B34 -> RS025 | C29: ='Score Entry'!C34 -> Chetan Rao | D29: ='Score Entry'!D34 -> M.Tech — Neuromorphic Computing | E29: =IF('Score Entry'!E34=4,"Excellent",IF('Score Entry'!E34=3,"Good",IF('Score Entry'!E34=2,"Fair","Poor"))) -> Excellent | F29: =IF('Score Entry'!G34=4,"Excellent",IF('Score Entry'!G34=3,"Good",IF('Score Entry'!G34=2,"Fair","Poor"))) -> Excellent | G29: =IF('Score Entry'!I34=4,"Excellent",IF('Score Entry'!I34=3,"Good",IF('Score Entry'!I34=2,"Fair","Poor"))) -> Good | H29: =IF('Score Entry'!K34=4,"Excellent",IF('Score Entry'!K34=3,"Good",IF('Score Entry'!K34=2,"Fair","Poor"))) -> Poor | I29: =IF('Score Entry'!M34=4,"Excellent",IF('Score Entry'!M34=3,"Good",IF('Score Entry'!M34=2,"Fair","Poor"))) -> Good | J29: =IF('Score Entry'!O34=4,"Excellent",IF('Score Entry'!O34=3,"Good",IF('Score Entry'!O34=2,"Fair","Poor"))) -> Poor | K29: =IF('Score Entry'!Q34=4,"Excellent",IF('Score Entry'!Q34=3,"Good",IF('Score Entry'!Q34=2,"Fair","Poor"))) -> Good | L29: ='Score Entry'!S34 -> 66.25 | M29: ='Score Entry'!U34 -> B+ | N29: =IF('Score Entry'!S34>=90,"Outstanding research — publication-ready contribution; all evaluation criteria met with distinction",IF('Score Entry'!S34>=75,"Excellent research — strong methodology and originality; minor refinements recommended",IF('Score Entry'!S34>=60,"Good research — meets academic standards; strengthen data analysis and contribution sections",IF('Score Entry'!S34>=50,"Satisfactory — research shows potential; significant improvements needed in methodology and writing","Inadequate — thesis requires major revision; research methodology and analysis need complete rework")))) -> Good research — meets academic standards; strengthen data analysis and contribution sections

Sheet CO-PO Mapping
A1: THESIS / DISSERTATION — CRITERION TO PO / PSO MAPPING MATRIX
A2: Criterion-to-PO relevance mapping | ✔ = Relevant | Strength shown where mapped
A4: # | B4: Criterion | C4: Weight | D4: Max Mks | E4: Bloom's | F4: PROGRAMME OUTCOMES (PO1–PO12) | R4: PSOs
F5: PO1 | G5: PO2 | H5: PO3 | I5: PO4 | J5: PO5 | K5: PO6 | L5: PO7 | M5: PO8 | N5: PO9 | O5: PO10 | P5: PO11 | Q5: PO12 | R5: PSO1 | S5: PSO2 | T5: PSO3
A6: 1 | B6: Problem Identification | C6: 0.1 | D6: 10 | E6: L3–L4 | F6: ✔ | G6: ✔ | H6: — | I6: — | J6: — | K6: — | L6: — | M6: — | N6: — | O6: — | P6: — | Q6: — | R6: ✔ | S6: — | T6: —
A7: 2 | B7: Literature Review | C7: 0.15 | D7: 15 | E7: L4–L5 | F7: ✔ | G7: ✔ | H7: — | I7: — | J7: — | K7: — | L7: — | M7: — | N7: — | O7: — | P7: — | Q7: ✔ | R7: ✔ | S7: — | T7: —
A8: 3 | B8: Research Methodology | C8: 0.2 | D8: 20 | E8: L4–L5 | F8: — | G8: — | H8: ✔ | I8: ✔ | J8: — | K8: — | L8: — | M8: — | N8: — | O8: — | P8: — | Q8: — | R8: — | S8: ✔ | T8: —
A9: 4 | B9: Data Analysis & Results | C9: 0.2 | D9: 20 | E9: L4–L5 | F9: — | G9: — | H9: — | I9: ✔ | J9: ✔ | K9: — | L9: — | M9: — | N9: — | O9: — | P9: — | Q9: — | R9: — | S9: ✔ | T9: —
A10: 5 | B10: Originality & Contribution | C10: 0.15 | D10: 15 | E10: L5–L6 | F10: — | G10: — | H10: ✔ | I10: — | J10: — | K10: — | L10: — | M10: — | N10: — | O10: — | P10: — | Q10: ✔ | R10: ✔ | S10: — | T10: —
A11: 6 | B11: Technical Writing Quality | C11: 0.1 | D11: 10 | E11: L3–L4 | F11: — | G11: — | H11: — | I11: — | J11: — | K11: — | L11: — | M11: — | N11: — | O11: ✔ | P11: — | Q11: — | R11: — | S11: — | T11: ✔
A12: 7 | B12: Presentation & Defense | C12: 0.1 | D12: 10 | E12: L4–L5 | F12: — | G12: — | H12: — | I12: — | J12: — | K12: — | L12: — | M12: — | N12: ✔ | O12: ✔ | P12: — | Q12: — | R12: — | S12: — | T12: ✔
